{
  "credibility": 0.95,
  "hdi_lower": [
    -0.9972657746722864,
    -0.9863298807069629,
    -0.997799358538292,
    0.11581088684809071,
    0.20255551296531293,
    1.000351675006312,
    0.0,
    -0.9767595417888569,
    0.004323487720767183,
    0.003921388603074782,
    -0.9160309738896185,
    -0.8621735231813794,
    0.0,
    0.0,
    -0.9549741057012235,
    0.015327226419194928,
    0.0,
    0.0,
    -2.9996950038748293,
    -0.8240314193773517
  ],
  "hdi_upper": [
    0.8474247704576481,
    0.8788479897656045,
    0.8449640364845616,
    2.9303014330567265,
    2.9971972930221153,
    1.4978867389401174,
    0.0,
    0.8318692207490357,
    2.78858182696759,
    1.025628609831255,
    0.9884282605108252,
    0.9941945842336963,
    0.0,
    0.0,
    0.9522584407156875,
    0.19840753110436557,
    0.0,
    0.0,
    -0.14704723678455256,
    0.9982183439346783
  ],
  "et_lower": [
    -0.9361233827725678,
    -0.9503581673012138,
    -0.9529619452115463,
    0.07921115622146294,
    0.13361869803740853,
    1.0103715304222154,
    0.0,
    -0.944340298005345,
    0.06340538485975872,
    0.014787522488976742,
    -0.950185305076529,
    -0.9189508850748958,
    0.0,
    0.0,
    -0.9534133592113759,
    0.011420374655847018,
    0.0,
    0.0,
    -2.9606915489451584,
    -0.8991729102092926
  ],
  "et_upper": [
    0.9103303636508235,
    0.9322957268604094,
    0.9252189428512331,
    2.9089897407874976,
    2.976195369250782,
    1.6055618613155562,
    0.0,
    0.9343533005195802,
    2.922073301853626,
    1.5445821546684708,
    0.9534534886220944,
    0.9532485680939291,
    0.0,
    0.0,
    0.9594563580071791,
    0.19591050151221678,
    0.0,
    0.0,
    -0.03716703505521999,
    0.9543520302859728
  ],
  "median": [
    -0.21850984503959292,
    0.03494743939510425,
    -0.02896960439407803,
    1.4663069818957102,
    1.5024437793686318,
    1.1878474670699513,
    0.0,
    -0.11534631343879437,
    1.2887114854424668,
    0.34537952698768437,
    -0.12288612359576273,
    0.1275867283135056,
    0.0,
    0.0,
    0.1342580561620731,
    0.12363813329485174,
    0.0,
    0.0,
    -1.5316245520430425,
    0.04333701662019818
  ],
  "param_names": [
    "a11",
    "a12",
    "a22",
    "b1",
    "b2",
    "a33",
    "a44",
    "b3",
    "b4",
    "a13",
    "a14",
    "a55",
    "b5",
    "a35",
    "a45"
  ]
}
