{
  "MAP": {
    "n_obs": 6,
    "n_species": 5,
    "rmse_per_species": [
      0.02924316394550751,
      0.030220495089939896,
      0.21699912406740912,
      0.026376276016978072,
      0.11218309936787982
    ],
    "mae_per_species": [
      0.02615686037707593,
      0.021045346481585996,
      0.21517236759663338,
      0.019379917304521394,
      0.06997612841519789
    ],
    "rmse_total": 0.11147898145153207,
    "mae_total": 0.07034612403500291,
    "max_abs": 0.26461236975294916,
    "estimate_type": "MAP"
  },
  "Mean": {
    "n_obs": 6,
    "n_species": 5,
    "rmse_per_species": [
      0.02065204721251438,
      0.023235396144607727,
      0.1658328090478014,
      0.055784467520349365,
      0.09311712760219228
    ],
    "mae_per_species": [
      0.016481783922367127,
      0.015438637124215724,
      0.15119681686349856,
      0.039384151988353606,
      0.07941561435789374
    ],
    "rmse_total": 0.08972136592156989,
    "mae_total": 0.06038340085126575,
    "max_abs": 0.22375097229283372,
    "estimate_type": "Mean"
  },
  "species_names": [
    "S. oralis",
    "A. naeslundii",
    "V. dispar",
    "F. nucleatum",
    "P. gingivalis"
  ]
}
