{
  "elapsed_time": 8618.144345998764,
  "converged": [
    true,
    true
  ],
  "MAP": [
    -0.47005553517503507,
    -0.30906696982798953,
    -0.5089557452756138,
    1.466215979866771,
    2.5022802660134484,
    1.107637594800634,
    0.0,
    -0.3903660050682609,
    1.6560223805278125,
    0.17000280806489146,
    -0.6707138736832131,
    0.5495126107309991,
    0.0,
    0.0,
    0.97837001394105,
    0.06052740935305372,
    0.0,
    0.0,
    -0.3925246578616206,
    0.9262464814178477
  ],
  "mean": [
    -0.1759384469270449,
    0.020333559559027846,
    -0.03168253272800721,
    1.4830986120280714,
    1.4979638076253696,
    1.2247442672011577,
    0.0,
    -0.08403933414643773,
    1.3557751347538236,
    0.41553247728222537,
    -0.06631016612446594,
    0.08132324695333625,
    0.0,
    0.0,
    0.10407167535764072,
    0.11494193164686652,
    0.0,
    0.0,
    -1.5174610696238922,
    0.07361019978626816
  ]
}
