{
  "theta_sub": [
    -0.1759384469270449,
    0.020333559559027846,
    -0.03168253272800721,
    1.4830986120280714,
    1.4979638076253696,
    1.2247442672011577,
    -0.08403933414643773,
    1.3557751347538236,
    0.41553247728222537,
    -0.06631016612446594,
    0.08132324695333625,
    0.10407167535764072,
    0.11494193164686652,
    -1.5174610696238922,
    0.07361019978626816
  ],
  "theta_full": [
    -0.1759384469270449,
    0.020333559559027846,
    -0.03168253272800721,
    1.4830986120280714,
    1.4979638076253696,
    1.2247442672011577,
    0.0,
    -0.08403933414643773,
    1.3557751347538236,
    0.41553247728222537,
    -0.06631016612446594,
    0.08132324695333625,
    0.0,
    0.0,
    0.10407167535764072,
    0.11494193164686652,
    0.0,
    0.0,
    -1.5174610696238922,
    0.07361019978626816
  ],
  "active_indices": [
    0,
    1,
    2,
    3,
    4,
    5,
    7,
    8,
    9,
    10,
    11,
    14,
    15,
    18,
    19
  ]
}
