{
  "theta_sub": [
    -0.47005553517503507,
    -0.30906696982798953,
    -0.5089557452756138,
    1.466215979866771,
    2.5022802660134484,
    1.107637594800634,
    -0.3903660050682609,
    1.6560223805278125,
    0.17000280806489146,
    -0.6707138736832131,
    0.5495126107309991,
    0.97837001394105,
    0.06052740935305372,
    -0.3925246578616206,
    0.9262464814178477
  ],
  "theta_full": [
    -0.47005553517503507,
    -0.30906696982798953,
    -0.5089557452756138,
    1.466215979866771,
    2.5022802660134484,
    1.107637594800634,
    0.0,
    -0.3903660050682609,
    1.6560223805278125,
    0.17000280806489146,
    -0.6707138736832131,
    0.5495126107309991,
    0.0,
    0.0,
    0.97837001394105,
    0.06052740935305372,
    0.0,
    0.0,
    -0.3925246578616206,
    0.9262464814178477
  ],
  "active_indices": [
    0,
    1,
    2,
    3,
    4,
    5,
    7,
    8,
    9,
    10,
    11,
    14,
    15,
    18,
    19
  ]
}
