{
  "credibility": 0.95,
  "hdi_lower": [
    0.003345603913444961,
    -0.49860256476465814,
    0.00018813019791230623,
    0.14557153589121707,
    0.0027873538697722466,
    0.017695505278958024,
    -0.2716382706969319,
    0.022054637376462072,
    0.11201707286551965,
    0.0044903866802430414,
    -2.585574792456633,
    -0.4637065700088847,
    2.2173014242826508,
    -0.4473335507344993,
    0.05391760965163603,
    0.010539939845936597,
    -0.4943595036710082,
    -0.31381975987715593,
    0.2224506326500132,
    0.0005103149109837446
  ],
  "hdi_upper": [
    4.6690409730712865,
    2.725719848331891,
    4.265332750840189,
    2.9659111403214666,
    2.840995047447089,
    4.329367215340756,
    2.996587305267836,
    4.420990969561531,
    4.796499283851595,
    2.8266532194723033,
    2.9842373894887073,
    2.759566806858285,
    4.999755999573023,
    2.873535587770846,
    4.726239764421381,
    0.4792581011312058,
    2.8264704761466892,
    2.992280436250269,
    4.9176692416360375,
    4.601041319375803
  ],
  "et_lower": [
    0.09958248679588631,
    -0.4407745985554499,
    0.08567580996581711,
    0.09717367461142001,
    0.059934995111061845,
    0.19064002233804092,
    -0.3840840050691928,
    0.11203449722945054,
    0.12443595593866241,
    0.05900094462048649,
    -2.745553035229312,
    -0.4190515241710346,
    1.7467040930555802,
    -0.4329970362003777,
    0.12944363937447415,
    0.013858198813128313,
    -0.4260566983446471,
    -0.4195267564767176,
    0.1273921694273117,
    0.05583581955413171
  ],
  "et_upper": [
    4.845888226929689,
    2.8286405266892083,
    4.533601592240476,
    2.9350285847088755,
    2.9235202953125703,
    4.612690637910237,
    2.9359691108548263,
    4.683141990024058,
    4.812846533080934,
    2.8976316662393575,
    2.933747255609758,
    2.865935369435964,
    4.964714564020326,
    2.8947786465564063,
    4.8378346554240395,
    0.4829895362731244,
    2.907201240088389,
    2.908948355548289,
    4.866059321017513,
    4.77393457239551
  ],
  "median": [
    2.165350163646022,
    1.0261027215785699,
    1.5414880779232176,
    1.419822118180265,
    1.4999124088999503,
    2.1309953157372883,
    1.7213920213207405,
    1.869611299312818,
    2.669957734981051,
    1.5146407450620845,
    0.6970106524213144,
    1.0993420470152704,
    4.144378635204378,
    1.173642493422718,
    2.638611576654225,
    0.24700380290187052,
    1.203117869832473,
    1.3072088602781835,
    2.8004235296376265,
    2.093921238083526
  ],
  "param_names": [
    "a11",
    "a12",
    "a22",
    "b1",
    "b2",
    "a33",
    "a34",
    "a44",
    "b3",
    "b4",
    "a13",
    "a14",
    "a23",
    "a24",
    "a55",
    "b5",
    "a15",
    "a25",
    "a35",
    "a45"
  ]
}