{
  "MAP": {
    "n_obs": 6,
    "n_species": 5,
    "rmse_per_species": [
      0.032665340679657734,
      0.10545290609794125,
      0.25017539460392724,
      0.08705458546856838,
      0.17738933422214218
    ],
    "mae_per_species": [
      0.027444507321186255,
      0.09204455261259664,
      0.22980869088412179,
      0.07431635532801699,
      0.1588300728280747
    ],
    "rmse_total": 0.15087779472031607,
    "mae_total": 0.1164888357947993,
    "max_abs": 0.3737964498168318,
    "estimate_type": "MAP"
  },
  "Mean": {
    "n_obs": 6,
    "n_species": 5,
    "rmse_per_species": [
      0.03094974201387661,
      0.17054887489456522,
      0.29258630964769694,
      0.08718391687216602,
      0.11327838885228973
    ],
    "mae_per_species": [
      0.024362869242077503,
      0.15428935286467224,
      0.2722532759017004,
      0.07330493569783575,
      0.08637899740863868
    ],
    "rmse_total": 0.1649755027838551,
    "mae_total": 0.1221178862229849,
    "max_abs": 0.3803493780426094,
    "estimate_type": "Mean"
  },
  "species_names": [
    "S. oralis",
    "A. naeslundii",
    "V. dispar",
    "F. nucleatum",
    "P. gingivalis"
  ]
}