{
  "elapsed_time": 265919.4261329174,
  "converged": [
    true
  ],
  "MAP": [
    3.676156690824853,
    -0.0293401628247687,
    0.6186681032865138,
    2.89166040560103,
    2.338771861670125,
    0.38505735385626166,
    2.5341495063586077,
    3.908304785891945,
    3.1539398608826774,
    2.372914977909792,
    2.5897429695650604,
    0.10613841235157828,
    4.653916110872961,
    1.126358489012913,
    0.672864032005928,
    0.4113676554377386,
    1.098771495520124,
    1.7154583375745558,
    4.500084415413279,
    0.8071497412840457
  ],
  "mean": [
    2.2670022547517754,
    1.0864811595976298,
    1.7267497933782687,
    1.4633721605407408,
    1.4928075772003289,
    2.180645856388703,
    1.55814838729995,
    2.0554996215855157,
    2.5641206159466203,
    1.5103507416193633,
    0.45284539929606976,
    1.168270222340726,
    3.934965877800111,
    1.1856094378148985,
    2.549527581548964,
    0.24498856314981537,
    1.2109052693266908,
    1.2960059409644444,
    2.7004435443584036,
    2.1999885824585004
  ]
}