{
  "theta_sub": [
    3.676156690824853,
    -0.0293401628247687,
    0.6186681032865138,
    2.89166040560103,
    2.338771861670125,
    0.38505735385626166,
    2.5341495063586077,
    3.908304785891945,
    3.1539398608826774,
    2.372914977909792,
    2.5897429695650604,
    0.10613841235157828,
    4.653916110872961,
    1.126358489012913,
    0.672864032005928,
    0.4113676554377386,
    1.098771495520124,
    1.7154583375745558,
    4.500084415413279,
    0.8071497412840457
  ],
  "theta_full": [
    3.676156690824853,
    -0.0293401628247687,
    0.6186681032865138,
    2.89166040560103,
    2.338771861670125,
    0.38505735385626166,
    2.5341495063586077,
    3.908304785891945,
    3.1539398608826774,
    2.372914977909792,
    2.5897429695650604,
    0.10613841235157828,
    4.653916110872961,
    1.126358489012913,
    0.672864032005928,
    0.4113676554377386,
    1.098771495520124,
    1.7154583375745558,
    4.500084415413279,
    0.8071497412840457
  ],
  "active_indices": [
    0,
    1,
    2,
    3,
    4,
    5,
    6,
    7,
    8,
    9,
    10,
    11,
    12,
    13,
    14,
    15,
    16,
    17,
    18,
    19
  ]
}