{
  "theta_sub": [
    2.2670022547517754,
    1.0864811595976298,
    1.7267497933782687,
    1.4633721605407408,
    1.4928075772003289,
    2.180645856388703,
    1.55814838729995,
    2.0554996215855157,
    2.5641206159466203,
    1.5103507416193633,
    0.45284539929606976,
    1.168270222340726,
    3.934965877800111,
    1.1856094378148985,
    2.549527581548964,
    0.24498856314981537,
    1.2109052693266908,
    1.2960059409644444,
    2.7004435443584036,
    2.1999885824585004
  ],
  "theta_full": [
    2.2670022547517754,
    1.0864811595976298,
    1.7267497933782687,
    1.4633721605407408,
    1.4928075772003289,
    2.180645856388703,
    1.55814838729995,
    2.0554996215855157,
    2.5641206159466203,
    1.5103507416193633,
    0.45284539929606976,
    1.168270222340726,
    3.934965877800111,
    1.1856094378148985,
    2.549527581548964,
    0.24498856314981537,
    1.2109052693266908,
    1.2960059409644444,
    2.7004435443584036,
    2.1999885824585004
  ],
  "active_indices": [
    0,
    1,
    2,
    3,
    4,
    5,
    6,
    7,
    8,
    9,
    10,
    11,
    12,
    13,
    14,
    15,
    16,
    17,
    18,
    19
  ]
}