{
  "genera": [
    "So",
    "An",
    "Vd",
    "Fn",
    "Pg"
  ],
  "offsets": {
    "CS": {
      "invitro": {
        "So": 0.0647,
        "An": 0.7417,
        "Vd": 0.0645,
        "Fn": 0.0705,
        "Pg": 0.0585
      },
      "invivo": {
        "So": 0.0943,
        "An": 0.0905,
        "Vd": 0.0922,
        "Fn": 0.0892,
        "Pg": 0.6338
      },
      "delta_So": 0.029625231727326395
    },
    "CH": {
      "invitro": {
        "So": 0.0553,
        "An": 0.8024,
        "Vd": 0.0454,
        "Fn": 0.0472,
        "Pg": 0.0497
      },
      "invivo": {
        "So": 0.0943,
        "An": 0.0905,
        "Vd": 0.0922,
        "Fn": 0.0892,
        "Pg": 0.6338
      },
      "delta_So": 0.038969842928168616
    },
    "DH": {
      "invitro": {
        "So": 0.8492,
        "An": 0.0454,
        "Vd": 0.0486,
        "Fn": 0.0238,
        "Pg": 0.0331
      },
      "invivo": {
        "So": 0.6897,
        "An": 0.0821,
        "Vd": 0.0809,
        "Fn": 0.0764,
        "Pg": 0.0709
      },
      "delta_So": -0.1594721152138785
    },
    "DS": {
      "invitro": {
        "So": 0.6996,
        "An": 0.072,
        "Vd": 0.0713,
        "Fn": 0.0798,
        "Pg": 0.0773
      },
      "invivo": {
        "So": 0.6897,
        "An": 0.0821,
        "Vd": 0.0809,
        "Fn": 0.0764,
        "Pg": 0.0709
      },
      "delta_So": -0.009943516272682529
    }
  },
  "invivo_centroids": [
    [
      0.6896908219618629,
      0.08212623761002785,
      0.08086771851908048,
      0.07641381940240595,
      0.07090140250662263
    ],
    [
      0.09028697564541505,
      0.08921501790857804,
      0.08731151633499863,
      0.6541046840015978,
      0.07908180610941057
    ],
    [
      0.09431197785399636,
      0.09053281991507953,
      0.09222207435272597,
      0.08916340355163656,
      0.6337697243265614
    ],
    [
      0.08906865342101333,
      0.08375312561077919,
      0.6695149148585925,
      0.08138399166738298,
      0.07627931444223213
    ]
  ]
}