{
  "credibility": 0.95,
  "hdi_lower": [
    0.015823631104025182,
    -0.35174658753573895,
    0.0010908106739051515,
    0.02269253818557715,
    0.011799915124979243,
    1.659975824686022e-06,
    -0.31681995615312575,
    0.0015189561428989862,
    0.22387670875348287,
    0.015341166987887789,
    -2.5360573913211546,
    -0.4873142255575098,
    2.200383693477499,
    -0.3243103954572373,
    0.08226482606235663,
    0.006660271947820595,
    -0.4988468878609734,
    -0.47095487299791605,
    0.34661687129259733,
    0.004128121495050152
  ],
  "hdi_upper": [
    4.611724551948268,
    2.9425135512858422,
    4.002611192698252,
    2.86993574393889,
    2.813462258674387,
    4.004451466636138,
    2.991228864270399,
    4.477385937708928,
    4.943395653061458,
    2.842275416153952,
    2.9998746072094775,
    2.7161547104556445,
    4.997272523938939,
    2.999027369747911,
    4.683327389531739,
    0.47816226725873595,
    2.8031481564001455,
    2.81695784807465,
    4.9731191874058505,
    4.489391713814575
  ],
  "et_lower": [
    0.08396440333532601,
    -0.3861384358217825,
    0.08747038166976476,
    0.06168947493208362,
    0.05681775177386443,
    0.10552148281056081,
    -0.3934616216437028,
    0.0878429424813322,
    0.15937998208832072,
    0.06982454891997168,
    -2.811494737294989,
    -0.4386885954751176,
    1.8009543705833977,
    -0.40827295418745196,
    0.11211194584439801,
    0.012879011788372849,
    -0.46428179880248943,
    -0.4203719340404385,
    0.18240643348627716,
    0.041951004412247056
  ],
  "et_upper": [
    4.741713437177936,
    2.9240554362859874,
    4.401018132130332,
    2.9440986218322043,
    2.922051859069611,
    4.289472145182935,
    2.9514192478047687,
    4.657116497176443,
    4.885708360604304,
    2.905672134768851,
    2.938432919410875,
    2.856098414105615,
    4.9566462971243395,
    2.934457360108618,
    4.7787599442731,
    0.488388036098927,
    2.8956903877119715,
    2.898463977521915,
    4.896862302391956,
    4.718827746816002
  ],
  "median": [
    1.704953476742593,
    1.3416524007018582,
    1.3721057215184178,
    1.4336180016550288,
    1.3873738784066698,
    1.6595858981363052,
    1.5628844246712583,
    1.8035189479773055,
    2.620916050184433,
    1.5144378023913436,
    1.1756116344123937,
    0.9636425927116073,
    3.979920026974025,
    1.451553472205127,
    2.1267097320458914,
    0.2774375140083702,
    1.0601584968013,
    0.9917020059252296,
    2.8829128587765744,
    1.687345249982915
  ],
  "param_names": [
    "a11",
    "a12",
    "a22",
    "b1",
    "b2",
    "a33",
    "a34",
    "a44",
    "b3",
    "b4",
    "a13",
    "a14",
    "a23",
    "a24",
    "a55",
    "b5",
    "a15",
    "a25",
    "a35",
    "a45"
  ]
}