{
  "MAP": {
    "n_obs": 6,
    "n_species": 5,
    "rmse_per_species": [
      0.03503687686356861,
      0.12519225104510473,
      0.26162419037164397,
      0.11182602800450246,
      0.055449977689858695
    ],
    "mae_per_species": [
      0.028913216028005593,
      0.11302195312083836,
      0.23881158558534119,
      0.10083471334522676,
      0.04834121064091202
    ],
    "rmse_total": 0.14207579668246187,
    "mae_total": 0.10598453574406477,
    "max_abs": 0.380493465897127,
    "estimate_type": "MAP"
  },
  "Mean": {
    "n_obs": 6,
    "n_species": 5,
    "rmse_per_species": [
      0.031134345029189384,
      0.1909610530170126,
      0.2829361586804856,
      0.08800804578735813,
      0.10286693678580797
    ],
    "mae_per_species": [
      0.025195607605444176,
      0.17137715212246504,
      0.2616232248024526,
      0.07523148795948886,
      0.07849567221847835
    ],
    "rmse_total": 0.16481223492546723,
    "mae_total": 0.12238462894166582,
    "max_abs": 0.38076092615974577,
    "estimate_type": "Mean"
  },
  "species_names": [
    "S. oralis",
    "A. naeslundii",
    "V. dispar",
    "F. nucleatum",
    "P. gingivalis"
  ]
}