{
  "elapsed_time": 286604.77897691727,
  "converged": [
    true
  ],
  "MAP": [
    1.648415502162606,
    1.9934888662621892,
    0.7919959159393994,
    0.02409508533029303,
    0.9656487107446878,
    0.6042650242419201,
    2.5727315226495024,
    0.012177919232047751,
    2.527696394924495,
    2.6222509273537344,
    2.446538529193944,
    -0.3160774144884948,
    2.229026051108886,
    2.64521428232207,
    0.6985173070847441,
    0.09711977511575487,
    -0.377131094025576,
    0.6125952421239156,
    2.831243236631821,
    1.1672545504161533
  ],
  "mean": [
    2.0270271323473827,
    1.289923872824351,
    1.6345186709404342,
    1.465201715048898,
    1.4633104442689537,
    1.8383951135486756,
    1.4640021872718663,
    1.9786914738081969,
    2.597033154787167,
    1.511153113737962,
    0.718310235680816,
    1.0633660873838493,
    3.8175957746464535,
    1.3639746292400639,
    2.2409064266869425,
    0.2676530777144982,
    1.122264342183133,
    1.1299407160173058,
    2.7381576778657495,
    1.8821498661251312
  ]
}