{
  "theta_sub": [
    1.648415502162606,
    1.9934888662621892,
    0.7919959159393994,
    0.02409508533029303,
    0.9656487107446878,
    0.6042650242419201,
    2.5727315226495024,
    0.012177919232047751,
    2.527696394924495,
    2.6222509273537344,
    2.446538529193944,
    -0.3160774144884948,
    2.229026051108886,
    2.64521428232207,
    0.6985173070847441,
    0.09711977511575487,
    -0.377131094025576,
    0.6125952421239156,
    2.831243236631821,
    1.1672545504161533
  ],
  "theta_full": [
    1.648415502162606,
    1.9934888662621892,
    0.7919959159393994,
    0.02409508533029303,
    0.9656487107446878,
    0.6042650242419201,
    2.5727315226495024,
    0.012177919232047751,
    2.527696394924495,
    2.6222509273537344,
    2.446538529193944,
    -0.3160774144884948,
    2.229026051108886,
    2.64521428232207,
    0.6985173070847441,
    0.09711977511575487,
    -0.377131094025576,
    0.6125952421239156,
    2.831243236631821,
    1.1672545504161533
  ],
  "active_indices": [
    0,
    1,
    2,
    3,
    4,
    5,
    6,
    7,
    8,
    9,
    10,
    11,
    12,
    13,
    14,
    15,
    16,
    17,
    18,
    19
  ]
}