{
  "theta_sub": [
    2.0270271323473827,
    1.289923872824351,
    1.6345186709404342,
    1.465201715048898,
    1.4633104442689537,
    1.8383951135486756,
    1.4640021872718663,
    1.9786914738081969,
    2.597033154787167,
    1.511153113737962,
    0.718310235680816,
    1.0633660873838493,
    3.8175957746464535,
    1.3639746292400639,
    2.2409064266869425,
    0.2676530777144982,
    1.122264342183133,
    1.1299407160173058,
    2.7381576778657495,
    1.8821498661251312
  ],
  "theta_full": [
    2.0270271323473827,
    1.289923872824351,
    1.6345186709404342,
    1.465201715048898,
    1.4633104442689537,
    1.8383951135486756,
    1.4640021872718663,
    1.9786914738081969,
    2.597033154787167,
    1.511153113737962,
    0.718310235680816,
    1.0633660873838493,
    3.8175957746464535,
    1.3639746292400639,
    2.2409064266869425,
    0.2676530777144982,
    1.122264342183133,
    1.1299407160173058,
    2.7381576778657495,
    1.8821498661251312
  ],
  "active_indices": [
    0,
    1,
    2,
    3,
    4,
    5,
    6,
    7,
    8,
    9,
    10,
    11,
    12,
    13,
    14,
    15,
    16,
    17,
    18,
    19
  ]
}