model,chain,stage,beta,beta_next,delta_beta,ess,ess_target,accept_rate,logL_min,logL_max,linearization_enabled,rom_error_pre,rom_error_post,delta_theta0
Commensal_HOBIC,1,1,0.0,0.5,0.5,25.000000009534595,25.0,0.612,16.91216496857886,24.449138579155075,0,nan,nan,nan
Commensal_HOBIC,1,2,0.5,0.9999999850988388,0.4999999850988388,42.5950603599092,25.0,0.724,22.030171597148527,24.35242311307555,0,nan,nan,nan
Commensal_HOBIC,1,3,0.9999999850988388,1.0,1.4901161193847656e-08,49.99999999999998,25.0,0.68,22.62017029799636,24.386756882078146,0,0.0,nan,9.466903446902803
