{
  "agora_version": "v1.03",
  "lb_open": -20.0,
  "So_normalization": {
    "mu_max_open_So": 31.85348690087422,
    "scale": 0.015697
  },
  "species": {
    "So": {
      "mu_max_open": 31.8535,
      "Y_gem": 0.0515,
      "mu_max_fixed": 0.1,
      "q_sat_gem": 0.9541,
      "mu0_bg": 0.0042,
      "secretion": {
        "EX_3mop(e)": 0.4369,
        "EX_ac(e)": 50.0,
        "EX_acgam(e)": 2.0,
        "EX_ade(e)": 1.759,
        "EX_dcyt(e)": 1.9374,
        "EX_etoh(e)": 2.1502,
        "EX_for(e)": 50.0,
        "EX_glc_D(e)": 1.0,
        "EX_glu_L(e)": 4.1531,
        "EX_gly(e)": 6.9597,
        "EX_glyc(e)": 28.9785,
        "EX_gua(e)": 1.0,
        "EX_his_L(e)": 0.8695,
        "EX_leu_L(e)": 1.3142,
        "EX_malt(e)": 1.0,
        "EX_met_L(e)": 1.8066,
        "EX_nac(e)": 0.9747,
        "EX_nh4(e)": 19.7966,
        "EX_phe_L(e)": 0.7194,
        "EX_ppa(e)": 15.9669,
        "EX_succ(e)": 17.7637,
        "EX_tyr_L(e)": 0.8231
      },
      "primary_substrate": "EX_glc_D(e)",
      "yield_scan": {
        "lb": [
          0.0,
          0.75,
          1.5,
          2.25,
          3.0,
          3.75,
          4.5,
          5.25,
          6.0,
          6.75,
          7.5,
          8.25,
          9.0,
          9.75,
          10.5,
          11.25,
          12.0,
          12.75,
          13.5,
          14.25,
          15.0
        ],
        "mu": [
          0.0042195389247535195,
          0.07966669465276006,
          0.09999999999999991,
          0.10000000000000007,
          0.10000000000000007,
          0.10000000000000014,
          0.10000000000000014,
          0.10000000000000014,
          0.10000000000000014,
          0.10000000000000014,
          0.10000000000000014,
          0.10000000000000014,
          0.10000000000000014,
          0.10000000000000014,
          0.10000000000000014,
          0.10000000000000014,
          0.10000000000000014,
          0.10000000000000014,
          0.10000000000000014,
          0.10000000000000014,
          0.10000000000000014
        ],
        "q": [
          0.0,
          0.75,
          0.9541253225000031,
          1.0940212220833416,
          1.0940212220833403,
          1.0940212220833385,
          1.0940212220833385,
          1.0940212220833385,
          1.0940212220833385,
          1.0940212220833385,
          1.0940212220833385,
          1.0940212220833385,
          1.0940212220833385,
          1.0940212220833385,
          1.0940212220833385,
          1.0940212220833385,
          1.0940212220833385,
          1.0940212220833385,
          1.0940212220833385,
          1.0940212220833385,
          1.0940212220833385
        ]
      },
      "mu_max_normalized": 0.5
    },
    "An": {
      "mu_max_open": 31.8153,
      "Y_gem": 0.0,
      "mu_max_fixed": 0.1,
      "q_sat_gem": 0.0,
      "mu0_bg": 0.1,
      "secretion": {
        "EX_ac(e)": 16.6353,
        "EX_ala_D(e)": 1.1999,
        "EX_for(e)": 16.3705,
        "EX_glu_L(e)": 0.2238,
        "EX_gly(e)": 2.4579,
        "EX_ile_L(e)": 1.0086,
        "EX_leu_L(e)": 0.4028,
        "EX_lys_L(e)": 0.5061,
        "EX_no2(e)": 1.0,
        "EX_orn(e)": 0.5977,
        "EX_phe_L(e)": 0.5622,
        "EX_succ(e)": 10.7084,
        "EX_val_L(e)": 12.3247
      },
      "primary_substrate": "EX_glc_D(e)",
      "yield_scan": {
        "lb": [
          0.0,
          0.75,
          1.5,
          2.25,
          3.0,
          3.75,
          4.5,
          5.25,
          6.0,
          6.75,
          7.5,
          8.25,
          9.0,
          9.75,
          10.5,
          11.25,
          12.0,
          12.75,
          13.5,
          14.25,
          15.0
        ],
        "mu": [
          0.10000000000000002,
          0.10000000000000003,
          0.09999999999999991,
          0.10000000000000049,
          0.10000000000000048,
          0.10000000000000048,
          0.10000000000000048,
          0.10000000000000048,
          0.10000000000000048,
          0.10000000000000048,
          0.10000000000000048,
          0.10000000000000048,
          0.10000000000000048,
          0.10000000000000048,
          0.10000000000000048,
          0.10000000000000048,
          0.10000000000000048,
          0.10000000000000048,
          0.10000000000000048,
          0.10000000000000048,
          0.10000000000000048
        ],
        "q": [
          0.0,
          0.0,
          0.0,
          0.0,
          0.0,
          0.0,
          0.0,
          0.0,
          0.0,
          0.0,
          0.0,
          0.0,
          0.0,
          0.0,
          0.0,
          0.0,
          0.0,
          0.0,
          0.0,
          0.0,
          0.0
        ]
      },
      "mu_max_normalized": 0.4994
    },
    "Vp": {
      "mu_max_open": 9.8286,
      "Y_gem": 0.0,
      "mu_max_fixed": 0.1,
      "q_sat_gem": 0.0,
      "mu0_bg": 0.1,
      "secretion": {
        "EX_ac(e)": 10.2953,
        "EX_adn(e)": 0.0117,
        "EX_for(e)": 2.1377,
        "EX_leu_L(e)": 0.7884,
        "EX_n2o(e)": 0.5,
        "EX_nh4(e)": 9.0861,
        "EX_no2(e)": 1.0,
        "EX_phe_L(e)": 1.6289,
        "EX_pi(e)": 0.3896,
        "EX_ppa(e)": 11.5681,
        "EX_pro_L(e)": 0.0361,
        "EX_ptrc(e)": 0.2039
      },
      "primary_substrate": "EX_lac_L(e)",
      "yield_scan": {
        "lb": [
          0.0,
          0.75,
          1.5,
          2.25,
          3.0,
          3.75,
          4.5,
          5.25,
          6.0,
          6.75,
          7.5,
          8.25,
          9.0,
          9.75,
          10.5,
          11.25,
          12.0,
          12.75,
          13.5,
          14.25,
          15.0
        ],
        "mu": [
          0.10000000000000003,
          0.10000000000000003,
          0.10000000000000003,
          0.10000000000000003,
          0.10000000000000003,
          0.10000000000000003,
          0.10000000000000003,
          0.10000000000000003,
          0.10000000000000003,
          0.10000000000000003,
          0.10000000000000003,
          0.10000000000000003,
          0.10000000000000003,
          0.10000000000000003,
          0.10000000000000003,
          0.10000000000000003,
          0.10000000000000003,
          0.10000000000000003,
          0.10000000000000003,
          0.10000000000000003,
          0.10000000000000003
        ],
        "q": [
          0.0,
          0.0,
          0.0,
          0.0,
          0.0,
          0.0,
          0.0,
          0.0,
          0.0,
          0.0,
          0.0,
          0.0,
          0.0,
          0.0,
          0.0,
          0.0,
          0.0,
          0.0,
          0.0,
          0.0,
          0.0
        ]
      },
      "mu_max_normalized": 0.1543
    },
    "Fn": {
      "mu_max_open": 14.4427,
      "Y_gem": 0.0,
      "mu_max_fixed": 0.1,
      "q_sat_gem": 0.0,
      "mu0_bg": 0.1,
      "secretion": {
        "EX_ac(e)": 1.3763,
        "EX_ade(e)": 0.7879,
        "EX_but(e)": 11.1912,
        "EX_dgsn(e)": 0.8915,
        "EX_for(e)": 1.8632,
        "EX_h2s(e)": 0.9428,
        "EX_indole(e)": 0.9659,
        "EX_nh4(e)": 15.4202,
        "EX_phenol(e)": 0.9129,
        "EX_ppa(e)": 3.6137,
        "EX_succ(e)": 6.8707
      },
      "primary_substrate": "EX_glc_D(e)",
      "yield_scan": {
        "lb": [
          0.0,
          0.75,
          1.5,
          2.25,
          3.0,
          3.75,
          4.5,
          5.25,
          6.0,
          6.75,
          7.5,
          8.25,
          9.0,
          9.75,
          10.5,
          11.25,
          12.0,
          12.75,
          13.5,
          14.25,
          15.0
        ],