{
  "condition": "diseased",
  "n_params": 10,
  "param_names": [
    "\u03bc_max_So",
    "\u03bc_max_An",
    "\u03bc_max_Vp",
    "\u03bc_max_Fn",
    "\u03bc_max_Pg",
    "Km_So",
    "Km_An",
    "Km_Vp",
    "Km_Fn",
    "Km_Pg"
  ],
  "theta_nominal": [
    0.5,
    0.35,
    0.4,
    0.32,
    0.2,
    0.05,
    0.08,
    0.15,
    0.12,
    0.08
  ],
  "n_obs": 6,
  "selected_cycles": [
    1655,
    985,
    5314,
    1121,
    4668,
    1277
  ],
  "selected_times_h": [
    16.55,
    9.85,
    53.14,
    11.21,
    46.68,
    12.77
  ],
  "logdet_F_progression": [
    -253.4541439932349,
    -229.19762302126085,
    -226.11716727638742,
    -224.27187636582497,
    -222.92572997833764,
    -221.77070369365796
  ],
  "logdet_F_final": -221.77070369365796,
  "noise_cv": 0.1
}