{
  "theta_full": [
    1.536236640466116,
    1.3880556313842831,
    1.9197954201188194,
    2.150483767115132,
    2.2316741803232696,
    1.0296774349511466,
    1.0417656712645311,
    1.623797304470055,
    2.7544371454844288,
    0.5935035606458788,
    1.847419819245041,
    1.4271288753237532,
    2.6944938956805666,
    1.0717506611299759,
    2.6218711407667232,
    1.8829404991239027,
    0.7970839320495732,
    2.0153274210891707,
    1.3656251356446887,
    2.7882575113018295
  ],
  "theta_sub": [
    1.536236640466116,
    1.3880556313842831,
    1.9197954201188194,
    2.150483767115132,
    2.2316741803232696,
    1.0296774349511466,
    1.0417656712645311,
    1.623797304470055,
    2.7544371454844288,
    0.5935035606458788,
    1.847419819245041,
    1.4271288753237532,
    2.6944938956805666,
    1.0717506611299759,
    2.6218711407667232,
    1.8829404991239027,
    0.7970839320495732,
    2.0153274210891707,
    1.3656251356446887,
    2.7882575113018295
  ],
  "active_indices": [
    0,
    1,
    2,
    3,
    4,
    5,
    6,
    7,
    8,
    9,
    10,
    11,
    12,
    13,
    14,
    15,
    16,
    17,
    18,
    19
  ]
}
