{
  "credibility": 0.95,
  "hdi_lower": [
    0.004919605297642349,
    -0.28778696816866267,
    0.0051898237357910215,
    0.14814808129898016,
    0.002745724459748855,
    0.005276676660918023,
    -0.49536374189353083,
    0.004142340051595639,
    0.24006351998597364,
    0.18973410265202995,
    -2.872694819172523,
    -0.44490700864246246,
    1.8276862987383022,
    -0.42527420373188995,
    0.2614906866181581,
    0.015267190589664921,
    -0.3505596311855559,
    -0.4917643003443777,
    8.529300484991726,
    0.009674046364928302
  ],
  "hdi_upper": [
    4.691153214965636,
    2.9966706943292367,
    4.03137924529695,
    2.999665348461862,
    2.8327279075849985,
    3.42908636399653,
    2.7296064280067474,
    4.658810386445482,
    4.978820569038632,
    2.9992720681328775,
    2.7511398407564576,
    2.8405209951389496,
    4.975100132899614,
    2.8966536410733568,
    4.981122291685481,
    0.4837024415242229,
    2.9548033060994783,
    2.774663333339691,
    29.967433144492023,
    15.919970240701652
  ],
  "et_lower": [
    0.14392769523426016,
    -0.3900810628091831,
    0.09235608948604333,
    0.07931427901955049,
    0.04695496968032972,
    0.07411237473486054,
    -0.41951286560095913,
    0.11101891325701244,
    0.12439704565125738,
    0.09431999856154226,
    -2.8425848934699656,
    -0.41473415469300673,
    1.5463314976810614,
    -0.4221934398827099,
    0.1377666699895765,
    0.01634267816633874,
    -0.4181674644208108,
    -0.4191746314667907,
    6.865962947452243,
    0.23192140903909456
  ],
  "et_upper": [
    4.8476698964534775,
    2.939962132616872,
    4.516381076141205,
    2.944068614825254,
    2.918932186530618,
    3.8216140780240813,
    2.8451085517355583,
    4.85858359120188,
    4.903115316819638,
    2.932412452529556,
    2.786189301514365,
    2.8822342856908536,
    4.9090426504293,
    2.896921379910024,
    4.873145355214856,
    0.48679038114761203,
    2.910836964058541,
    2.8980026011517133,
    29.49506380150906,
    17.989403579615814
  ],
  "median": [
    2.3037601166045185,
    1.2853373468447908,
    1.5629682623766117,
    1.6344058421530727,
    1.3799171983154157,
    1.2563421600838904,
    1.0520124766148469,
    2.2016789951205196,
    2.4258559300457536,
    1.6657874200186567,
    0.12424273846618195,
    1.144088355365544,
    3.558181729753919,
    1.3325159507737059,
    2.6206955366748783,
    0.2516437272779213,
    1.0606294914990115,
    0.9953205666764309,
    19.99963570663099,
    5.004577306686814
  ],
  "param_names": [
    "a11",
    "a12",
    "a22",
    "b1",
    "b2",
    "a33",
    "a34",
    "a44",
    "b3",
    "b4",
    "a13",
    "a14",
    "a23",
    "a24",
    "a55",
    "b5",
    "a15",
    "a25",
    "a35",
    "a45"
  ]
}