{
  "MAP": {
    "n_obs": 6,
    "n_species": 5,
    "rmse_per_species": [
      0.03281396469338048,
      0.1265075431660513,
      0.21436123590699133,
      0.08572551914195059,
      0.41436933502658563
    ],
    "mae_per_species": [
      0.02076482161207191,
      0.09757697462520265,
      0.1856008946211294,
      0.05807903647619941,
      0.40091094481019224
    ],
    "rmse_total": 0.22003748074312848,
    "mae_total": 0.15258653442895914,
    "max_abs": 0.4683962646005584,
    "estimate_type": "MAP"
  },
  "Mean": {
    "n_obs": 6,
    "n_species": 5,
    "rmse_per_species": [
      0.03251249542439729,
      0.12549988630349265,
      0.21977952805234224,
      0.08510996718542886,
      0.42953949414774756
    ],
    "mae_per_species": [
      0.0200011459922135,
      0.09816801911622593,
      0.1871721323767012,
      0.06015153143594634,
      0.4080581930982578
    ],
    "rmse_total": 0.22665313071688598,
    "mae_total": 0.15471020440386896,
    "max_abs": 0.4891434075977457,
    "estimate_type": "Mean"
  },
  "species_names": [
    "S. oralis",
    "A. naeslundii",
    "V. dispar",
    "F. nucleatum",
    "P. gingivalis"
  ]
}