{
  "elapsed_time": 243157.8117096424,
  "converged": [
    true
  ],
  "MAP": [
    2.1061301939845194,
    2.645548505650085,
    2.07255436687601,
    2.3523228800037153,
    2.2020991369822016,
    0.8619233809250404,
    0.5522965004091351,
    1.5243173544462796,
    3.545441457875241,
    2.6780504578240985,
    2.034827461536043,
    2.060851858349837,
    2.3556707578236833,
    2.870242746832397,
    0.023794172818004,
    0.47364092899744925,
    0.9387504668980313,
    -0.4763560270332825,
    28.644211660098932,
    2.8562719238008665
  ],
  "mean": [
    2.3902115133895636,
    1.2530506440849685,
    1.7782848663842723,
    1.5981609600350328,
    1.444625551334706,
    1.4442199377626972,
    1.0975611948117525,
    2.2977846902399905,
    2.4997016467787985,
    1.5985455452546262,
    0.046128077061674384,
    1.1779153100915494,
    3.4936053991367593,
    1.2781904700294304,
    2.5978896487118552,
    0.2520151590920302,
    1.1675818676365635,
    1.0863466046830241,
    19.555921657739155,
    6.01580998054601
  ]
}