{
  "theta_sub": [
    2.1061301939845194,
    2.645548505650085,
    2.07255436687601,
    2.3523228800037153,
    2.2020991369822016,
    0.8619233809250404,
    0.5522965004091351,
    1.5243173544462796,
    3.545441457875241,
    2.6780504578240985,
    2.034827461536043,
    2.060851858349837,
    2.3556707578236833,
    2.870242746832397,
    0.023794172818004,
    0.47364092899744925,
    0.9387504668980313,
    -0.4763560270332825,
    28.644211660098932,
    2.8562719238008665
  ],
  "theta_full": [
    2.1061301939845194,
    2.645548505650085,
    2.07255436687601,
    2.3523228800037153,
    2.2020991369822016,
    0.8619233809250404,
    0.5522965004091351,
    1.5243173544462796,
    3.545441457875241,
    2.6780504578240985,
    2.034827461536043,
    2.060851858349837,
    2.3556707578236833,
    2.870242746832397,
    0.023794172818004,
    0.47364092899744925,
    0.9387504668980313,
    -0.4763560270332825,
    28.644211660098932,
    2.8562719238008665
  ],
  "active_indices": [
    0,
    1,
    2,
    3,
    4,
    5,
    6,
    7,
    8,
    9,
    10,
    11,
    12,
    13,
    14,
    15,
    16,
    17,
    18,
    19
  ]
}