{
  "theta_sub": [
    2.3902115133895636,
    1.2530506440849685,
    1.7782848663842723,
    1.5981609600350328,
    1.444625551334706,
    1.4442199377626972,
    1.0975611948117525,
    2.2977846902399905,
    2.4997016467787985,
    1.5985455452546262,
    0.046128077061674384,
    1.1779153100915494,
    3.4936053991367593,
    1.2781904700294304,
    2.5978896487118552,
    0.2520151590920302,
    1.1675818676365635,
    1.0863466046830241,
    19.555921657739155,
    6.01580998054601
  ],
  "theta_full": [
    2.3902115133895636,
    1.2530506440849685,
    1.7782848663842723,
    1.5981609600350328,
    1.444625551334706,
    1.4442199377626972,
    1.0975611948117525,
    2.2977846902399905,
    2.4997016467787985,
    1.5985455452546262,
    0.046128077061674384,
    1.1779153100915494,
    3.4936053991367593,
    1.2781904700294304,
    2.5978896487118552,
    0.2520151590920302,
    1.1675818676365635,
    1.0863466046830241,
    19.555921657739155,
    6.01580998054601
  ],
  "active_indices": [
    0,
    1,
    2,
    3,
    4,
    5,
    6,
    7,
    8,
    9,
    10,
    11,
    12,
    13,
    14,
    15,
    16,
    17,
    18,
    19
  ]
}