{
  "condition": "Commensal",
  "cultivation": "Static",
  "dt": 0.0001,
  "maxtimestep": 2500,
  "c_const": 25.0,
  "Kp1": 0.0001,
  "K_hill": 0.05,
  "n_hill": 4.0,
  "alpha_const": 0.0,
  "phi_init": 0.02,
  "phi_init_is_array": false,
  "use_exp_init": false,
  "day_scale": null,
  "sigma_obs": 0.11111111111111109,
  "cov_rel": 0.005,
  "prior_min": null,
  "prior_max": null,
  "prior_decay_max": null,
  "n_particles": 1000,
  "n_stages": 12,
  "n_chains": 2,
  "seed": 100,
  "hdi_credibility": 0.95,
  "compute_evidence": false,
  "metadata": {
    "condition": "Commensal",
    "cultivation": "Static",
    "days": [
      1,
      3,
      6,
      10,
      15,
      21
    ],
    "n_timepoints": 6,
    "total_volumes": [
      0.42,
      0.3,
      0.34,
      0.3,
      0.29,
      0.28
    ],
    "sigma_obs_estimated": 0.11111111111111109,
    "phi_init_exp": [
      0.0756,
      0.0021,
      0.34859999999999997,
      0.0021,
      0.0021
    ],
    "start_from_day": 1,
    "t_model": [
      0.01130952380952381,
      0.033928571428571426,
      0.06785714285714285,
      0.1130952380952381,
      0.16964285714285715,
      0.2375
    ],
    "idx_sparse": [
      113,
      339,
      679,
      1131,
      1696,
      2375
    ],
    "day_scale": null
  }
}
