model,chain,stage,beta,beta_next,delta_beta,ess,ess_target,accept_rate,logL_min,logL_max,linearization_enabled,rom_error_pre,rom_error_post,delta_theta0
Dysbiotic_Static,1,1,0.0,0.25206229090690613,0.25206229090690613,25.00000140527359,25.0,0.388,0.019982192395456788,12.649272844656462,0,nan,nan,nan
Dysbiotic_Static,1,2,0.25206229090690613,0.6668137774354923,0.4147514865285862,25.000000072163726,25.0,0.42,-0.14461683002799916,12.986458124484562,0,nan,nan,nan
Dysbiotic_Static,1,3,0.6668137774354923,0.9999999900702767,0.3331862126347845,37.67876168315796,25.0,0.652,3.6609917547859987,13.131084918192933,0,0.0,nan,4.820224057246856
Dysbiotic_Static,1,4,0.9999999900702767,1.0,9.929723265855728e-09,49.99999999999997,25.0,0.592,2.9217988060078612,13.002685087954955,0,nan,nan,nan
