{
  "credibility": 0.95,
  "hdi_lower": [
    -0.9237006544507493,
    -0.30604267357790826,
    -0.9656574269139749,
    0.04509729016721731,
    0.010940399155840552,
    1.013350821473992,
    0.0,
    -0.974609921093684,
    0.00255158013663076,
    0.013177416670794473,
    -0.21771491803585752,
    -0.15663216386775014,
    0.0,
    0.0,
    -0.9630229014822103,
    0.057247379098487594,
    0.0,
    0.0,
    -1.6395685669224385,
    -0.20859057806806536
  ],
  "hdi_upper": [
    0.6852991971573656,
    0.9743506013446286,
    0.8720377899175453,
    2.985508611742902,
    2.3964468409872604,
    2.401860174230354,
    0.0,
    0.9373452340254269,
    2.1964677925506533,
    2.8118791621438155,
    0.9947697651758762,
    0.9877940296677208,
    0.0,
    0.0,
    0.8601809807317973,
    0.19625429708974557,
    0.0,
    0.0,
    -0.0339747864591895,
    0.9015678343939588
  ],
  "et_lower": [
    -0.9224714377693055,
    -0.2884652384205311,
    -0.9440635396024941,
    0.07885786603600874,
    0.027323974171380667,
    1.015836259083956,
    0.0,
    -0.9688666738537268,
    0.03725213844408125,
    0.013812482875102196,
    -0.19943064676069197,
    -0.11618174665458314,
    0.0,
    0.0,
    -0.9230723786981262,
    0.05729581250995658,
    0.0,
    0.0,
    -1.6322057214739139,
    -0.18277151161695843
  ],
  "et_upper": [
    0.6261968233376195,
    0.9585523636535968,
    0.8600886909596817,
    2.977546142500387,
    2.3357206725970014,
    2.3074579478022095,
    0.0,
    0.9203763466545782,
    2.18812575842849,
    2.539708826711247,
    0.9821639440380521,
    0.9713326106408756,
    0.0,
    0.0,
    0.8568276669194,
    0.19560054642381422,
    0.0,
    0.0,
    -0.09999439551729332,
    0.8715745455529884
  ],
  "median": [
    -0.33158188409484235,
    0.4890130395287663,
    -0.053513535112376553,
    1.6555040190444996,
    0.8716674402590743,
    1.2499787514552418,
    0.0,
    -0.47871479063502403,
    0.866166455296287,
    0.27023081127919646,
    0.5846055690158979,
    0.5693715882250168,
    0.0,
    0.0,
    -0.03434465579300461,
    0.12399958937166351,
    0.0,
    0.0,
    -0.6618429616136505,
    0.4796948267543726
  ],
  "param_names": [
    "a11",
    "a12",
    "a22",
    "b1",
    "b2",
    "a33",
    "a44",
    "b3",
    "b4",
    "a13",
    "a14",
    "a55",
    "b5",
    "a35",
    "a45"
  ]
}
