{
  "MAP": {
    "n_obs": 6,
    "n_species": 5,
    "rmse_per_species": [
      0.07716160552719266,
      0.025866488349522883,
      0.17616294272837574,
      0.017832269178133523,
      0.03611359127382817
    ],
    "mae_per_species": [
      0.06832065910775033,
      0.02299064849870741,
      0.17231276911676183,
      0.015185015742149794,
      0.03136400921870857
    ],
    "rmse_total": 0.08863244583844633,
    "mae_total": 0.062034620336815595,
    "max_abs": 0.21907603939473363,
    "estimate_type": "MAP"
  },
  "Mean": {
    "n_obs": 6,
    "n_species": 5,
    "rmse_per_species": [
      0.06431061538557804,
      0.02847914344118322,
      0.18382309611441514,
      0.048826961678518965,
      0.09288217556757004
    ],
    "mae_per_species": [
      0.05915108002621025,
      0.02398711628634927,
      0.16346893243077512,
      0.03082939540137067,
      0.07814130593425085
    ],
    "rmse_total": 0.0997487025002583,
    "mae_total": 0.07111556601579123,
    "max_abs": 0.29665496631725335,
    "estimate_type": "Mean"
  },
  "species_names": [
    "S. oralis",
    "A. naeslundii",
    "V. dispar",
    "F. nucleatum",
    "P. gingivalis"
  ]
}
