{
  "elapsed_time": 8040.288550853729,
  "converged": [
    true
  ],
  "MAP": [
    0.06714933672746715,
    0.21105559480394342,
    0.3863942884341274,
    2.905352434033965,
    0.9686564510014201,
    1.245083866274899,
    0.0,
    -0.27081155259415635,
    0.0910543535922616,
    0.0709017591348644,
    0.3655565307919688,
    0.6853942859460356,
    0.0,
    0.0,
    0.7722293731297567,
    0.17924475717428323,
    0.0,
    0.0,
    -0.6948879788582847,
    0.8097698033364058
  ],
  "mean": [
    -0.31986377891682066,
    0.4626171549088103,
    -0.06297573413339949,
    1.663187007793868,
    0.9998501344931197,
    1.3411925326300096,
    0.0,
    -0.332582245861987,
    0.9247410228184078,
    0.43392126373542433,
    0.5191806946985517,
    0.5477134755295928,
    0.0,
    0.0,
    -0.0057651373563752965,
    0.12729523359023853,
    0.0,
    0.0,
    -0.7073227990757242,
    0.4284693075459382
  ]
}
