{
  "theta_sub": [
    0.06714933672746715,
    0.21105559480394342,
    0.3863942884341274,
    2.905352434033965,
    0.9686564510014201,
    1.245083866274899,
    -0.27081155259415635,
    0.0910543535922616,
    0.0709017591348644,
    0.3655565307919688,
    0.6853942859460356,
    0.7722293731297567,
    0.17924475717428323,
    -0.6948879788582847,
    0.8097698033364058
  ],
  "theta_full": [
    0.06714933672746715,
    0.21105559480394342,
    0.3863942884341274,
    2.905352434033965,
    0.9686564510014201,
    1.245083866274899,
    0.0,
    -0.27081155259415635,
    0.0910543535922616,
    0.0709017591348644,
    0.3655565307919688,
    0.6853942859460356,
    0.0,
    0.0,
    0.7722293731297567,
    0.17924475717428323,
    0.0,
    0.0,
    -0.6948879788582847,
    0.8097698033364058
  ],
  "active_indices": [
    0,
    1,
    2,
    3,
    4,
    5,
    7,
    8,
    9,
    10,
    11,
    14,
    15,
    18,
    19
  ]
}
