{
  "theta_sub": [
    -0.31986377891682066,
    0.4626171549088103,
    -0.06297573413339949,
    1.663187007793868,
    0.9998501344931197,
    1.3411925326300096,
    -0.332582245861987,
    0.9247410228184078,
    0.43392126373542433,
    0.5191806946985517,
    0.5477134755295928,
    -0.0057651373563752965,
    0.12729523359023853,
    -0.7073227990757242,
    0.4284693075459382
  ],
  "theta_full": [
    -0.31986377891682066,
    0.4626171549088103,
    -0.06297573413339949,
    1.663187007793868,
    0.9998501344931197,
    1.3411925326300096,
    0.0,
    -0.332582245861987,
    0.9247410228184078,
    0.43392126373542433,
    0.5191806946985517,
    0.5477134755295928,
    0.0,
    0.0,
    -0.0057651373563752965,
    0.12729523359023853,
    0.0,
    0.0,
    -0.7073227990757242,
    0.4284693075459382
  ],
  "active_indices": [
    0,
    1,
    2,
    3,
    4,
    5,
    7,
    8,
    9,
    10,
    11,
    14,
    15,
    18,
    19
  ]
}
