{
  "theta_sub": [
    0.5205432728346953,
    1.8207970826367483,
    0.7441415924024912,
    2.079550814896673,
    2.4150726454161093,
    0.02381842698048997,
    -0.4405399465360915,
    2.8055397562966213,
    4.988259496272629,
    0.8919944578434205,
    -0.4394405153313352,
    -0.25301273261222956,
    1.653078969987149,
    1.42047351260726,
    0.009783074923792157,
    0.1909563915343552,
    1.5646252065632602,
    1.2470380878419847,
    17.335474403914507,
    4.578676373959917
  ],
  "theta_full": [
    0.5205432728346953,
    1.8207970826367483,
    0.7441415924024912,
    2.079550814896673,
    2.4150726454161093,
    0.02381842698048997,
    -0.4405399465360915,
    2.8055397562966213,
    4.988259496272629,
    0.8919944578434205,
    -0.4394405153313352,
    -0.25301273261222956,
    1.653078969987149,
    1.42047351260726,
    0.009783074923792157,
    0.1909563915343552,
    1.5646252065632602,
    1.2470380878419847,
    17.335474403914507,
    4.578676373959917
  ],
  "active_indices": [
    0,
    1,
    2,
    3,
    4,
    5,
    6,
    7,
    8,
    9,
    10,
    11,
    12,
    13,
    14,
    15,
    16,
    17,
    18,
    19
  ]
}
