{
  "credibility": 0.95,
  "hdi_lower": [
    0.018958201163684185,
    -0.3597240682369227,
    0.48949893532740263,
    0.042441657751410844,
    0.09917936426850438,
    1.0358312514745625,
    -0.4152120349100697,
    0.004090189953805279,
    0.013993830814090558,
    0.02848270471344405,
    -2.6642445954987632,
    -0.37959859321971157,
    1.1945327284963447,
    -0.30210381761757427,
    0.07694770403797346,
    0.044855556200262325,
    -0.4825017201970823,
    -0.4375973050748503,
    0.32103585471909335,
    0.042873854299237735
  ],
  "hdi_upper": [
    4.87959762689442,
    2.9255587289339333,
    4.853170898268442,
    2.6840583396571915,
    2.708159987626976,
    4.875319731673346,
    2.775745300234838,
    4.845942025964555,
    4.503581099515392,
    2.5784117359604735,
    2.989351299617436,
    2.924452229858596,
    4.9986165643470155,
    2.8238008454088313,
    4.8022857262804,
    0.49710809298515923,
    2.428688403676012,
    2.2517560325897126,
    4.999118872553501,
    4.5327721619829635
  ],
  "et_lower": [
    0.1019913035322846,
    -0.3413549918374186,
    0.5658973949692717,
    0.12697514687591635,
    0.18241753370172933,
    1.1061337625645848,
    -0.366502129295009,
    0.05976018934525539,
    0.10327551435882758,
    0.03537993138447848,
    -2.639879636699239,
    -0.37487723615435603,
    1.4262974782794298,
    -0.2248489800709597,
    0.17151281270924595,
    0.0451576560342521,
    -0.4459125840332426,
    -0.3712622395784074,
    0.35902821967041043,
    0.19952617493584923
  ],
  "et_upper": [
    4.82556520992853,
    2.9184639746855736,
    4.846768299421042,
    2.6566518668600967,
    2.7037688853833313,
    4.863267206569594,
    2.7452538838530995,
    4.785691744359514,
    4.496704375307576,
    2.497345056198228,
    2.92558528210156,
    2.872249803524833,
    4.964035350012656,
    2.817070657013553,
    4.7548999391199,
    0.489041975447076,
    2.3877989258895793,
    2.2296679444107372,
    4.913147999072871,
    4.4547358696611195
  ],
  "median": [
    2.901550256404878,
    1.0201188480504875,
    2.9036108140762815,
    1.7222035756920535,
    1.3336898021465142,
    3.328912394669555,
    1.2656780716780338,
    1.3143578956799982,
    2.6637422107824724,
    0.8521859824069186,
    1.1601278550243515,
    1.0400869741503977,
    4.4365001459027695,
    1.098958474412404,
    1.5434266712661335,
    0.24268253522116853,
    0.5717914732589584,
    1.2638681474251596,
    2.608472951833517,
    1.9932615634367958
  ],
  "param_names": [
    "a11",
    "a12",
    "a22",
    "b1",
    "b2",
    "a33",
    "a34",
    "a44",
    "b3",
    "b4",
    "a13",
    "a14",
    "a23",
    "a24",
    "a55",
    "b5",
    "a15",
    "a25",
    "a35",
    "a45"
  ]
}
