{
  "MAP": {
    "n_obs": 6,
    "n_species": 5,
    "rmse_per_species": [
      0.036725104937173125,
      0.2192338017728931,
      0.23145076752237398,
      0.08514816044055182,
      0.07106975010002475
    ],
    "mae_per_species": [
      0.025460288668718415,
      0.19966507918910817,
      0.20101560319848663,
      0.06443470366506306,
      0.05487440718999461
    ],
    "rmse_total": 0.1518438471356864,
    "mae_total": 0.10909001638227415,
    "max_abs": 0.37046223364733016,
    "estimate_type": "MAP"
  },
  "Mean": {
    "n_obs": 6,
    "n_species": 5,
    "rmse_per_species": [
      0.031573319733730516,
      0.21470195357013502,
      0.28531215439037705,
      0.08515600686315832,
      0.04992342917032958
    ],
    "mae_per_species": [
      0.024022881246587205,
      0.18955562458394756,
      0.2563942894644601,
      0.06659843347025315,
      0.037780908751079895
    ],
    "rmse_total": 0.16627731241135832,
    "mae_total": 0.11487042750326558,
    "max_abs": 0.3973775386357974,
    "estimate_type": "Mean"
  },
  "species_names": [
    "S. oralis",
    "A. naeslundii",
    "V. dispar",
    "F. nucleatum",
    "P. gingivalis"
  ]
}
