{
  "elapsed_time": 2002.6917293071747,
  "converged": [
    true
  ],
  "MAP": [
    4.639453551490464,
    -0.1671255425705167,
    4.720386587300931,
    1.7652924668561323,
    1.8825710428117672,
    4.181433075417639,
    1.1478209988755037,
    0.8885270955086293,
    3.015122377413923,
    0.17970932957460262,
    -0.358209798301361,
    1.811488836211029,
    4.663711199894178,
    0.24927362228130878,
    2.1332715182074162,
    0.22642482267672026,
    0.10513965359352562,
    0.509612586101861,
    4.974728266640264,
    3.8277000091925575
  ],
  "mean": [
    2.7546334225297686,
    1.1896526521331565,
    2.9141919730414974,
    1.495562558538804,
    1.3629008459675385,
    3.274610248772787,
    1.2952975574223424,
    1.8091485847585569,
    2.5287514437813248,
    1.0208471288242935,
    0.4415513789541336,
    1.104680131949693,
    4.098889209346237,
    1.224925133468919,
    1.9923567352586462,
    0.25181758582940345,
    0.721476314748587,
    1.201802259783647,
    2.4746855228301556,
    2.0727663479092606
  ]
}
