{
  "theta_sub": [
    4.639453551490464,
    -0.1671255425705167,
    4.720386587300931,
    1.7652924668561323,
    1.8825710428117672,
    4.181433075417639,
    1.1478209988755037,
    0.8885270955086293,
    3.015122377413923,
    0.17970932957460262,
    -0.358209798301361,
    1.811488836211029,
    4.663711199894178,
    0.24927362228130878,
    2.1332715182074162,
    0.22642482267672026,
    0.10513965359352562,
    0.509612586101861,
    4.974728266640264,
    3.8277000091925575
  ],
  "theta_full": [
    4.639453551490464,
    -0.1671255425705167,
    4.720386587300931,
    1.7652924668561323,
    1.8825710428117672,
    4.181433075417639,
    1.1478209988755037,
    0.8885270955086293,
    3.015122377413923,
    0.17970932957460262,
    -0.358209798301361,
    1.811488836211029,
    4.663711199894178,
    0.24927362228130878,
    2.1332715182074162,
    0.22642482267672026,
    0.10513965359352562,
    0.509612586101861,
    4.974728266640264,
    3.8277000091925575
  ],
  "active_indices": [
    0,
    1,
    2,
    3,
    4,
    5,
    6,
    7,
    8,
    9,
    10,
    11,
    12,
    13,
    14,
    15,
    16,
    17,
    18,
    19
  ]
}
