{
  "theta_sub": [
    2.7546334225297686,
    1.1896526521331565,
    2.9141919730414974,
    1.495562558538804,
    1.3629008459675385,
    3.274610248772787,
    1.2952975574223424,
    1.8091485847585569,
    2.5287514437813248,
    1.0208471288242935,
    0.4415513789541336,
    1.104680131949693,
    4.098889209346237,
    1.224925133468919,
    1.9923567352586462,
    0.25181758582940345,
    0.721476314748587,
    1.201802259783647,
    2.4746855228301556,
    2.0727663479092606
  ],
  "theta_full": [
    2.7546334225297686,
    1.1896526521331565,
    2.9141919730414974,
    1.495562558538804,
    1.3629008459675385,
    3.274610248772787,
    1.2952975574223424,
    1.8091485847585569,
    2.5287514437813248,
    1.0208471288242935,
    0.4415513789541336,
    1.104680131949693,
    4.098889209346237,
    1.224925133468919,
    1.9923567352586462,
    0.25181758582940345,
    0.721476314748587,
    1.201802259783647,
    2.4746855228301556,
    2.0727663479092606
  ],
  "active_indices": [
    0,
    1,
    2,
    3,
    4,
    5,
    6,
    7,
    8,
    9,
    10,
    11,
    12,
    13,
    14,
    15,
    16,
    17,
    18,
    19
  ]
}
