{
  "credibility": 0.95,
  "hdi_lower": [
    0.1117902243672475,
    -0.49382799982227105,
    0.0678689210295606,
    0.044408749169583484,
    0.2219742976655441,
    0.37984248615593397,
    -0.2531250397513043,
    0.009066077133155659,
    0.2459987585396206,
    0.03069335979415655,
    -2.9883485888681047,
    0.05353212912223615,
    2.6412842244595685,
    -0.3910008008469881,
    0.01284404163867886,
    0.0010004567219031868,
    -0.4818315222752927,
    -0.3206212171605582,
    0.006737076449891077,
    0.0030854204987197376
  ],
  "hdi_upper": [
    4.784238131049597,
    2.1920442083699174,
    4.169142471745607,
    2.7406192194558505,
    2.967104856422066,
    4.498475402986694,
    2.988385994746872,
    4.434318538430616,
    4.966766232821242,
    2.8066271635389506,
    1.9656250232953525,
    2.979369342473581,
    4.996992151860121,
    2.816745121605896,
    4.456410728383504,
    0.4558656256290694,
    2.6488803456909515,
    2.862176894442875,
    3.3114015603402756,
    2.458633551437159
  ],
  "et_lower": [
    0.11097491285447852,
    -0.46592123612001285,
    0.10217441266684789,
    0.1335019911202742,
    0.15186261013648375,
    0.42884376631328575,
    -0.37101421752282465,
    0.07096876600099017,
    0.10953700255329808,
    0.08860043881771582,
    -2.9579694103187264,
    -0.10711432795089436,
    2.081566009906921,
    -0.39146523917748877,
    0.08959184369061764,
    0.009667230148389867,
    -0.41611246827858966,
    -0.2786231622146565,
    0.04414588927996858,
    0.03864656579735911
  ],
  "et_upper": [
    4.7758933465020785,
    2.6801542905529083,
    4.341500442829718,
    2.8830387514944777,
    2.9347294144455502,
    4.538186571888791,
    2.941006314650589,
    4.594534558985809,
    4.848553675986043,
    2.9092711262584823,
    2.264236451980151,
    2.9537147200647,
    4.970631857260135,
    2.8048787136754836,
    4.671885217156284,
    0.4686586221146648,
    2.7806218469214206,
    2.9164677736946323,
    3.748072198327117,
    2.596379363930852
  ],
  "median": [
    2.4673824093411354,
    0.16666586279422535,
    1.924658580138596,
    1.3629997065677386,
    1.7426251952329221,
    2.7437850162586845,
    1.7214186131092122,
    1.487810921106913,
    2.171894079161513,
    1.4624636725244828,
    -1.9029081925636468,
    1.7056514453993756,
    4.371764818796977,
    1.2619274183671632,
    2.051888835024727,
    0.22541910356252498,
    0.9237968873649711,
    1.304554059113833,
    0.9646510754659019,
    0.6967495048008623
  ],
  "param_names": [
    "a11",
    "a12",
    "a22",
    "b1",
    "b2",
    "a33",
    "a34",
    "a44",
    "b3",
    "b4",
    "a13",
    "a14",
    "a23",
    "a24",
    "a55",
    "b5",
    "a15",
    "a25",
    "a35",
    "a45"
  ]
}
