{
  "MAP": {
    "n_obs": 6,
    "n_species": 5,
    "rmse_per_species": [
      0.06083283153414538,
      0.13694562961082904,
      0.2565749838489449,
      0.1545964161045851,
      0.04623192284448759
    ],
    "mae_per_species": [
      0.04717561219292101,
      0.12417411177723915,
      0.23718931191284723,
      0.1408900416537919,
      0.03805508486593313
    ],
    "rmse_total": 0.15121038572884804,
    "mae_total": 0.1174968324805465,
    "max_abs": 0.3760978899550902,
    "estimate_type": "MAP"
  },
  "Mean": {
    "n_obs": 6,
    "n_species": 5,
    "rmse_per_species": [
      0.03743526186580879,
      0.22044410653733712,
      0.2895577671628216,
      0.08621998914339828,
      0.046557485751845505
    ],
    "mae_per_species": [
      0.02776730773253572,
      0.19286355690824455,
      0.2634766401455827,
      0.07094052683352212,
      0.03496339069890531
    ],
    "rmse_total": 0.16937661554638903,
    "mae_total": 0.11800228446375809,
    "max_abs": 0.38355627291867844,
    "estimate_type": "Mean"
  },
  "species_names": [
    "S. oralis",
    "A. naeslundii",
    "V. dispar",
    "F. nucleatum",
    "P. gingivalis"
  ]
}
