{
  "elapsed_time": 43855.16272473335,
  "converged": [
    true,
    true
  ],
  "MAP": [
    3.456519621792976,
    2.749103790831269,
    2.1530847867853544,
    0.9654623576043164,
    0.633824622051082,
    2.0019058217352077,
    2.8670061280267483,
    2.9983188769927605,
    0.9836154169157367,
    1.149100956491388,
    2.2641694276483237,
    2.087599657246767,
    3.530931728568365,
    2.6609092292042584,
    1.1132496993506493,
    0.023424277943158267,
    1.1208596490471356,
    1.3522950483523588,
    3.5599538682415326,
    1.83254559907399
  ],
  "mean": [
    2.4569602163618143,
    0.43050311487884974,
    2.0481648164033817,
    1.3572638915401725,
    1.6331353195632574,
    2.596065331635911,
    1.5710212908360464,
    1.7180880786544837,
    2.3040767699195324,
    1.49481724547462,
    -1.3106336500746425,
    1.6294014415545917,
    4.1484955226540166,
    1.1827475699897543,
    2.1781647742903805,
    0.23724565903021333,
    0.9818514965901158,
    1.2779591240429198,
    1.1839437745877979,
    0.9026342987135426
  ]
}
