{
  "theta_sub": [
    3.456519621792976,
    2.749103790831269,
    2.1530847867853544,
    0.9654623576043164,
    0.633824622051082,
    2.0019058217352077,
    2.8670061280267483,
    2.9983188769927605,
    0.9836154169157367,
    1.149100956491388,
    2.2641694276483237,
    2.087599657246767,
    3.530931728568365,
    2.6609092292042584,
    1.1132496993506493,
    0.023424277943158267,
    1.1208596490471356,
    1.3522950483523588,
    3.5599538682415326,
    1.83254559907399
  ],
  "theta_full": [
    3.456519621792976,
    2.749103790831269,
    2.1530847867853544,
    0.9654623576043164,
    0.633824622051082,
    2.0019058217352077,
    2.8670061280267483,
    2.9983188769927605,
    0.9836154169157367,
    1.149100956491388,
    2.2641694276483237,
    2.087599657246767,
    3.530931728568365,
    2.6609092292042584,
    1.1132496993506493,
    0.023424277943158267,
    1.1208596490471356,
    1.3522950483523588,
    3.5599538682415326,
    1.83254559907399
  ],
  "active_indices": [
    0,
    1,
    2,
    3,
    4,
    5,
    6,
    7,
    8,
    9,
    10,
    11,
    12,
    13,
    14,
    15,
    16,
    17,
    18,
    19
  ]
}
