{
  "theta_sub": [
    2.4569602163618143,
    0.43050311487884974,
    2.0481648164033817,
    1.3572638915401725,
    1.6331353195632574,
    2.596065331635911,
    1.5710212908360464,
    1.7180880786544837,
    2.3040767699195324,
    1.49481724547462,
    -1.3106336500746425,
    1.6294014415545917,
    4.1484955226540166,
    1.1827475699897543,
    2.1781647742903805,
    0.23724565903021333,
    0.9818514965901158,
    1.2779591240429198,
    1.1839437745877979,
    0.9026342987135426
  ],
  "theta_full": [
    2.4569602163618143,
    0.43050311487884974,
    2.0481648164033817,
    1.3572638915401725,
    1.6331353195632574,
    2.596065331635911,
    1.5710212908360464,
    1.7180880786544837,
    2.3040767699195324,
    1.49481724547462,
    -1.3106336500746425,
    1.6294014415545917,
    4.1484955226540166,
    1.1827475699897543,
    2.1781647742903805,
    0.23724565903021333,
    0.9818514965901158,
    1.2779591240429198,
    1.1839437745877979,
    0.9026342987135426
  ],
  "active_indices": [
    0,
    1,
    2,
    3,
    4,
    5,
    6,
    7,
    8,
    9,
    10,
    11,
    12,
    13,
    14,
    15,
    16,
    17,
    18,
    19
  ]
}
