{
  "0": -0.4239504263350337,
  "1": -0.551136523922743,
  "2": -0.2538664606791382,
  "3": 6.570670049903711,
  "4": 1.1616727004468488,
  "5": -0.5626322796110986,
  "6": -0.8463658711979718,
  "7": 0.9004270874003831,
  "8": 0.08835412021476347,
  "9": 2.493651928435973,
  "10": 0.46843107137458306,
  "11": -0.979152257177669,
  "12": 0.44584125893561,
  "13": -0.09171299989485554,
  "14": 0.5695158663404118,
  "15": -0.8978953169323581,
  "16": -0.05411897448700237,
  "17": -0.4145836145421854,
  "18": -0.6455821017102155,
  "19": -0.0669857068459373
}