{
  "credibility": 0.95,
  "hdi_lower": [
    0.07280776353680807,
    -0.29608488607546724,
    0.0056856588735900715,
    0.0547062554745148,
    0.011352982452485727,
    0.39053107921950236,
    -0.18814469892896213,
    0.007226545409242391,
    0.002934460675432793,
    0.16544456965745769,
    -2.444820696542628,
    -0.434168416773818,
    2.5384315408234093,
    -0.49886972705509525,
    0.10619588986956074,
    0.012171850559615657,
    -0.4758397894080011,
    -0.4838321410331652,
    0.4957841221873027,
    0.016215960091355452
  ],
  "hdi_upper": [
    4.786313356346651,
    2.941029428798516,
    4.454133466498417,
    2.714071583698985,
    2.7591601832795147,
    4.604381909106957,
    2.99647762530371,
    4.627151513456798,
    4.626542721866219,
    2.9546186912433225,
    2.9717287494195004,
    2.8310249391672095,
    4.995764623116665,
    2.661916663765844,
    4.473150968371874,
    0.47587008082085025,
    2.6779997055555533,
    2.5975301152213013,
    4.982898649929389,
    4.244517579842691
  ],
  "et_lower": [
    0.0970979399602241,
    -0.33610995449261866,
    0.07362507712140177,
    0.08671239065901544,
    0.057946277615652166,
    0.390033997347385,
    -0.41120863024662513,
    0.11334769530608862,
    0.14309556021156847,
    0.06096146252405704,
    -2.718993016188509,
    -0.427527508933856,
    2.221527168272564,
    -0.39955405182816345,
    0.15117589458850317,
    0.013283930239350372,
    -0.40027114936974106,
    -0.36115989844382357,
    0.27092665501001956,
    0.05297397120667119
  ],
  "et_upper": [
    4.84556753949222,
    2.929256637455733,
    4.587542450915536,
    2.80587429740631,
    2.881152559987455,
    4.600314914210673,
    2.9841304962095054,
    4.756823873461222,
    4.7827009567491245,
    2.8990229650817776,
    2.9329925723129513,
    2.887453065607418,
    4.966806669811835,
    2.894072354739073,
    4.518325202625084,
    0.4896041587609288,
    2.9168919337211254,
    2.7418806680225796,
    4.898396022657122,
    4.362712398808334
  ],
  "median": [
    2.0921195368669063,
    1.3009021269323546,
    1.8128080581564006,
    1.1134993201050731,
    1.2379196047651435,
    2.440080988541272,
    1.902779826906059,
    1.9233026990151074,
    2.241493711595809,
    1.5382588891488842,
    0.7316695904844446,
    1.3246818833153844,
    4.474667641792132,
    0.7816539709359983,
    1.6481043688325354,
    0.249788023214483,
    0.755846449085421,
    0.683232096895721,
    3.0368067308474167,
    1.368762167442008
  ],
  "param_names": [
    "a11",
    "a12",
    "a22",
    "b1",
    "b2",
    "a33",
    "a34",
    "a44",
    "b3",
    "b4",
    "a13",
    "a14",
    "a23",
    "a24",
    "a55",
    "b5",
    "a15",
    "a25",
    "a35",
    "a45"
  ]
}
