{
  "MAP": {
    "n_obs": 6,
    "n_species": 5,
    "rmse_per_species": [
      0.03773332246057986,
      0.09189012640619543,
      0.26080379101322027,
      0.0863419989298166,
      0.15566008651369387
    ],
    "mae_per_species": [
      0.02907889992179753,
      0.08480614308756995,
      0.23357170306469474,
      0.07350154610400843,
      0.13564967812753762
    ],
    "rmse_total": 0.1480346038427335,
    "mae_total": 0.11132159406112165,
    "max_abs": 0.3724709622830524,
    "estimate_type": "MAP"
  },
  "Mean": {
    "n_obs": 6,
    "n_species": 5,
    "rmse_per_species": [
      0.03157352935702794,
      0.20759639299777474,
      0.27652608529442174,
      0.08540081184414967,
      0.05842859601617628
    ],
    "mae_per_species": [
      0.024680869686147692,
      0.18506294294333228,
      0.25079123071547965,
      0.06786369336950787,
      0.04869988330673297
    ],
    "rmse_total": 0.16202902547757597,
    "mae_total": 0.1154197240042401,
    "max_abs": 0.3780060909274539,
    "estimate_type": "Mean"
  },
  "species_names": [
    "S. oralis",
    "A. naeslundii",
    "V. dispar",
    "F. nucleatum",
    "P. gingivalis"
  ]
}
