{
  "elapsed_time": 45270.11885237694,
  "converged": [
    true,
    true
  ],
  "MAP": [
    1.72021450706323,
    1.4505050152463148,
    2.1962000569263997,
    0.37300729382292463,
    1.8638114967593327,
    1.9582567473145254,
    2.8566409608308696,
    0.46803036329520364,
    2.145091332034565,
    1.8385769972462818,
    2.9452617182500305,
    2.8310249391672095,
    3.836388054415582,
    0.8755328707211418,
    1.513705059239038,
    0.4436403306248798,
    1.3678869627141061,
    2.0153896467713492,
    3.8940042775193766,
    2.6536656278053763
  ],
  "mean": [
    2.294774856756095,
    1.2396468804666696,
    2.074232512327243,
    1.244207698838219,
    1.349819281075308,
    2.476349379972987,
    1.716610545410881,
    2.1271136917073736,
    2.4246148920912005,
    1.5712958876706913,
    0.5410349574912634,
    1.2894046136546262,
    4.268285180728842,
    0.8806544087020625,
    1.8812486701253195,
    0.2572686640883347,
    0.8866413180977964,
    0.9055540855488577,
    2.774362880887649,
    1.6824405152807613
  ]
}
