{
  "theta_sub": [
    2.294774856756095,
    1.2396468804666696,
    2.074232512327243,
    1.244207698838219,
    1.349819281075308,
    2.476349379972987,
    1.716610545410881,
    2.1271136917073736,
    2.4246148920912005,
    1.5712958876706913,
    0.5410349574912634,
    1.2894046136546262,
    4.268285180728842,
    0.8806544087020625,
    1.8812486701253195,
    0.2572686640883347,
    0.8866413180977964,
    0.9055540855488577,
    2.774362880887649,
    1.6824405152807613
  ],
  "theta_full": [
    2.294774856756095,
    1.2396468804666696,
    2.074232512327243,
    1.244207698838219,
    1.349819281075308,
    2.476349379972987,
    1.716610545410881,
    2.1271136917073736,
    2.4246148920912005,
    1.5712958876706913,
    0.5410349574912634,
    1.2894046136546262,
    4.268285180728842,
    0.8806544087020625,
    1.8812486701253195,
    0.2572686640883347,
    0.8866413180977964,
    0.9055540855488577,
    2.774362880887649,
    1.6824405152807613
  ],
  "active_indices": [
    0,
    1,
    2,
    3,
    4,
    5,
    6,
    7,
    8,
    9,
    10,
    11,
    12,
    13,
    14,
    15,
    16,
    17,
    18,
    19
  ]
}
