{
  "theta_sub": [
    1.72021450706323,
    1.4505050152463148,
    2.1962000569263997,
    0.37300729382292463,
    1.8638114967593327,
    1.9582567473145254,
    2.8566409608308696,
    0.46803036329520364,
    2.145091332034565,
    1.8385769972462818,
    2.9452617182500305,
    2.8310249391672095,
    3.836388054415582,
    0.8755328707211418,
    1.513705059239038,
    0.4436403306248798,
    1.3678869627141061,
    2.0153896467713492,
    3.8940042775193766,
    2.6536656278053763
  ],
  "theta_full": [
    1.72021450706323,
    1.4505050152463148,
    2.1962000569263997,
    0.37300729382292463,
    1.8638114967593327,
    1.9582567473145254,
    2.8566409608308696,
    0.46803036329520364,
    2.145091332034565,
    1.8385769972462818,
    2.9452617182500305,
    2.8310249391672095,
    3.836388054415582,
    0.8755328707211418,
    1.513705059239038,
    0.4436403306248798,
    1.3678869627141061,
    2.0153896467713492,
    3.8940042775193766,
    2.6536656278053763
  ],
  "active_indices": [
    0,
    1,
    2,
    3,
    4,
    5,
    6,
    7,
    8,
    9,
    10,
    11,
    12,
    13,
    14,
    15,
    16,
    17,
    18,
    19
  ]
}
