model,chain,stage,beta,beta_next,delta_beta,ess,ess_target,accept_rate,logL_min,logL_max,linearization_enabled,rom_error_pre,rom_error_post,delta_theta0
Commensal_Static,1,1,0.0,0.07093501091003418,0.07093501091003418,25.00000722419953,25.0,0.444,-11.21390902988312,29.32224717812726,0,nan,nan,nan
Commensal_Static,1,2,0.07093501091003418,0.22561101551750085,0.15467600460746667,25.000002580662155,25.0,0.36,11.52366378025051,29.3688459540021,0,nan,nan,nan
Commensal_Static,1,3,0.22561101551750085,0.7256110155175008,0.5,25.000000234778287,25.0,0.408,21.953325142897217,29.70121600233302,0,0.0,nan,3.835659969679965
Commensal_Static,1,4,0.7256110155175008,0.999999991822571,0.2743889763050702,46.524335919029625,25.0,0.552,26.28107664622338,29.641714192536416,0,nan,nan,nan
Commensal_Static,1,5,0.999999991822571,1.0,8.177428956201993e-09,50.000000000000014,25.0,0.592,26.54449292574366,29.659775655024855,0,nan,nan,nan
