{
  "n_samples": 127,
  "n_steps_opt": 300,
  "lr": 0.05,
  "lambda_reg": 0.01,
  "final_loss": 0.01891468790550881,
  "rmse_after_opt": 0.07526266096689262,
  "dieckow_b0": {
    "So": 5.6590015689531965,
    "An": 6.547435601552327,
    "Vd": 6.610225465562609,
    "Fn": 7.937017255359226,
    "Pg": 10.18547879325019
  },
  "b_medians_by_diag": {
    "PIH": {
      "So": 6.853110317367353,
      "An": 6.7825357209111115,
      "Vd": 6.330938743065644,
      "Fn": 7.640300836806741,
      "Pg": 10.58435043597196
    },
    "PIM": {
      "So": 7.269573578290782,
      "An": 7.097515245773161,
      "Vd": 6.615857091441456,
      "Fn": 7.3363330028884075,
      "Pg": 10.564738848083662
    },
    "PI": {
      "So": 5.376272051428426,
      "An": 7.180854430419657,
      "Vd": 6.932683397944864,
      "Fn": 6.8205956869114726,
      "Pg": 10.577470269402665
    }
  }
}