{
  "n_szafranski": 127,
  "n_posterior": 20,
  "rmse_overall": 0.12272151259340376,
  "rmse_per_diag": {
    "PIH": 0.12138903693360559,
    "PIM": 0.12348085176024409,
    "PI": 0.12410458449210328
  },
  "coverage_90pct_total": 0.0015748031496062992,
  "coverage_90pct_per_sp": {
    "So": 0.0,
    "An": 0.007874015748031496,
    "Vd": 0.0,
    "Fn": 0.0,
    "Pg": 0.0
  }
}