cond,day,file,fov,z_idx,z_frac,S.o,A.n,Vd/Vp,F.n,P.g
CH,1,220518_HOBIC22_5Spezies_FISH_Tag1,0,0,0.0,0.2452879250049591,0.24796421825885773,0.21112564206123352,0.09102825075387955,0.20459403097629547
CH,1,220601_HOBIC22_5Spezies_FISH_Tag1,0,0,0.0,0.10018489509820938,0.32054004073143005,0.14130091667175293,0.18091313540935516,0.25706103444099426
CH,1,220720_HOBIC22_5Spezies_FISH_Tag1,0,0,0.0,0.07228463888168335,0.18563251197338104,0.28604036569595337,0.016450466588139534,0.43959203362464905
CH,1,220518_HOBIC22_5Spezies_FISH_Tag1,0,1,0.07142857142857142,0.15074697136878967,0.27595674991607666,0.23855850100517273,0.10761851817369461,0.22711920738220215
CH,1,220601_HOBIC22_5Spezies_FISH_Tag1,0,1,0.07142857142857142,0.021044502034783363,0.34274011850357056,0.27017781138420105,0.19235782325267792,0.17367973923683167
CH,1,220720_HOBIC22_5Spezies_FISH_Tag1,0,1,0.02702702702702703,0.07118023931980133,0.17781659960746765,0.3052198588848114,0.017103128135204315,0.4286802411079407
CH,1,220518_HOBIC22_5Spezies_FISH_Tag1,0,2,0.14285714285714285,0.020290667191147804,0.3610538840293884,0.18508578836917877,0.11758162081241608,0.3159879744052887
CH,1,220601_HOBIC22_5Spezies_FISH_Tag1,0,2,0.14285714285714285,0.14922504127025604,0.2710452675819397,0.20267321169376373,0.20199966430664062,0.1750568151473999
CH,1,220720_HOBIC22_5Spezies_FISH_Tag1,0,2,0.05405405405405406,0.058977074921131134,0.1770971566438675,0.33037859201431274,0.015508987940847874,0.41803818941116333
CH,1,220518_HOBIC22_5Spezies_FISH_Tag1,0,3,0.21428571428571427,0.020543158054351807,0.33437857031822205,0.2706301808357239,0.13163943588733673,0.24280869960784912
CH,1,220601_HOBIC22_5Spezies_FISH_Tag1,0,3,0.21428571428571427,0.2599983215332031,0.1846122443675995,0.21846860647201538,0.18304894864559174,0.15387184917926788
CH,1,220720_HOBIC22_5Spezies_FISH_Tag1,0,3,0.08108108108108109,0.05937867611646652,0.16522502899169922,0.3719235062599182,0.017851633951067924,0.38562124967575073
CH,1,220518_HOBIC22_5Spezies_FISH_Tag1,0,4,0.2857142857142857,0.09366515278816223,0.1964971125125885,0.44987770915031433,0.12598459422588348,0.13397541642189026
CH,1,220601_HOBIC22_5Spezies_FISH_Tag1,0,4,0.2857142857142857,0.2974775433540344,0.16509276628494263,0.22645899653434753,0.17404337227344513,0.1369273066520691
CH,1,220720_HOBIC22_5Spezies_FISH_Tag1,0,4,0.10810810810810811,0.05621181055903435,0.1621130108833313,0.4008423686027527,0.019767381250858307,0.36106541752815247
CH,1,220518_HOBIC22_5Spezies_FISH_Tag1,0,5,0.35714285714285715,0.19072435796260834,0.19581209123134613,0.3891063332557678,0.13735078275203705,0.08700650930404663
CH,1,220601_HOBIC22_5Spezies_FISH_Tag1,0,5,0.35714285714285715,0.3381362557411194,0.1525634378194809,0.2147655040025711,0.17220757901668549,0.12232719361782074
CH,1,220720_HOBIC22_5Spezies_FISH_Tag1,0,5,0.13513513513513514,0.06211492046713829,0.16142776608467102,0.413210928440094,0.025151001289486885,0.33809542655944824
CH,1,220518_HOBIC22_5Spezies_FISH_Tag1,0,6,0.42857142857142855,0.34861040115356445,0.18817298114299774,0.2738053798675537,0.14444856345653534,0.04496261849999428
CH,1,220601_HOBIC22_5Spezies_FISH_Tag1,0,6,0.42857142857142855,0.3635498285293579,0.15723145008087158,0.19228506088256836,0.18298210203647614,0.10395149886608124
CH,1,220720_HOBIC22_5Spezies_FISH_Tag1,0,6,0.16216216216216217,0.07743920385837555,0.1628875732421875,0.42164671421051025,0.03166418895125389,0.3063623607158661
CH,1,220518_HOBIC22_5Spezies_FISH_Tag1,0,7,0.5,0.4929645359516144,0.17762765288352966,0.16433313488960266,0.1337813436985016,0.0312933549284935
CH,1,220601_HOBIC22_5Spezies_FISH_Tag1,0,7,0.5,0.38156846165657043,0.15201523900032043,0.19073046743869781,0.18265904486179352,0.0930267795920372
CH,1,220720_HOBIC22_5Spezies_FISH_Tag1,0,7,0.1891891891891892,0.08726851642131805,0.15384086966514587,0.43652287125587463,0.03424869477748871,0.28811901807785034
CH,1,220518_HOBIC22_5Spezies_FISH_Tag1,0,8,0.5714285714285714,0.48269200325012207,0.20998196303844452,0.11539385467767715,0.14385268092155457,0.048079539090394974
CH,1,220601_HOBIC22_5Spezies_FISH_Tag1,0,8,0.5714285714285714,0.4309198260307312,0.13510732352733612,0.1776295006275177,0.17200855910778046,0.08433477580547333
CH,1,220720_HOBIC22_5Spezies_FISH_Tag1,0,8,0.21621621621621623,0.0926319882273674,0.15385577082633972,0.44514206051826477,0.035634323954582214,0.2727358043193817
CH,1,220518_HOBIC22_5Spezies_FISH_Tag1,0,9,0.6428571428571429,0.4451184868812561,0.2514662742614746,0.0812184140086174,0.13729286193847656,0.08490399271249771
CH,1,220601_HOBIC22_5Spezies_FISH_Tag1,0,9,0.6428571428571429,0.46685484051704407,0.1401994377374649,0.14419244229793549,0.14734701812267303,0.10140630602836609
CH,1,220720_HOBIC22_5Spezies_FISH_Tag1,0,9,0.24324324324324326,0.10587497055530548,0.15409213304519653,0.44081518054008484,0.04142002388834953,0.2577976882457733
CH,1,220518_HOBIC22_5Spezies_FISH_Tag1,0,10,0.7142857142857143,0.4128332734107971,0.2957499027252197,0.04584472253918648,0.11124007403850555,0.13433198630809784
CH,1,220601_HOBIC22_5Spezies_FISH_Tag1,0,10,0.7142857142857143,0.5126503109931946,0.15469373762607574,0.0904078483581543,0.12640587985515594,0.11584222316741943
CH,1,220720_HOBIC22_5Spezies_FISH_Tag1,0,10,0.2702702702702703,0.1300721913576126,0.15508531033992767,0.4316745102405548,0.04903620481491089,0.23413178324699402
CH,1,220518_HOBIC22_5Spezies_FISH_Tag1,0,11,0.7857142857142857,0.3783274292945862,0.3231167793273926,0.02515808865427971,0.08510773628950119,0.18828998506069183
CH,1,220601_HOBIC22_5Spezies_FISH_Tag1,0,11,0.7857142857142857,0.5400348901748657,0.17558930814266205,0.039289459586143494,0.10401611775159836,0.14107023179531097
CH,1,220720_HOBIC22_5Spezies_FISH_Tag1,0,11,0.2972972972972973,0.166101336479187,0.1579541265964508,0.40317821502685547,0.05924427881836891,0.21352200210094452
CH,1,220518_HOBIC22_5Spezies_FISH_Tag1,0,12,0.8571428571428571,0.35051822662353516,0.34172147512435913,0.016255727037787437,0.0711447149515152,0.22035980224609375
CH,1,220601_HOBIC22_5Spezies_FISH_Tag1,0,12,0.8571428571428571,0.5297263264656067,0.18504475057125092,0.03236031159758568,0.09401848167181015,0.1588500589132309
CH,1,220720_HOBIC22_5Spezies_FISH_Tag1,0,12,0.32432432432432434,0.21607942879199982,0.16800343990325928,0.3550160825252533,0.07391273230314255,0.18698829412460327
CH,1,220518_HOBIC22_5Spezies_FISH_Tag1,0,13,0.9285714285714286,0.3421613574028015,0.3494300842285156,0.01288080308586359,0.06624628603458405,0.2292814552783966
CH,1,220601_HOBIC22_5Spezies_FISH_Tag1,0,13,0.9285714285714286,0.5469568371772766,0.1875980943441391,0.020767908543348312,0.09439420700073242,0.15028288960456848
CH,1,220720_HOBIC22_5Spezies_FISH_Tag1,0,13,0.35135135135135137,0.28387099504470825,0.17470474541187286,0.29894864559173584,0.0876392275094986,0.1548364907503128
CH,1,220518_HOBIC22_5Spezies_FISH_Tag1,0,14,1.0,0.32126471400260925,0.35987022519111633,0.0110411262139678,0.06131943687796593,0.2465045154094696
CH,1,220601_HOBIC22_5Spezies_FISH_Tag1,0,14,1.0,0.5550863146781921,0.18869128823280334,0.016668831929564476,0.0935932844877243,0.14596031606197357
CH,1,220720_HOBIC22_5Spezies_FISH_Tag1,0,14,0.3783783783783784,0.33556225895881653,0.1812533140182495,0.2518155872821808,0.0928439274430275,0.13852481544017792
CH,1,220720_HOBIC22_5Spezies_FISH_Tag1,0,15,0.40540540540540543,0.3680805563926697,0.18042215704917908,0.22625909745693207,0.09290782362222672,0.13233034312725067
CH,1,220720_HOBIC22_5Spezies_FISH_Tag1,0,16,0.43243243243243246,0.3815675377845764,0.18594790995121002,0.20271681249141693,0.09354667365550995,0.13622106611728668
CH,1,220720_HOBIC22_5Spezies_FISH_Tag1,0,17,0.4594594594594595,0.389438658952713,0.1903291493654251,0.1807924062013626,0.09394367039203644,0.1454961597919464
CH,1,220720_HOBIC22_5Spezies_FISH_Tag1,0,18,0.4864864864864865,0.37864741683006287,0.20698606967926025,0.15371471643447876,0.08895384520292282,0.1716979295015335
CH,1,220720_HOBIC22_5Spezies_FISH_Tag1,0,19,0.5135135135135135,0.35623469948768616,0.23219750821590424,0.1406121551990509,0.08344197273254395,0.18751372396945953
CH,1,220720_HOBIC22_5Spezies_FISH_Tag1,0,20,0.5405405405405406,0.3352120518684387,0.25536689162254333,0.1274123340845108,0.07799937576055527,0.20400936901569366
CH,1,220720_HOBIC22_5Spezies_FISH_Tag1,0,21,0.5675675675675675,0.31426262855529785,0.27114367485046387,0.10943147540092468,0.07308436930179596,0.23207777738571167
CH,1,220720_HOBIC22_5Spezies_FISH_Tag1,0,22,0.5945945945945946,0.29112541675567627,0.28268614411354065,0.08736923336982727,0.06563877314329147,0.27318042516708374
CH,1,220720_HOBIC22_5Spezies_FISH_Tag1,0,23,0.6216216216216216,0.25990331172943115,0.3168353736400604,0.06386002898216248,0.053400542587041855,0.3060007393360138
CH,1,220720_HOBIC22_5Spezies_FISH_Tag1,0,24,0.6486486486486487,0.24626483023166656,0.32206663489341736,0.0522008016705513,0.04669896140694618,0.3327687382698059
CH,1,220720_HOBIC22_5Spezies_FISH_Tag1,0,25,0.6756756756756757,0.22625863552093506,0.33755069971084595,0.04448939487338066,0.04148494452238083,0.3502163589000702
CH,1,220720_HOBIC22_5Spezies_FISH_Tag1,0,26,0.7027027027027027,0.1971352994441986,0.35150349140167236,0.043099403381347656,0.03419135883450508,0.374070405960083
CH,1,220720_HOBIC22_5Spezies_FISH_Tag1,0,27,0.7297297297297297,0.19505341351032257,0.3606890141963959,0.03551806882023811,0.03280758485198021,0.37593188881874084
CH,1,220720_HOBIC22_5Spezies_FISH_Tag1,0,28,0.7567567567567568,0.17220212519168854,0.37993642687797546,0.023975342512130737,0.02519548125565052,0.3986906409263611
CH,1,220720_HOBIC22_5Spezies_FISH_Tag1,0,29,0.7837837837837838,0.17160803079605103,0.37948763370513916,0.020965509116649628,0.02521338127553463,0.402725487947464
CH,1,220720_HOBIC22_5Spezies_FISH_Tag1,0,30,0.8108108108108109,0.15829622745513916,0.3839662969112396,0.017446471378207207,0.022619571536779404,0.41767144203186035
CH,1,220720_HOBIC22_5Spezies_FISH_Tag1,0,31,0.8378378378378378,0.1384626179933548,0.40129271149635315,0.013428262434899807,0.019774572923779488,0.4270418584346771
CH,1,220720_HOBIC22_5Spezies_FISH_Tag1,0,32,0.8648648648648649,0.13336937129497528,0.40259379148483276,0.009243227541446686,0.016694800928235054,0.4380987882614136
CH,1,220720_HOBIC22_5Spezies_FISH_Tag1,0,33,0.8918918918918919,0.11980864405632019,0.41167956590652466,0.008023259229958057,0.013707849197089672,0.44678062200546265
CH,1,220720_HOBIC22_5Spezies_FISH_Tag1,0,34,0.918918918918919,0.126412495970726,0.4024260938167572,0.007349951658397913,0.013977705501019955,0.44983378052711487
CH,1,220720_HOBIC22_5Spezies_FISH_Tag1,0,35,0.9459459459459459,0.1358470916748047,0.4035082459449768,0.007578084245324135,0.014919045381247997,0.43814748525619507
CH,1,220720_HOBIC22_5Spezies_FISH_Tag1,0,36,0.972972972972973,0.14639241993427277,0.4004668891429901,0.007977627217769623,0.015750279650092125,0.42941272258758545
CH,1,220720_HOBIC22_5Spezies_FISH_Tag1,0,37,1.0,0.1284777969121933,0.4094662070274353,0.007406868040561676,0.013372939079999924,0.4412762224674225
CH,1,220518_HOBIC22_5Spezies_FISH_Tag1,1,0,0.0,0.2073955237865448,0.3081730306148529,0.1705016791820526,0.05995992198586464,0.2539699673652649
CH,1,220601_HOBIC22_5Spezies_FISH_Tag1,1,0,0.0,0.3928224444389343,0.2814805805683136,0.09700273722410202,0.09346704185009003,0.13522721827030182
CH,1,220720_HOBIC22_5Spezies_FISH_Tag1,1,0,0.0,0.011977201327681541,0.3674277365207672,0.08744742721319199,0.035628464072942734,0.4975191652774811
CH,1,220518_HOBIC22_5Spezies_FISH_Tag1,1,1,0.043478260869565216,0.1273038238286972,0.3165748119354248,0.21322636306285858,0.07588684558868408,0.26700812578201294
CH,1,220601_HOBIC22_5Spezies_FISH_Tag1,1,1,0.05555555555555555,0.1560310274362564,0.34839046001434326,0.14742614328861237,0.14135777950286865,0.20679457485675812
CH,1,220720_HOBIC22_5Spezies_FISH_Tag1,1,1,0.025,0.011556579731404781,0.3684026300907135,0.11772351711988449,0.033136457204818726,0.46918073296546936
CH,1,220518_HOBIC22_5Spezies_FISH_Tag1,1,2,0.08695652173913043,0.008276473730802536,0.39171144366264343,0.16630880534648895,0.08120658993721008,0.3524966835975647
CH,1,220601_HOBIC22_5Spezies_FISH_Tag1,1,2,0.1111111111111111,0.011644196696579456,0.3620263338088989,0.2520555555820465,0.1579928696155548,0.21628102660179138
CH,1,220720_HOBIC22_5Spezies_FISH_Tag1,1,2,0.05,0.03263242170214653,0.25810515880584717,0.23383639752864838,0.023312456905841827,0.4521135687828064
CH,1,220518_HOBIC22_5Spezies_FISH_Tag1,1,3,0.13043478260869565,0.023370889946818352,0.32822921872138977,0.29367122054100037,0.10205789655447006,0.2526707053184509
CH,1,220601_HOBIC22_5Spezies_FISH_Tag1,1,3,0.16666666666666666,0.14975406229496002,0.2818760275840759,0.2398746907711029,0.17551234364509583,0.15298283100128174
CH,1,220720_HOBIC22_5Spezies_FISH_Tag1,1,3,0.075,0.04199787974357605,0.1848471462726593,0.33501607179641724,0.02209753543138504,0.41604137420654297
CH,1,220518_HOBIC22_5Spezies_FISH_Tag1,1,4,0.17391304347826086,0.14031538367271423,0.2002042531967163,0.4172142744064331,0.1153877004981041,0.12687836587429047
CH,1,220601_HOBIC22_5Spezies_FISH_Tag1,1,4,0.2222222222222222,0.2621191143989563,0.18212565779685974,0.2698809504508972,0.16859914362430573,0.11727515608072281
CH,1,220720_HOBIC22_5Spezies_FISH_Tag1,1,4,0.1,0.040360718965530396,0.1580604761838913,0.3951788544654846,0.02201239950954914,0.3843875825405121
CH,1,220518_HOBIC22_5Spezies_FISH_Tag1,1,5,0.21739130434782608,0.2521892786026001,0.1881745606660843,0.35259631276130676,0.12229756265878677,0.08474226295948029
CH,1,220601_HOBIC22_5Spezies_FISH_Tag1,1,5,0.2777777777777778,0.29852986335754395,0.1548730880022049,0.2796737551689148,0.16589516401290894,0.10102805495262146
CH,1,220720_HOBIC22_5Spezies_FISH_Tag1,1,5,0.125,0.03896339610219002,0.14687728881835938,0.43232491612434387,0.02389802783727646,0.35793641209602356
CH,1,220518_HOBIC22_5Spezies_FISH_Tag1,1,6,0.2608695652173913,0.34289997816085815,0.18098579347133636,0.2909562587738037,0.12272100895643234,0.062436964362859726
CH,1,220601_HOBIC22_5Spezies_FISH_Tag1,1,6,0.3333333333333333,0.33465540409088135,0.1507757604122162,0.26053881645202637,0.1673358529806137,0.08669421076774597
CH,1,220720_HOBIC22_5Spezies_FISH_Tag1,1,6,0.15,0.04806184768676758,0.14253993332386017,0.44839373230934143,0.029927022755146027,0.3310774862766266
CH,1,220518_HOBIC22_5Spezies_FISH_Tag1,1,7,0.30434782608695654,0.3946957588195801,0.1772145926952362,0.25093191862106323,0.1150907352566719,0.06206698343157768
CH,1,220601_HOBIC22_5Spezies_FISH_Tag1,1,7,0.3888888888888889,0.36944812536239624,0.13954594731330872,0.24381926655769348,0.1720748245716095,0.07511185109615326
CH,1,220720_HOBIC22_5Spezies_FISH_Tag1,1,7,0.175,0.06632103025913239,0.1385985165834427,0.46515458822250366,0.03894754499197006,0.2909783720970154
CH,1,220518_HOBIC22_5Spezies_FISH_Tag1,1,8,0.34782608695652173,0.39338475465774536,0.1867770254611969,0.23702891170978546,0.11221344023942947,0.07059597223997116
CH,1,220601_HOBIC22_5Spezies_FISH_Tag1,1,8,0.4444444444444444,0.4049723744392395,0.13814261555671692,0.2260647714138031,0.1580478847026825,0.07277239114046097
CH,1,220720_HOBIC22_5Spezies_FISH_Tag1,1,8,0.2,0.09610721468925476,0.13920201361179352,0.4627307653427124,0.05281785875558853,0.2491421103477478
CH,1,220518_HOBIC22_5Spezies_FISH_Tag1,1,9,0.391304347826087,0.38808727264404297,0.19416296482086182,0.22872258722782135,0.11327361315488815,0.07575362175703049
CH,1,220601_HOBIC22_5Spezies_FISH_Tag1,1,9,0.5,0.4438886046409607,0.13042743504047394,0.2191232144832611,0.14365741610527039,0.06290338188409805
CH,1,220720_HOBIC22_5Spezies_FISH_Tag1,1,9,0.225,0.1524919718503952,0.1456209421157837,0.4283764958381653,0.07508054375648499,0.19843006134033203
CH,1,220518_HOBIC22_5Spezies_FISH_Tag1,1,10,0.43478260869565216,0.3929497003555298,0.20084618031978607,0.21450883150100708,0.11484977602958679,0.07684548944234848
CH,1,220601_HOBIC22_5Spezies_FISH_Tag1,1,10,0.5555555555555556,0.46085935831069946,0.13050436973571777,0.2080836147069931,0.1494852900505066,0.051067426800727844
CH,1,220720_HOBIC22_5Spezies_FISH_Tag1,1,10,0.25,0.2259952425956726,0.15394239127635956,0.37134265899658203,0.09040169417858124,0.1583179533481598
CH,1,220518_HOBIC22_5Spezies_FISH_Tag1,1,11,0.4782608695652174,0.3968921899795532,0.207301065325737,0.20143070816993713,0.11759087443351746,0.0767851397395134
CH,1,220601_HOBIC22_5Spezies_FISH_Tag1,1,11,0.6111111111111112,0.47623491287231445,0.14476227760314941,0.1880033016204834,0.14562882483005524,0.04537064582109451
CH,1,220720_HOBIC22_5Spezies_FISH_Tag1,1,11,0.275,0.2875784635543823,0.1499207317829132,0.32473647594451904,0.09930989146232605,0.1384543925523758
CH,1,220518_HOBIC22_5Spezies_FISH_Tag1,1,12,0.5217391304347826,0.40917783975601196,0.21287989616394043,0.1830403059720993,0.11986875534057617,0.07503317296504974
CH,1,220601_HOBIC22_5Spezies_FISH_Tag1,1,12,0.6666666666666666,0.49548426270484924,0.1528751254081726,0.1705128699541092,0.13209928572177887,0.04902848228812218
CH,1,220720_HOBIC22_5Spezies_FISH_Tag1,1,12,0.3,0.32565924525260925,0.15520890057086945,0.29004502296447754,0.1013670563697815,0.1277197301387787
CH,1,220518_HOBIC22_5Spezies_FISH_Tag1,1,13,0.5652173913043478,0.41400012373924255,0.22382105886936188,0.16377688944339752,0.12123260647058487,0.07716933637857437
CH,1,220601_HOBIC22_5Spezies_FISH_Tag1,1,13,0.7222222222222222,0.5358017683029175,0.16887710988521576,0.12884867191314697,0.10891146212816238,0.0575610026717186
CH,1,220720_HOBIC22_5Spezies_FISH_Tag1,1,13,0.325,0.3496389389038086,0.15984338521957397,0.262142539024353,0.10188150405883789,0.1264936774969101
CH,1,220518_HOBIC22_5Spezies_FISH_Tag1,1,14,0.6086956521739131,0.39924272894859314,0.243021160364151,0.14603397250175476,0.12480337172746658,0.08689874410629272
CH,1,220601_HOBIC22_5Spezies_FISH_Tag1,1,14,0.7777777777777778,0.59786456823349,0.1876806914806366,0.07409375160932541,0.0768241137266159,0.06353691220283508
CH,1,220720_HOBIC22_5Spezies_FISH_Tag1,1,14,0.35,0.3692103922367096,0.1582133173942566,0.23745191097259521,0.10363510251045227,0.13148927688598633
CH,1,220518_HOBIC22_5Spezies_FISH_Tag1,1,15,0.6521739130434783,0.37317028641700745,0.2713707685470581,0.1276378482580185,0.1263134777545929,0.10150761157274246
CH,1,220601_HOBIC22_5Spezies_FISH_Tag1,1,15,0.8333333333333334,0.6368333697319031,0.20232996344566345,0.04210398718714714,0.054293710738420486,0.06443896889686584
CH,1,220720_HOBIC22_5Spezies_FISH_Tag1,1,15,0.375,0.38509586453437805,0.16180148720741272,0.21360544860363007,0.10602355748414993,0.13347366452217102
CH,1,220518_HOBIC22_5Spezies_FISH_Tag1,1,16,0.6956521739130435,0.3477977216243744,0.2878163754940033,0.12316927313804626,0.1210266500711441,0.12018997222185135
CH,1,220601_HOBIC22_5Spezies_FISH_Tag1,1,16,0.8888888888888888,0.6500204801559448,0.21496309340000153,0.02327287197113037,0.04659116268157959,0.0651523545384407
CH,1,220720_HOBIC22_5Spezies_FISH_Tag1,1,16,0.4,0.39484480023384094,0.16894479095935822,0.18616238236427307,0.10684658586978912,0.14320135116577148
CH,1,220518_HOBIC22_5Spezies_FISH_Tag1,1,17,0.7391304347826086,0.3339788019657135,0.3103893995285034,0.10876040160655975,0.11427883058786392,0.13259252905845642
CH,1,220601_HOBIC22_5Spezies_FISH_Tag1,1,17,0.9444444444444444,0.6620626449584961,0.2128363698720932,0.01974853314459324,0.04526239261031151,0.06008999049663544
CH,1,220720_HOBIC22_5Spezies_FISH_Tag1,1,17,0.425,0.39791783690452576,0.17586171627044678,0.171550914645195,0.10512492805719376,0.1495445817708969
CH,1,220518_HOBIC22_5Spezies_FISH_Tag1,1,18,0.782608695652174,0.3028361201286316,0.3472721576690674,0.07755830883979797,0.1050795316696167,0.16725382208824158
CH,1,220601_HOBIC22_5Spezies_FISH_Tag1,1,18,1.0,0.6619358658790588,0.21582594513893127,0.017927266657352448,0.044477831572294235,0.059833135455846786
CH,1,220720_HOBIC22_5Spezies_FISH_Tag1,1,18,0.45,0.39432862401008606,0.18109439313411713,0.16972756385803223,0.10142264515161514,0.15342676639556885
CH,1,220518_HOBIC22_5Spezies_FISH_Tag1,1,19,0.8260869565217391,0.2578706741333008,0.3984513580799103,0.047114428132772446,0.08753389865159988,0.2090296447277069
CH,1,220720_HOBIC22_5Spezies_FISH_Tag1,1,19,0.475,0.38273459672927856,0.20694194734096527,0.14970062673091888,0.095482736825943,0.1651400774717331
CH,1,220518_HOBIC22_5Spezies_FISH_Tag1,1,20,0.8695652173913043,0.22311632335186005,0.43288636207580566,0.027493858709931374,0.06712491065263748,0.249378502368927
CH,1,220720_HOBIC22_5Spezies_FISH_Tag1,1,20,0.5,0.35295912623405457,0.24512968957424164,0.11558669805526733,0.08327954262495041,0.20304498076438904
CH,1,220518_HOBIC22_5Spezies_FISH_Tag1,1,21,0.9130434782608695,0.18803584575653076,0.4663265645503998,0.01239222101867199,0.04131424427032471,0.2919310927391052
CH,1,220720_HOBIC22_5Spezies_FISH_Tag1,1,21,0.525,0.3322901427745819,0.2624034285545349,0.09264496713876724,0.07311961054801941,0.23954181373119354
CH,1,220518_HOBIC22_5Spezies_FISH_Tag1,1,22,0.9565217391304348,0.16113242506980896,0.4879480302333832,0.006795927882194519,0.024929329752922058,0.3191942870616913
CH,1,220720_HOBIC22_5Spezies_FISH_Tag1,1,22,0.55,0.2935026288032532,0.29605236649513245,0.06622012704610825,0.06212598830461502,0.2820988893508911
CH,1,220518_HOBIC22_5Spezies_FISH_Tag1,1,23,1.0,0.14618714153766632,0.4941617548465729,0.0052251252345740795,0.022087834775447845,0.3323381543159485
CH,1,220720_HOBIC22_5Spezies_FISH_Tag1,1,23,0.575,0.2540172040462494,0.3358221650123596,0.05165575072169304,0.053256791085004807,0.30524805188179016
CH,1,220720_HOBIC22_5Spezies_FISH_Tag1,1,24,0.6,0.22226504981517792,0.36632606387138367,0.04099292680621147,0.04408589377999306,0.3263300061225891
CH,1,220720_HOBIC22_5Spezies_FISH_Tag1,1,25,0.625,0.21113373339176178,0.3507634103298187,0.041664525866508484,0.042840901762247086,0.3535974621772766
CH,1,220720_HOBIC22_5Spezies_FISH_Tag1,1,26,0.65,0.20604510605335236,0.34486353397369385,0.03671449050307274,0.0385192334651947,0.373857706785202
CH,1,220720_HOBIC22_5Spezies_FISH_Tag1,1,27,0.675,0.19152046740055084,0.3497249186038971,0.03272096440196037,0.034923721104860306,0.39110997319221497
CH,1,220720_HOBIC22_5Spezies_FISH_Tag1,1,28,0.7,0.19524961709976196,0.34824633598327637,0.030042828992009163,0.03363118693232536,0.3928300440311432
CH,1,220720_HOBIC22_5Spezies_FISH_Tag1,1,29,0.725,0.17478890717029572,0.36278313398361206,0.024514153599739075,0.029994415119290352,0.40791940689086914
CH,1,220720_HOBIC22_5Spezies_FISH_Tag1,1,30,0.75,0.16876566410064697,0.36435532569885254,0.019032824784517288,0.02715836837887764,0.42068782448768616
CH,1,220720_HOBIC22_5Spezies_FISH_Tag1,1,31,0.775,0.16998092830181122,0.3656618893146515,0.01381708774715662,0.02554982900619507,0.42499029636383057
CH,1,220720_HOBIC22_5Spezies_FISH_Tag1,1,32,0.8,0.14154982566833496,0.3876698613166809,0.010201861150562763,0.020263424143195152,0.44031497836112976
CH,1,220720_HOBIC22_5Spezies_FISH_Tag1,1,33,0.825,0.15827564895153046,0.37729382514953613,0.010572335682809353,0.02214493788778782,0.4317132532596588
CH,1,220720_HOBIC22_5Spezies_FISH_Tag1,1,34,0.85,0.15686826407909393,0.37575146555900574,0.010859016329050064,0.021925102919340134,0.43459612131118774
CH,1,220720_HOBIC22_5Spezies_FISH_Tag1,1,35,0.875,0.15683120489120483,0.3807995319366455,0.010410482063889503,0.021982930600643158,0.42997586727142334
CH,1,220720_HOBIC22_5Spezies_FISH_Tag1,1,36,0.9,0.15455034375190735,0.37704944610595703,0.010413339361548424,0.021772131323814392,0.43621471524238586
CH,1,220720_HOBIC22_5Spezies_FISH_Tag1,1,37,0.925,0.14498840272426605,0.3883407413959503,0.009560833685100079,0.019306523725390434,0.4378035068511963
CH,1,220720_HOBIC22_5Spezies_FISH_Tag1,1,38,0.95,0.140443816781044,0.3930647075176239,0.009715375490486622,0.01946575939655304,0.4373103678226471
CH,1,220720_HOBIC22_5Spezies_FISH_Tag1,1,39,0.975,0.15806591510772705,0.38176029920578003,0.009498082101345062,0.02124202623963356,0.4294336438179016
CH,1,220720_HOBIC22_5Spezies_FISH_Tag1,1,40,1.0,0.14903442561626434,0.3914000391960144,0.009764391928911209,0.019273243844509125,0.430527925491333
CH,1,220518_HOBIC22_5Spezies_FISH_Tag1,2,0,0.0,0.036452148109674454,0.34446367621421814,0.24736453592777252,0.06378178298473358,0.3079378008842468
CH,1,220601_HOBIC22_5Spezies_FISH_Tag1,2,0,0.0,0.48760291934013367,0.23982295393943787,0.06472979485988617,0.10206703096628189,0.1057773157954216
CH,1,220720_HOBIC22_5Spezies_FISH_Tag1,2,0,0.0,0.0804634764790535,0.1905316561460495,0.29782605171203613,0.016734695062041283,0.4144441485404968
CH,1,220518_HOBIC22_5Spezies_FISH_Tag1,2,1,0.08333333333333333,0.002705055521801114,0.39130619168281555,0.19050930440425873,0.06806594878435135,0.3474135100841522
CH,1,220601_HOBIC22_5Spezies_FISH_Tag1,2,1,0.09090909090909091,0.25773951411247253,0.3011617660522461,0.12720021605491638,0.16071216762065887,0.1531863659620285
CH,1,220720_HOBIC22_5Spezies_FISH_Tag1,2,1,0.02631578947368421,0.0719752162694931,0.1862274706363678,0.3185279965400696,0.01616692915558815,0.40710240602493286
CH,1,220518_HOBIC22_5Spezies_FISH_Tag1,2,2,0.16666666666666666,0.01836644671857357,0.27773675322532654,0.3967553973197937,0.07290317118167877,0.23423819243907928
CH,1,220601_HOBIC22_5Spezies_FISH_Tag1,2,2,0.18181818181818182,0.02044638805091381,0.376400351524353,0.20640191435813904,0.18095815181732178,0.215793177485466
CH,1,220720_HOBIC22_5Spezies_FISH_Tag1,2,2,0.05263157894736842,0.06857817620038986,0.17902159690856934,0.34761834144592285,0.017615774646401405,0.3871661424636841
CH,1,220518_HOBIC22_5Spezies_FISH_Tag1,2,3,0.25,0.03828047960996628,0.2151302546262741,0.5065473914146423,0.06943453848361969,0.17060737311840057
CH,1,220601_HOBIC22_5Spezies_FISH_Tag1,2,3,0.2727272727272727,0.16528235375881195,0.2638286054134369,0.264461487531662,0.21191637217998505,0.09451112896203995
CH,1,220720_HOBIC22_5Spezies_FISH_Tag1,2,3,0.07894736842105263,0.058720093220472336,0.18058347702026367,0.36817777156829834,0.01681622676551342,0.3757023513317108
CH,1,220518_HOBIC22_5Spezies_FISH_Tag1,2,4,0.3333333333333333,0.07141963392496109,0.21439562737941742,0.4911901354789734,0.09164611250162125,0.13134855031967163
CH,1,220601_HOBIC22_5Spezies_FISH_Tag1,2,4,0.36363636363636365,0.3498808741569519,0.1848151981830597,0.24676373600959778,0.15571251511573792,0.06282762438058853
CH,1,220720_HOBIC22_5Spezies_FISH_Tag1,2,4,0.10526315789473684,0.06092112883925438,0.17982903122901917,0.38155272603034973,0.018697941675782204,0.35899919271469116
CH,1,220518_HOBIC22_5Spezies_FISH_Tag1,2,5,0.4166666666666667,0.2618737816810608,0.1948441118001938,0.36850783228874207,0.1103045865893364,0.06446970254182816
CH,1,220601_HOBIC22_5Spezies_FISH_Tag1,2,5,0.45454545454545453,0.4676581025123596,0.1985401213169098,0.1542285680770874,0.10649611800909042,0.07307709753513336
CH,1,220720_HOBIC22_5Spezies_FISH_Tag1,2,5,0.13157894736842105,0.06664875149726868,0.1768803745508194,0.3983410596847534,0.022198578342795372,0.3359312415122986
CH,1,220518_HOBIC22_5Spezies_FISH_Tag1,2,6,0.5,0.4070894122123718,0.17678427696228027,0.2736481726169586,0.1030287891626358,0.03944928199052811
CH,1,220601_HOBIC22_5Spezies_FISH_Tag1,2,6,0.5454545454545454,0.5501564741134644,0.2396315038204193,0.06202852353453636,0.06532038003206253,0.08286312967538834
CH,1,220720_HOBIC22_5Spezies_FISH_Tag1,2,6,0.15789473684210525,0.06521271914243698,0.1759040802717209,0.4101646840572357,0.023253697901964188,0.32546478509902954
CH,1,220518_HOBIC22_5Spezies_FISH_Tag1,2,7,0.5833333333333334,0.4594101905822754,0.1767992079257965,0.23115216195583344,0.10292381793260574,0.029714616015553474
CH,1,220601_HOBIC22_5Spezies_FISH_Tag1,2,7,0.6363636363636364,0.5868396759033203,0.2571873068809509,0.026467841118574142,0.05166022852063179,0.07784484326839447
CH,1,220720_HOBIC22_5Spezies_FISH_Tag1,2,7,0.18421052631578946,0.07542569935321808,0.1764848530292511,0.4100428521633148,0.026517415419220924,0.31152909994125366
CH,1,220518_HOBIC22_5Spezies_FISH_Tag1,2,8,0.6666666666666666,0.5614650249481201,0.1623418629169464,0.16221916675567627,0.08873831480741501,0.025235584005713463
CH,1,220601_HOBIC22_5Spezies_FISH_Tag1,2,8,0.7272727272727273,0.6037685871124268,0.26510193943977356,0.009827141650021076,0.04607399180531502,0.07522846013307571
CH,1,220720_HOBIC22_5Spezies_FISH_Tag1,2,8,0.21052631578947367,0.0848928764462471,0.17738249897956848,0.4093475639820099,0.0297774039208889,0.29859963059425354
CH,1,220518_HOBIC22_5Spezies_FISH_Tag1,2,9,0.75,0.5471011996269226,0.21194960176944733,0.10136979818344116,0.08683507889509201,0.05274435505270958
CH,1,220601_HOBIC22_5Spezies_FISH_Tag1,2,9,0.8181818181818182,0.6110714673995972,0.2664192020893097,0.0077944532968103886,0.04320433735847473,0.07151059806346893
CH,1,220720_HOBIC22_5Spezies_FISH_Tag1,2,9,0.23684210526315788,0.10170141607522964,0.18045835196971893,0.4060349762439728,0.03562178835272789,0.27618345618247986
CH,1,220518_HOBIC22_5Spezies_FISH_Tag1,2,10,0.8333333333333334,0.422417551279068,0.32016292214393616,0.04451429843902588,0.06990645825862885,0.1429987996816635
CH,1,220601_HOBIC22_5Spezies_FISH_Tag1,2,10,0.9090909090909091,0.6174177527427673,0.2679223120212555,0.0036596893332898617,0.04156114533543587,0.0694391280412674
CH,1,220720_HOBIC22_5Spezies_FISH_Tag1,2,10,0.2631578947368421,0.13090403378009796,0.18313485383987427,0.38447484374046326,0.04179674759507179,0.2596895098686218
CH,1,220518_HOBIC22_5Spezies_FISH_Tag1,2,11,0.9166666666666666,0.2989659905433655,0.40803298354148865,0.01978313736617565,0.04675577953457832,0.22646211087703705
CH,1,220601_HOBIC22_5Spezies_FISH_Tag1,2,11,1.0,0.6212836503982544,0.2666781544685364,0.002231012796983123,0.04112081974744797,0.06868626922369003
CH,1,220720_HOBIC22_5Spezies_FISH_Tag1,2,11,0.2894736842105263,0.14028017222881317,0.18519501388072968,0.37321290373802185,0.04173944517970085,0.25957244634628296
CH,1,220518_HOBIC22_5Spezies_FISH_Tag1,2,12,1.0,0.2330617606639862,0.45038601756095886,0.01381769124418497,0.03476891294121742,0.26796555519104004
CH,1,220720_HOBIC22_5Spezies_FISH_Tag1,2,12,0.3157894736842105,0.14837905764579773,0.19344227015972137,0.3619098663330078,0.04519651085138321,0.25107231736183167
CH,1,220720_HOBIC22_5Spezies_FISH_Tag1,2,13,0.34210526315789475,0.1587209701538086,0.20572805404663086,0.34994882345199585,0.04975688084959984,0.23584525287151337
CH,1,220720_HOBIC22_5Spezies_FISH_Tag1,2,14,0.3684210526315789,0.18009249866008759,0.20693619549274445,0.3315841555595398,0.05272981524467468,0.22865734994411469
CH,1,220720_HOBIC22_5Spezies_FISH_Tag1,2,15,0.39473684210526316,0.20723819732666016,0.19679322838783264,0.31621530652046204,0.05657155439257622,0.22318175435066223
CH,1,220720_HOBIC22_5Spezies_FISH_Tag1,2,16,0.42105263157894735,0.23383057117462158,0.1937999725341797,0.3035123944282532,0.06517527997493744,0.20368173718452454
CH,1,220720_HOBIC22_5Spezies_FISH_Tag1,2,17,0.4473684210526316,0.25966814160346985,0.19873185455799103,0.2841978073120117,0.07281219214200974,0.18459002673625946
CH,1,220720_HOBIC22_5Spezies_FISH_Tag1,2,18,0.47368421052631576,0.2916792631149292,0.20655590295791626,0.2539164423942566,0.07771703600883484,0.1701313853263855
CH,1,220720_HOBIC22_5Spezies_FISH_Tag1,2,19,0.5,0.32306569814682007,0.19450300931930542,0.23951323330402374,0.08190486580133438,0.1610131710767746
CH,1,220720_HOBIC22_5Spezies_FISH_Tag1,2,20,0.5263157894736842,0.34621429443359375,0.18907776474952698,0.23278598487377167,0.0869099348783493,0.1450120508670807
CH,1,220720_HOBIC22_5Spezies_FISH_Tag1,2,21,0.5526315789473685,0.3722383379936218,0.1799224615097046,0.2160370796918869,0.09050285071134567,0.1412992924451828
CH,1,220720_HOBIC22_5Spezies_FISH_Tag1,2,22,0.5789473684210527,0.38701486587524414,0.1846521496772766,0.18784743547439575,0.08729077875614166,0.15319478511810303
CH,1,220720_HOBIC22_5Spezies_FISH_Tag1,2,23,0.6052631578947368,0.3771466612815857,0.2028564214706421,0.16215023398399353,0.07862632721662521,0.17922033369541168
CH,1,220720_HOBIC22_5Spezies_FISH_Tag1,2,24,0.631578947368421,0.34927505254745483,0.22139818966388702,0.15141433477401733,0.07256202399730682,0.2053503543138504
CH,1,220720_HOBIC22_5Spezies_FISH_Tag1,2,25,0.6578947368421053,0.3241436183452606,0.2335517406463623,0.14749158918857574,0.06794356554746628,0.22686956822872162
CH,1,220720_HOBIC22_5Spezies_FISH_Tag1,2,26,0.6842105263157895,0.30323031544685364,0.2546493709087372,0.1321619749069214,0.05980809032917023,0.25015026330947876
CH,1,220720_HOBIC22_5Spezies_FISH_Tag1,2,27,0.7105263157894737,0.2661098837852478,0.28825560212135315,0.09071307629346848,0.04893587529659271,0.30598556995391846
CH,1,220720_HOBIC22_5Spezies_FISH_Tag1,2,28,0.7368421052631579,0.22732338309288025,0.3117610216140747,0.07536037266254425,0.040767088532447815,0.34478819370269775
CH,1,220720_HOBIC22_5Spezies_FISH_Tag1,2,29,0.7631578947368421,0.19942481815814972,0.3299347460269928,0.057605378329753876,0.032006099820137024,0.3810289204120636
CH,1,220720_HOBIC22_5Spezies_FISH_Tag1,2,30,0.7894736842105263,0.17191918194293976,0.3507337272167206,0.038064513355493546,0.026106344535946846,0.41317617893218994
CH,1,220720_HOBIC22_5Spezies_FISH_Tag1,2,31,0.8157894736842105,0.1505274772644043,0.37014853954315186,0.023848431184887886,0.02028779312968254,0.43518778681755066
CH,1,220720_HOBIC22_5Spezies_FISH_Tag1,2,32,0.8421052631578947,0.13258345425128937,0.3758678436279297,0.01922542415559292,0.018550220876932144,0.45377302169799805
CH,1,220720_HOBIC22_5Spezies_FISH_Tag1,2,33,0.868421052631579,0.13384784758090973,0.37319323420524597,0.01711106300354004,0.018763579428195953,0.45708420872688293
CH,1,220720_HOBIC22_5Spezies_FISH_Tag1,2,34,0.8947368421052632,0.11171204596757889,0.3882374167442322,0.0130036361515522,0.014375424943864346,0.4726715087890625
CH,1,220720_HOBIC22_5Spezies_FISH_Tag1,2,35,0.9210526315789473,0.11488568037748337,0.38548263907432556,0.012210988439619541,0.014436280354857445,0.4729844033718109
CH,1,220720_HOBIC22_5Spezies_FISH_Tag1,2,36,0.9473684210526315,0.11321189254522324,0.3863024115562439,0.010940629057586193,0.014355096034705639,0.4751899242401123
CH,1,220720_HOBIC22_5Spezies_FISH_Tag1,2,37,0.9736842105263158,0.116814523935318,0.38599440455436707,0.01079205609858036,0.014681666158139706,0.47171738743782043
CH,1,220720_HOBIC22_5Spezies_FISH_Tag1,2,38,1.0,0.11366377770900726,0.388820618391037,0.010680319741368294,0.014562752097845078,0.4722725749015808
CH,1,220518_HOBIC22_5Spezies_FISH_Tag1,3,0,0.0,0.09467580169439316,0.35908031463623047,0.21651528775691986,0.039433203637599945,0.29029542207717896
CH,1,220601_HOBIC22_5Spezies_FISH_Tag1,3,0,0.0,0.3341262638568878,0.24926358461380005,0.11062854528427124,0.16317087411880493,0.14281071722507477
CH,1,220720_HOBIC22_5Spezies_FISH_Tag1,3,0,0.0,0.04442114755511284,0.13321909308433533,0.3528139591217041,0.02282061241567135,0.4467252194881439
CH,1,220518_HOBIC22_5Spezies_FISH_Tag1,3,1,0.05263157894736842,0.02778671123087406,0.3617790639400482,0.19180868566036224,0.05396483838558197,0.36466068029403687
CH,1,220601_HOBIC22_5Spezies_FISH_Tag1,3,1,0.1111111111111111,0.08623351156711578,0.352303147315979,0.14896206557750702,0.2077895700931549,0.20471163094043732
CH,1,220720_HOBIC22_5Spezies_FISH_Tag1,3,1,0.025,0.046415794640779495,0.1298966258764267,0.3729313313961029,0.02526279352605343,0.425493448972702
CH,1,220518_HOBIC22_5Spezies_FISH_Tag1,3,2,0.10526315789473684,0.005089718382805586,0.38318684697151184,0.19177031517028809,0.05666927248239517,0.36328378319740295
CH,1,220601_HOBIC22_5Spezies_FISH_Tag1,3,2,0.2222222222222222,0.041095834225416183,0.39261916279792786,0.19274188578128815,0.21428823471069336,0.15925486385822296
CH,1,220720_HOBIC22_5Spezies_FISH_Tag1,3,2,0.05,0.044433824717998505,0.1323646605014801,0.38732361793518066,0.02669057808816433,0.40918734669685364
CH,1,220518_HOBIC22_5Spezies_FISH_Tag1,3,3,0.15789473684210525,0.04721817374229431,0.23201559484004974,0.4616421163082123,0.05243756249547005,0.20668651163578033
CH,1,220601_HOBIC22_5Spezies_FISH_Tag1,3,3,0.3333333333333333,0.26633521914482117,0.1792004108428955,0.2559301257133484,0.20790091156959534,0.090633325278759
CH,1,220720_HOBIC22_5Spezies_FISH_Tag1,3,3,0.075,0.050853949040174484,0.12839320302009583,0.4137096703052521,0.034424521028995514,0.372618705034256
CH,1,220518_HOBIC22_5Spezies_FISH_Tag1,3,4,0.21052631578947367,0.05263424664735794,0.20514178276062012,0.521980345249176,0.046804554760456085,0.17343904078006744
CH,1,220601_HOBIC22_5Spezies_FISH_Tag1,3,4,0.4444444444444444,0.38049396872520447,0.15633316338062286,0.21394391357898712,0.17822661995887756,0.07100231200456619
CH,1,220720_HOBIC22_5Spezies_FISH_Tag1,3,4,0.1,0.075560562312603,0.13099990785121918,0.4185505211353302,0.05002927780151367,0.32485976815223694
CH,1,220518_HOBIC22_5Spezies_FISH_Tag1,3,5,0.2631578947368421,0.04838484153151512,0.20403152704238892,0.5348381996154785,0.050695374608039856,0.16205009818077087
CH,1,220601_HOBIC22_5Spezies_FISH_Tag1,3,5,0.5555555555555556,0.458273321390152,0.1587059497833252,0.1619265377521515,0.1433805227279663,0.07771366834640503
CH,1,220720_HOBIC22_5Spezies_FISH_Tag1,3,5,0.125,0.1275814324617386,0.13695165514945984,0.3920140564441681,0.07312940061092377,0.2703234553337097
CH,1,220518_HOBIC22_5Spezies_FISH_Tag1,3,6,0.3157894736842105,0.057499565184116364,0.21024473011493683,0.5240998268127441,0.060353223234415054,0.14780259132385254
CH,1,220601_HOBIC22_5Spezies_FISH_Tag1,3,6,0.6666666666666666,0.5347014665603638,0.1782996654510498,0.10117218643426895,0.10620072484016418,0.07962596416473389
CH,1,220720_HOBIC22_5Spezies_FISH_Tag1,3,6,0.15,0.2020629644393921,0.13825774192810059,0.34631988406181335,0.0916215106844902,0.2217378318309784
CH,1,220518_HOBIC22_5Spezies_FISH_Tag1,3,7,0.3684210526315789,0.09960401058197021,0.21568523347377777,0.49007585644721985,0.07406162470579147,0.1205732598900795
CH,1,220601_HOBIC22_5Spezies_FISH_Tag1,3,7,0.7777777777777778,0.6024929881095886,0.2088496834039688,0.04575461894273758,0.06813403964042664,0.07476872205734253
CH,1,220720_HOBIC22_5Spezies_FISH_Tag1,3,7,0.175,0.25911474227905273,0.13209134340286255,0.31389319896698,0.10351259261369705,0.19138813018798828
CH,1,220518_HOBIC22_5Spezies_FISH_Tag1,3,8,0.42105263157894735,0.15067407488822937,0.21490047872066498,0.4517384171485901,0.08619764447212219,0.0964893326163292
CH,1,220601_HOBIC22_5Spezies_FISH_Tag1,3,8,0.8888888888888888,0.6381077170372009,0.2310122698545456,0.011841733939945698,0.049828022718429565,0.06921026110649109
CH,1,220720_HOBIC22_5Spezies_FISH_Tag1,3,8,0.2,0.2996809780597687,0.13394811749458313,0.28317195177078247,0.11282876878976822,0.1703701764345169
CH,1,220518_HOBIC22_5Spezies_FISH_Tag1,3,9,0.47368421052631576,0.21728987991809845,0.21289874613285065,0.4038865268230438,0.09705944359302521,0.06886542588472366
CH,1,220601_HOBIC22_5Spezies_FISH_Tag1,3,9,1.0,0.6522253751754761,0.23502415418624878,0.008175775408744812,0.04386196285486221,0.060712773352861404
CH,1,220720_HOBIC22_5Spezies_FISH_Tag1,3,9,0.225,0.3327794373035431,0.1381603181362152,0.254267156124115,0.11627144366502762,0.15852172672748566
CH,1,220518_HOBIC22_5Spezies_FISH_Tag1,3,10,0.5263157894736842,0.32070407271385193,0.201817125082016,0.33096110820770264,0.102405846118927,0.04411180689930916
CH,1,220720_HOBIC22_5Spezies_FISH_Tag1,3,10,0.25,0.3494090735912323,0.14757788181304932,0.22905974090099335,0.11910128593444824,0.15485206246376038
CH,1,220518_HOBIC22_5Spezies_FISH_Tag1,3,11,0.5789473684210527,0.40758195519447327,0.2005206197500229,0.25526025891304016,0.1048712357878685,0.03176598995923996
CH,1,220720_HOBIC22_5Spezies_FISH_Tag1,3,11,0.275,0.35824739933013916,0.17141695320606232,0.1991768330335617,0.11803900450468063,0.1531197875738144
CH,1,220518_HOBIC22_5Spezies_FISH_Tag1,3,12,0.631578947368421,0.4392074942588806,0.220398411154747,0.19483426213264465,0.10551837086677551,0.04004138708114624
CH,1,220720_HOBIC22_5Spezies_FISH_Tag1,3,12,0.3,0.3481636047363281,0.19228443503379822,0.18038150668144226,0.11425536125898361,0.16491511464118958
CH,1,220518_HOBIC22_5Spezies_FISH_Tag1,3,13,0.6842105263157895,0.41356486082077026,0.2557632327079773,0.15824517607688904,0.10604358464479446,0.06638317555189133
CH,1,220720_HOBIC22_5Spezies_FISH_Tag1,3,13,0.325,0.3435634672641754,0.19703973829746246,0.17248335480690002,0.11117659509181976,0.17573679983615875
CH,1,220518_HOBIC22_5Spezies_FISH_Tag1,3,14,0.7368421052631579,0.3753563165664673,0.30089953541755676,0.12343544512987137,0.0959106907248497,0.10439798980951309
CH,1,220720_HOBIC22_5Spezies_FISH_Tag1,3,14,0.35,0.33304935693740845,0.21561726927757263,0.15531346201896667,0.10591139644384384,0.19010858237743378
CH,1,220518_HOBIC22_5Spezies_FISH_Tag1,3,15,0.7894736842105263,0.32052433490753174,0.3529004752635956,0.08571858704090118,0.08104512840509415,0.15981155633926392
CH,1,220720_HOBIC22_5Spezies_FISH_Tag1,3,15,0.375,0.3206748068332672,0.24306374788284302,0.13573221862316132,0.0992719903588295,0.20125721395015717
CH,1,220518_HOBIC22_5Spezies_FISH_Tag1,3,16,0.8421052631578947,0.2587389051914215,0.4095730483531952,0.054173946380615234,0.06614211946725845,0.2113719880580902
CH,1,220720_HOBIC22_5Spezies_FISH_Tag1,3,16,0.4,0.31893059611320496,0.24907678365707397,0.11864428967237473,0.09382491558790207,0.21952340006828308
CH,1,220518_HOBIC22_5Spezies_FISH_Tag1,3,17,0.8947368421052632,0.21609105169773102,0.45438939332962036,0.029751023277640343,0.0479276105761528,0.25184088945388794
CH,1,220720_HOBIC22_5Spezies_FISH_Tag1,3,17,0.425,0.3067567050457001,0.25481700897216797,0.10368598252534866,0.0888720452785492,0.24586832523345947
CH,1,220518_HOBIC22_5Spezies_FISH_Tag1,3,18,0.9473684210526315,0.17770187556743622,0.48713162541389465,0.014201147481799126,0.03083798848092556,0.29012736678123474
CH,1,220720_HOBIC22_5Spezies_FISH_Tag1,3,18,0.45,0.30376937985420227,0.26348161697387695,0.09471914172172546,0.08444570004940033,0.25358420610427856
CH,1,220518_HOBIC22_5Spezies_FISH_Tag1,3,19,1.0,0.1506744921207428,0.509623646736145,0.010942500084638596,0.023731637746095657,0.3050277531147003
CH,1,220720_HOBIC22_5Spezies_FISH_Tag1,3,19,0.475,0.3042665123939514,0.2668420672416687,0.08546677231788635,0.08060618489980698,0.26281842589378357
CH,1,220720_HOBIC22_5Spezies_FISH_Tag1,3,20,0.5,0.2805808186531067,0.29107537865638733,0.07503398507833481,0.07225307077169418,0.28105682134628296
CH,1,220720_HOBIC22_5Spezies_FISH_Tag1,3,21,0.525,0.2641755938529968,0.3129744231700897,0.05989092215895653,0.06177886575460434,0.3011802136898041
CH,1,220720_HOBIC22_5Spezies_FISH_Tag1,3,22,0.55,0.2503121793270111,0.3311767578125,0.05098123475909233,0.05288694426417351,0.31464290618896484
CH,1,220720_HOBIC22_5Spezies_FISH_Tag1,3,23,0.575,0.23651404678821564,0.34117984771728516,0.0506242960691452,0.05222368612885475,0.3194580674171448
CH,1,220720_HOBIC22_5Spezies_FISH_Tag1,3,24,0.6,0.22571024298667908,0.34250608086586,0.049386586993932724,0.04973626509308815,0.33266088366508484
CH,1,220720_HOBIC22_5Spezies_FISH_Tag1,3,25,0.625,0.20397517085075378,0.36526569724082947,0.034018103033304214,0.04286828264594078,0.353872686624527
CH,1,220720_HOBIC22_5Spezies_FISH_Tag1,3,26,0.65,0.18812602758407593,0.3793751001358032,0.026163175702095032,0.036280643194913864,0.37005504965782166
CH,1,220720_HOBIC22_5Spezies_FISH_Tag1,3,27,0.675,0.18926386535167694,0.3886573612689972,0.01922357827425003,0.03185389190912247,0.3710012435913086
CH,1,220720_HOBIC22_5Spezies_FISH_Tag1,3,28,0.7,0.1666012853384018,0.406607449054718,0.01309159491211176,0.02461989037692547,0.3890797197818756
CH,1,220720_HOBIC22_5Spezies_FISH_Tag1,3,29,0.725,0.16833557188510895,0.40546557307243347,0.010629856027662754,0.022596200928092003,0.3929729163646698
CH,1,220720_HOBIC22_5Spezies_FISH_Tag1,3,30,0.75,0.15502668917179108,0.4204936921596527,0.00902231503278017,0.018681535497307777,0.3967757523059845
CH,1,220720_HOBIC22_5Spezies_FISH_Tag1,3,31,0.775,0.16238583624362946,0.4172983765602112,0.009365221485495567,0.01981586404144764,0.39113467931747437
CH,1,220720_HOBIC22_5Spezies_FISH_Tag1,3,32,0.8,0.1687912791967392,0.41230878233909607,0.009671717882156372,0.020137373358011246,0.3890908658504486
CH,1,220720_HOBIC22_5Spezies_FISH_Tag1,3,33,0.825,0.16867490112781525,0.4089813828468323,0.011079399846494198,0.02150123566389084,0.38976314663887024
CH,1,220720_HOBIC22_5Spezies_FISH_Tag1,3,34,0.85,0.1588732898235321,0.4133194088935852,0.010069244541227818,0.019768141210079193,0.3979698419570923
CH,1,220720_HOBIC22_5Spezies_FISH_Tag1,3,35,0.875,0.12855643033981323,0.43249979615211487,0.008684972301125526,0.016184605658054352,0.4140741527080536
CH,1,220720_HOBIC22_5Spezies_FISH_Tag1,3,36,0.9,0.14061211049556732,0.4310891032218933,0.008303840644657612,0.016858218237757683,0.4031367301940918
CH,1,220720_HOBIC22_5Spezies_FISH_Tag1,3,37,0.925,0.13942782580852509,0.42606353759765625,0.007518273312598467,0.01647011935710907,0.41052019596099854
CH,1,220720_HOBIC22_5Spezies_FISH_Tag1,3,38,0.95,0.13732747733592987,0.4340292811393738,0.007414242252707481,0.016412032768130302,0.4048169255256653
CH,1,220720_HOBIC22_5Spezies_FISH_Tag1,3,39,0.975,0.14012745022773743,0.4305431842803955,0.00754293380305171,0.01648668572306633,0.40529969334602356
CH,1,220720_HOBIC22_5Spezies_FISH_Tag1,3,40,1.0,0.12746283411979675,0.43520495295524597,0.007171341218054295,0.014819255098700523,0.41534170508384705
CH,1,220518_HOBIC22_5Spezies_FISH_Tag1,4,0,0.0,0.44241365790367126,0.22884398698806763,0.055553633719682693,0.08984285593032837,0.18334586918354034
CH,1,220601_HOBIC22_5Spezies_FISH_Tag1,4,0,0.0,0.5773552656173706,0.20479567348957062,0.041202280670404434,0.08869504928588867,0.08795171231031418
CH,1,220518_HOBIC22_5Spezies_FISH_Tag1,4,1,0.07142857142857142,0.3792685568332672,0.22759903967380524,0.09670032560825348,0.12022504955530167,0.17620699107646942
CH,1,220601_HOBIC22_5Spezies_FISH_Tag1,4,1,0.09090909090909091,0.40687304735183716,0.24764351546764374,0.08179973065853119,0.1351434588432312,0.1285403072834015
CH,1,220518_HOBIC22_5Spezies_FISH_Tag1,4,2,0.14285714285714285,0.15488962829113007,0.29235661029815674,0.15810315310955048,0.19694137573242188,0.19770923256874084
CH,1,220601_HOBIC22_5Spezies_FISH_Tag1,4,2,0.18181818181818182,0.07713785767555237,0.3345300555229187,0.18073247373104095,0.20093943178653717,0.2066601812839508
CH,1,220518_HOBIC22_5Spezies_FISH_Tag1,4,3,0.21428571428571427,0.04920652508735657,0.38775336742401123,0.17751020193099976,0.2086399793624878,0.17688995599746704
CH,1,220601_HOBIC22_5Spezies_FISH_Tag1,4,3,0.2727272727272727,0.048752523958683014,0.3480910360813141,0.2481108456850052,0.21453341841697693,0.140512153506279
CH,1,220518_HOBIC22_5Spezies_FISH_Tag1,4,4,0.2857142857142857,0.3703625798225403,0.1735438108444214,0.2207779884338379,0.1715737134218216,0.06374197453260422
CH,1,220601_HOBIC22_5Spezies_FISH_Tag1,4,4,0.36363636363636365,0.30408230423927307,0.18441738188266754,0.25541815161705017,0.1832568496465683,0.0728253722190857
CH,1,220518_HOBIC22_5Spezies_FISH_Tag1,4,5,0.35714285714285715,0.4931860566139221,0.16624905169010162,0.1506730169057846,0.14286339282989502,0.04702846705913544
CH,1,220601_HOBIC22_5Spezies_FISH_Tag1,4,5,0.45454545454545453,0.42016279697418213,0.18017823994159698,0.19647864997386932,0.13362903892993927,0.06955135613679886
CH,1,220518_HOBIC22_5Spezies_FISH_Tag1,4,6,0.42857142857142855,0.5443555116653442,0.17836210131645203,0.09539402276277542,0.12059304863214493,0.061295267194509506
CH,1,220601_HOBIC22_5Spezies_FISH_Tag1,4,6,0.5454545454545454,0.5400654673576355,0.18498367071151733,0.1162862628698349,0.08302994817495346,0.07563469558954239
CH,1,220518_HOBIC22_5Spezies_FISH_Tag1,4,7,0.5,0.5003843903541565,0.2374802678823471,0.04306801036000252,0.09974490106105804,0.11932242661714554
CH,1,220601_HOBIC22_5Spezies_FISH_Tag1,4,7,0.6363636363636364,0.6215288639068604,0.21255768835544586,0.04128916561603546,0.056309349834918976,0.06831499934196472
CH,1,220518_HOBIC22_5Spezies_FISH_Tag1,4,8,0.5714285714285714,0.4126209616661072,0.30896344780921936,0.015168356709182262,0.07446319609880447,0.18878404796123505
CH,1,220601_HOBIC22_5Spezies_FISH_Tag1,4,8,0.7272727272727273,0.6577216982841492,0.21861563622951508,0.019476357847452164,0.04631994292140007,0.05786636471748352
CH,1,220518_HOBIC22_5Spezies_FISH_Tag1,4,9,0.6428571428571429,0.34398987889289856,0.3611544668674469,0.008991020731627941,0.05929848179221153,0.22656618058681488
CH,1,220601_HOBIC22_5Spezies_FISH_Tag1,4,9,0.8181818181818182,0.6710739135742188,0.21941465139389038,0.011451441794633865,0.04282237961888313,0.05523764342069626
CH,1,220518_HOBIC22_5Spezies_FISH_Tag1,4,10,0.7142857142857143,0.3100566267967224,0.38173237442970276,0.009341267868876457,0.05285463109612465,0.2460150569677353
CH,1,220601_HOBIC22_5Spezies_FISH_Tag1,4,10,0.9090909090909091,0.6821736693382263,0.2189493626356125,0.005184692796319723,0.04060189425945282,0.05309038609266281
CH,1,220518_HOBIC22_5Spezies_FISH_Tag1,4,11,0.7857142857142857,0.2782609760761261,0.3981620669364929,0.0076411208137869835,0.04992694407701492,0.2660089433193207
CH,1,220601_HOBIC22_5Spezies_FISH_Tag1,4,11,1.0,0.6856825947761536,0.2194116860628128,0.0044412631541490555,0.03935975208878517,0.05110477656126022
CH,1,220518_HOBIC22_5Spezies_FISH_Tag1,4,12,0.8571428571428571,0.2480238676071167,0.41773784160614014,0.004105089232325554,0.0384555421769619,0.29167765378952026
CH,1,220518_HOBIC22_5Spezies_FISH_Tag1,4,13,0.9285714285714286,0.22492270171642303,0.43400105834007263,0.0022936249151825905,0.03003288432955742,0.3087497353553772
CH,1,220518_HOBIC22_5Spezies_FISH_Tag1,4,14,1.0,0.21013867855072021,0.44785627722740173,0.002076459815725684,0.026409046724438667,0.31351950764656067
CH,1,220518_HOBIC22_5Spezies_FISH_Tag1,5,0,0.0,0.3601173162460327,0.2571185827255249,0.08657247573137283,0.09480222314596176,0.2013893872499466
CH,1,220518_HOBIC22_5Spezies_FISH_Tag1,5,1,0.09090909090909091,0.27496346831321716,0.2568379342556,0.14070788025856018,0.12204413115978241,0.20544661581516266
CH,1,220518_HOBIC22_5Spezies_FISH_Tag1,5,2,0.18181818181818182,0.061139803379774094,0.331279456615448,0.1801712065935135,0.1587654948234558,0.2686440050601959
CH,1,220518_HOBIC22_5Spezies_FISH_Tag1,5,3,0.2727272727272727,0.03895990550518036,0.35744956135749817,0.21987579762935638,0.1733366847038269,0.21037817001342773
CH,1,220518_HOBIC22_5Spezies_FISH_Tag1,5,4,0.36363636363636365,0.3330923616886139,0.1723487824201584,0.2689247727394104,0.15755070745944977,0.06808338314294815
CH,1,220518_HOBIC22_5Spezies_FISH_Tag1,5,5,0.45454545454545453,0.4700571298599243,0.1538316160440445,0.20254597067832947,0.14029954373836517,0.033265627920627594
CH,1,220518_HOBIC22_5Spezies_FISH_Tag1,5,6,0.5454545454545454,0.555885910987854,0.15068098902702332,0.1431449055671692,0.12248264253139496,0.027805469930171967
CH,1,220518_HOBIC22_5Spezies_FISH_Tag1,5,7,0.6363636363636364,0.5669634342193604,0.17754597961902618,0.09708119928836823,0.1102985218167305,0.048110902309417725
CH,1,220518_HOBIC22_5Spezies_FISH_Tag1,5,8,0.7272727272727273,0.502236545085907,0.2521357536315918,0.03991670906543732,0.09070546180009842,0.11500553786754608
CH,1,220518_HOBIC22_5Spezies_FISH_Tag1,5,9,0.8181818181818182,0.378804475069046,0.3407684564590454,0.009528647176921368,0.06280513107776642,0.2080933004617691
CH,1,220518_HOBIC22_5Spezies_FISH_Tag1,5,10,0.9090909090909091,0.2953970730304718,0.39309656620025635,0.005508452653884888,0.044984906911849976,0.2610130310058594
CH,1,220518_HOBIC22_5Spezies_FISH_Tag1,5,11,1.0,0.24736878275871277,0.42041319608688354,0.00436419015750289,0.037278253585100174,0.2905755937099457
CH,6,240416_HOBIC22_5Spezies_FISH_Tag6,0,0,0.0,0.21204645931720734,0.17821167409420013,0.3965270519256592,0.03135467693209648,0.18186017870903015
CH,6,240416_HOBIC22_5Spezies_FISH_Tag6,0,1,0.03225806451612903,0.20427238941192627,0.17625124752521515,0.40621915459632874,0.03238276392221451,0.18087449669837952
CH,6,240416_HOBIC22_5Spezies_FISH_Tag6,0,2,0.06451612903225806,0.19456973671913147,0.17471623420715332,0.42195791006088257,0.03298478201031685,0.17577137053012848
CH,6,240416_HOBIC22_5Spezies_FISH_Tag6,0,3,0.0967741935483871,0.18592043220996857,0.173322394490242,0.4410112202167511,0.03382892534136772,0.1659170389175415
CH,6,240416_HOBIC22_5Spezies_FISH_Tag6,0,4,0.12903225806451613,0.1782674938440323,0.17063865065574646,0.45464378595352173,0.035352922976017,0.16109713912010193
CH,6,240416_HOBIC22_5Spezies_FISH_Tag6,0,5,0.16129032258064516,0.17248320579528809,0.17002582550048828,0.46766921877861023,0.03682982176542282,0.15299192070960999
CH,6,240416_HOBIC22_5Spezies_FISH_Tag6,0,6,0.1935483870967742,0.16853827238082886,0.16903924942016602,0.47715020179748535,0.0390259250998497,0.14624635875225067
CH,6,240416_HOBIC22_5Spezies_FISH_Tag6,0,7,0.22580645161290322,0.16736063361167908,0.16455264389514923,0.4869796931743622,0.042046111077070236,0.13906100392341614
CH,6,240416_HOBIC22_5Spezies_FISH_Tag6,0,8,0.25806451612903225,0.1680861860513687,0.16201893985271454,0.4944784641265869,0.04417390376329422,0.13124249875545502
CH,6,240416_HOBIC22_5Spezies_FISH_Tag6,0,9,0.2903225806451613,0.1689598262310028,0.16034746170043945,0.49932360649108887,0.047871384769678116,0.12349776178598404
CH,6,240416_HOBIC22_5Spezies_FISH_Tag6,0,10,0.3225806451612903,0.1732822060585022,0.16165286302566528,0.5016943216323853,0.051895201206207275,0.11147544533014297
CH,6,240416_HOBIC22_5Spezies_FISH_Tag6,0,11,0.3548387096774194,0.17734113335609436,0.1591721773147583,0.5012410879135132,0.05754316970705986,0.10470239818096161
CH,6,240416_HOBIC22_5Spezies_FISH_Tag6,0,12,0.3870967741935484,0.1842476725578308,0.16014564037322998,0.4985750615596771,0.06247362866997719,0.09455797076225281
CH,6,240416_HOBIC22_5Spezies_FISH_Tag6,0,13,0.41935483870967744,0.19082024693489075,0.16028828918933868,0.494602769613266,0.06781204044818878,0.08647662401199341
CH,6,240416_HOBIC22_5Spezies_FISH_Tag6,0,14,0.45161290322580644,0.19916129112243652,0.16156217455863953,0.48743125796318054,0.07337664812803268,0.07846861332654953
CH,6,240416_HOBIC22_5Spezies_FISH_Tag6,0,15,0.4838709677419355,0.2066720575094223,0.16380788385868073,0.4781545400619507,0.07928536832332611,0.07208015024662018
CH,6,240416_HOBIC22_5Spezies_FISH_Tag6,0,16,0.5161290322580645,0.21436282992362976,0.1677255928516388,0.46689796447753906,0.08502617478370667,0.06598744541406631
CH,6,240416_HOBIC22_5Spezies_FISH_Tag6,0,17,0.5483870967741935,0.22226686775684357,0.1729026585817337,0.45248347520828247,0.09180866181850433,0.060538340359926224
CH,6,240416_HOBIC22_5Spezies_FISH_Tag6,0,18,0.5806451612903226,0.2342677265405655,0.17692868411540985,0.438119113445282,0.09754674881696701,0.05313783138990402
CH,6,240416_HOBIC22_5Spezies_FISH_Tag6,0,19,0.6129032258064516,0.24674732983112335,0.18041197955608368,0.4227774441242218,0.10223791748285294,0.047825299203395844
CH,6,240416_HOBIC22_5Spezies_FISH_Tag6,0,20,0.6451612903225806,0.25964802503585815,0.18138907849788666,0.4088152050971985,0.10729705542325974,0.042850662022829056
CH,6,240416_HOBIC22_5Spezies_FISH_Tag6,0,21,0.6774193548387096,0.27386119961738586,0.18657726049423218,0.3880127966403961,0.11209559440612793,0.03945308178663254
CH,6,240416_HOBIC22_5Spezies_FISH_Tag6,0,22,0.7096774193548387,0.28158292174339294,0.19884254038333893,0.3579343855381012,0.11768857389688492,0.043951548635959625
CH,6,240416_HOBIC22_5Spezies_FISH_Tag6,0,23,0.7419354838709677,0.3313286006450653,0.19332586228847504,0.32467225193977356,0.10517873615026474,0.04549449682235718
CH,6,240416_HOBIC22_5Spezies_FISH_Tag6,0,24,0.7741935483870968,0.3674331307411194,0.1976136565208435,0.291217178106308,0.08735880255699158,0.0563773512840271
CH,6,240416_HOBIC22_5Spezies_FISH_Tag6,0,25,0.8064516129032258,0.4077352285385132,0.2064458280801773,0.24700523912906647,0.06813697516918182,0.07067672908306122
CH,6,240416_HOBIC22_5Spezies_FISH_Tag6,0,26,0.8387096774193549,0.4490695297718048,0.20849043130874634,0.20820941030979156,0.04949434846639633,0.08473623543977737
CH,6,240416_HOBIC22_5Spezies_FISH_Tag6,0,27,0.8709677419354839,0.48208194971084595,0.20947706699371338,0.17844922840595245,0.039665598422288895,0.09032607078552246
CH,6,240416_HOBIC22_5Spezies_FISH_Tag6,0,28,0.9032258064516129,0.5106341242790222,0.2152881920337677,0.1487404853105545,0.03184467554092407,0.09349257498979568
CH,6,240416_HOBIC22_5Spezies_FISH_Tag6,0,29,0.9354838709677419,0.5330572128295898,0.21440815925598145,0.12641403079032898,0.027509581297636032,0.09861104935407639
CH,6,240416_HOBIC22_5Spezies_FISH_Tag6,0,30,0.967741935483871,0.5544441342353821,0.20876270532608032,0.11150858551263809,0.023660222068428993,0.10162429511547089
CH,6,240416_HOBIC22_5Spezies_FISH_Tag6,0,31,1.0,0.5655233263969421,0.21203428506851196,0.09738267958164215,0.021100785583257675,0.1039588674902916
CH,6,240416_HOBIC22_5Spezies_FISH_Tag6,1,0,0.0,0.18267562985420227,0.18699541687965393,0.3854883313179016,0.04410020262002945,0.20074047148227692
CH,6,240416_HOBIC22_5Spezies_FISH_Tag6,1,1,0.03333333333333333,0.17848631739616394,0.18345369398593903,0.3970683813095093,0.04549260810017586,0.1954990178346634
CH,6,240416_HOBIC22_5Spezies_FISH_Tag6,1,2,0.06666666666666667,0.17329230904579163,0.1822732836008072,0.40674588084220886,0.047881241887807846,0.18980719149112701
CH,6,240416_HOBIC22_5Spezies_FISH_Tag6,1,3,0.1,0.16761241853237152,0.18184174597263336,0.4166755676269531,0.0498519092798233,0.1840183585882187
CH,6,240416_HOBIC22_5Spezies_FISH_Tag6,1,4,0.13333333333333333,0.16200746595859528,0.18242104351520538,0.4261627793312073,0.05371672660112381,0.17569199204444885
CH,6,240416_HOBIC22_5Spezies_FISH_Tag6,1,5,0.16666666666666666,0.15870064496994019,0.18267139792442322,0.43633872270584106,0.058022886514663696,0.16426639258861542
CH,6,240416_HOBIC22_5Spezies_FISH_Tag6,1,6,0.2,0.15656863152980804,0.18218645453453064,0.4429683983325958,0.06277473270893097,0.15550175309181213
CH,6,240416_HOBIC22_5Spezies_FISH_Tag6,1,7,0.23333333333333334,0.15735207498073578,0.1828252077102661,0.44588401913642883,0.06839540600776672,0.14554327726364136
CH,6,240416_HOBIC22_5Spezies_FISH_Tag6,1,8,0.26666666666666666,0.160678893327713,0.1813056915998459,0.44850900769233704,0.07499825209379196,0.1345081776380539
CH,6,240416_HOBIC22_5Spezies_FISH_Tag6,1,9,0.3,0.16539838910102844,0.17909498512744904,0.44976887106895447,0.08193065226078033,0.12380717694759369
CH,6,240416_HOBIC22_5Spezies_FISH_Tag6,1,10,0.3333333333333333,0.17350296676158905,0.17929288744926453,0.44666099548339844,0.08814448118209839,0.11239872872829437
CH,6,240416_HOBIC22_5Spezies_FISH_Tag6,1,11,0.36666666666666664,0.18218936026096344,0.17615430057048798,0.4431522488594055,0.09436420351266861,0.10413987934589386
CH,6,240416_HOBIC22_5Spezies_FISH_Tag6,1,12,0.4,0.19066958129405975,0.1755325347185135,0.4373965263366699,0.09882950782775879,0.09757175296545029
CH,6,240416_HOBIC22_5Spezies_FISH_Tag6,1,13,0.43333333333333335,0.19714589416980743,0.17502957582473755,0.4319855272769928,0.10195806622505188,0.09388095885515213
CH,6,240416_HOBIC22_5Spezies_FISH_Tag6,1,14,0.4666666666666667,0.19969461858272552,0.17607823014259338,0.4273052513599396,0.10359860956668854,0.09332331269979477
CH,6,240416_HOBIC22_5Spezies_FISH_Tag6,1,15,0.5,0.200571209192276,0.1769590973854065,0.42447006702423096,0.10532038658857346,0.09267917275428772
CH,6,240416_HOBIC22_5Spezies_FISH_Tag6,1,16,0.5333333333333333,0.19991670548915863,0.17864716053009033,0.42248350381851196,0.10725385695695877,0.0916987732052803
CH,6,240416_HOBIC22_5Spezies_FISH_Tag6,1,17,0.5666666666666667,0.2021971046924591,0.1791197806596756,0.4196586608886719,0.1087850034236908,0.09023942798376083
CH,6,240416_HOBIC22_5Spezies_FISH_Tag6,1,18,0.6,0.20482708513736725,0.17975737154483795,0.417229026556015,0.11173276603221893,0.08645368367433548
CH,6,240416_HOBIC22_5Spezies_FISH_Tag6,1,19,0.6333333333333333,0.20835815370082855,0.18034718930721283,0.4131664037704468,0.11424744874238968,0.08388082683086395
CH,6,240416_HOBIC22_5Spezies_FISH_Tag6,1,20,0.6666666666666666,0.21358439326286316,0.18045759201049805,0.40686357021331787,0.11811687052249908,0.08097762614488602
CH,6,240416_HOBIC22_5Spezies_FISH_Tag6,1,21,0.7,0.22191552817821503,0.18133166432380676,0.39846259355545044,0.12003036588430405,0.0782599225640297
CH,6,240416_HOBIC22_5Spezies_FISH_Tag6,1,22,0.7333333333333333,0.22637403011322021,0.18815167248249054,0.3770289719104767,0.12221155315637589,0.08623377978801727
CH,6,240416_HOBIC22_5Spezies_FISH_Tag6,1,23,0.7666666666666667,0.25411808490753174,0.1950732320547104,0.3363279104232788,0.1159570962190628,0.09852372854948044
CH,6,240416_HOBIC22_5Spezies_FISH_Tag6,1,24,0.8,0.3099328875541687,0.19306692481040955,0.2992198169231415,0.09440350532531738,0.10337691754102707
CH,6,240416_HOBIC22_5Spezies_FISH_Tag6,1,25,0.8333333333333334,0.3514882028102875,0.2005157768726349,0.25159725546836853,0.0754542425274849,0.12094461172819138
CH,6,240416_HOBIC22_5Spezies_FISH_Tag6,1,26,0.8666666666666667,0.397439181804657,0.20366419851779938,0.2064843773841858,0.06110319495201111,0.13130907714366913
CH,6,240416_HOBIC22_5Spezies_FISH_Tag6,1,27,0.9,0.4432179629802704,0.19809040427207947,0.17130213975906372,0.0488576740026474,0.1385318785905838
CH,6,240416_HOBIC22_5Spezies_FISH_Tag6,1,28,0.9333333333333333,0.4814746081829071,0.20099696516990662,0.13512031733989716,0.041231848299503326,0.14117629826068878
CH,6,240416_HOBIC22_5Spezies_FISH_Tag6,1,29,0.9666666666666667,0.51667320728302,0.20201128721237183,0.10605622082948685,0.03491171821951866,0.14034762978553772
CH,6,240416_HOBIC22_5Spezies_FISH_Tag6,1,30,1.0,0.5404269099235535,0.20045925676822662,0.0868934690952301,0.030864136293530464,0.14135625958442688
CH,6,240416_HOBIC22_5Spezies_FISH_Tag6,2,0,0.0,0.2233142852783203,0.21699540317058563,0.2726764678955078,0.03940840810537338,0.24760548770427704
CH,6,240416_HOBIC22_5Spezies_FISH_Tag6,2,1,0.02857142857142857,0.21405121684074402,0.212523952126503,0.28698498010635376,0.03918203338980675,0.247257798910141
CH,6,240416_HOBIC22_5Spezies_FISH_Tag6,2,2,0.05714285714285714,0.20580382645130157,0.20631258189678192,0.3081386983394623,0.04049453139305115,0.2392503172159195
CH,6,240416_HOBIC22_5Spezies_FISH_Tag6,2,3,0.08571428571428572,0.19287587702274323,0.20499750971794128,0.3267049491405487,0.04134131968021393,0.23408034443855286
CH,6,240416_HOBIC22_5Spezies_FISH_Tag6,2,4,0.11428571428571428,0.17908290028572083,0.20293228328227997,0.3462589979171753,0.04187646880745888,0.22984932363033295
CH,6,240416_HOBIC22_5Spezies_FISH_Tag6,2,5,0.14285714285714285,0.16978326439857483,0.20066162943840027,0.364124596118927,0.0430666022002697,0.2223638892173767
CH,6,240416_HOBIC22_5Spezies_FISH_Tag6,2,6,0.17142857142857143,0.1620691865682602,0.20060579478740692,0.37847793102264404,0.04371817037463188,0.21512891352176666
CH,6,240416_HOBIC22_5Spezies_FISH_Tag6,2,7,0.2,0.15406647324562073,0.19742585718631744,0.3935166597366333,0.045784082263708115,0.2092069685459137
CH,6,240416_HOBIC22_5Spezies_FISH_Tag6,2,8,0.22857142857142856,0.14686352014541626,0.19715100526809692,0.4055895507335663,0.04755038768053055,0.20284557342529297
CH,6,240416_HOBIC22_5Spezies_FISH_Tag6,2,9,0.2571428571428571,0.13978037238121033,0.1962386965751648,0.4187217354774475,0.04997527226805687,0.19528397917747498
CH,6,240416_HOBIC22_5Spezies_FISH_Tag6,2,10,0.2857142857142857,0.1342514306306839,0.19557049870491028,0.4295089840888977,0.05331043154001236,0.18735870718955994
CH,6,240416_HOBIC22_5Spezies_FISH_Tag6,2,11,0.3142857142857143,0.13162904977798462,0.1962318867444992,0.4391176998615265,0.0569264218211174,0.17609502375125885
CH,6,240416_HOBIC22_5Spezies_FISH_Tag6,2,12,0.34285714285714286,0.12921775877475739,0.19568932056427002,0.44487228989601135,0.06183316186070442,0.16838744282722473
CH,6,240416_HOBIC22_5Spezies_FISH_Tag6,2,13,0.37142857142857144,0.12973345816135406,0.19589178264141083,0.45006680488586426,0.06729140132665634,0.1570165753364563
CH,6,240416_HOBIC22_5Spezies_FISH_Tag6,2,14,0.4,0.13121584057807922,0.19753973186016083,0.45052266120910645,0.07357745617628098,0.14714427292346954
CH,6,240416_HOBIC22_5Spezies_FISH_Tag6,2,15,0.42857142857142855,0.13469086587429047,0.19677458703517914,0.452108234167099,0.07958180457353592,0.1368444263935089
CH,6,240416_HOBIC22_5Spezies_FISH_Tag6,2,16,0.45714285714285713,0.13923074305057526,0.19831211864948273,0.45006728172302246,0.085799440741539,0.12659040093421936
CH,6,240416_HOBIC22_5Spezies_FISH_Tag6,2,17,0.4857142857142857,0.14462192356586456,0.1975785791873932,0.44700467586517334,0.09424720704555511,0.1165475845336914
CH,6,240416_HOBIC22_5Spezies_FISH_Tag6,2,18,0.5142857142857142,0.15421314537525177,0.19828911125659943,0.4420914351940155,0.10190356522798538,0.1035027727484703
CH,6,240416_HOBIC22_5Spezies_FISH_Tag6,2,19,0.5428571428571428,0.16295354068279266,0.1963835507631302,0.4371599555015564,0.10994698852300644,0.09355596452951431
CH,6,240416_HOBIC22_5Spezies_FISH_Tag6,2,20,0.5714285714285714,0.1734054982662201,0.19447968900203705,0.43107572197914124,0.11687838286161423,0.08416077494621277
CH,6,240416_HOBIC22_5Spezies_FISH_Tag6,2,21,0.6,0.18501809239387512,0.192254438996315,0.4235934019088745,0.1231406107544899,0.07599347829818726
CH,6,240416_HOBIC22_5Spezies_FISH_Tag6,2,22,0.6285714285714286,0.19726409018039703,0.18949992954730988,0.41502922773361206,0.12848027050495148,0.06972643733024597
CH,6,240416_HOBIC22_5Spezies_FISH_Tag6,2,23,0.6571428571428571,0.20831049978733063,0.18908923864364624,0.40197956562042236,0.13199685513973236,0.06862378865480423
CH,6,240416_HOBIC22_5Spezies_FISH_Tag6,2,24,0.6857142857142857,0.21442443132400513,0.19619841873645782,0.3758299946784973,0.1372261494398117,0.07632100582122803
CH,6,240416_HOBIC22_5Spezies_FISH_Tag6,2,25,0.7142857142857143,0.2553480565547943,0.19734309613704681,0.3365813195705414,0.12549570202827454,0.08523178845643997
CH,6,240416_HOBIC22_5Spezies_FISH_Tag6,2,26,0.7428571428571429,0.2994772791862488,0.2014244943857193,0.2976140081882477,0.10285434126853943,0.09862983971834183
CH,6,240416_HOBIC22_5Spezies_FISH_Tag6,2,27,0.7714285714285715,0.3412416875362396,0.20644670724868774,0.2524004578590393,0.08262841403484344,0.11728270351886749
CH,6,240416_HOBIC22_5Spezies_FISH_Tag6,2,28,0.8,0.39009347558021545,0.20921556651592255,0.2075621485710144,0.06441295146942139,0.12871582806110382
CH,6,240416_HOBIC22_5Spezies_FISH_Tag6,2,29,0.8285714285714286,0.43126899003982544,0.20919355750083923,0.17134760320186615,0.05181344226002693,0.13637642562389374
CH,6,240416_HOBIC22_5Spezies_FISH_Tag6,2,30,0.8571428571428571,0.46515414118766785,0.20993994176387787,0.13900677859783173,0.04457974433898926,0.1413194239139557
CH,6,240416_HOBIC22_5Spezies_FISH_Tag6,2,31,0.8857142857142857,0.49396488070487976,0.20867007970809937,0.11268873512744904,0.04010247811675072,0.1445738822221756
CH,6,240416_HOBIC22_5Spezies_FISH_Tag6,2,32,0.9142857142857143,0.5233569145202637,0.20310352742671967,0.09179526567459106,0.03523269668221474,0.14651165902614594
CH,6,240416_HOBIC22_5Spezies_FISH_Tag6,2,33,0.9428571428571428,0.5440672039985657,0.20354875922203064,0.0751570463180542,0.03130045533180237,0.14592647552490234
CH,6,240416_HOBIC22_5Spezies_FISH_Tag6,2,34,0.9714285714285714,0.5594738721847534,0.2040456235408783,0.06163765862584114,0.02814786322414875,0.14669504761695862
CH,6,240416_HOBIC22_5Spezies_FISH_Tag6,2,35,1.0,0.571708083152771,0.2006487399339676,0.05364631861448288,0.02804790996015072,0.14594894647598267
CH,6,240416_HOBIC22_5Spezies_FISH_Tag6,3,0,0.0,0.1150498241186142,0.2294158637523651,0.39729806780815125,0.061117567121982574,0.19711868464946747
CH,6,240416_HOBIC22_5Spezies_FISH_Tag6,3,1,0.05263157894736842,0.11555373668670654,0.22444520890712738,0.4060639441013336,0.06438975036144257,0.1895473748445511
CH,6,240416_HOBIC22_5Spezies_FISH_Tag6,3,2,0.10526315789473684,0.11506812274456024,0.22224867343902588,0.4156186580657959,0.0677996352314949,0.1792648583650589
CH,6,240416_HOBIC22_5Spezies_FISH_Tag6,3,3,0.15789473684210525,0.1134205088019371,0.22320808470249176,0.4188613295555115,0.07413162291049957,0.1703784316778183
CH,6,240416_HOBIC22_5Spezies_FISH_Tag6,3,4,0.21052631578947367,0.10999373346567154,0.22621412575244904,0.41781747341156006,0.08207675069570541,0.16389799118041992
CH,6,240416_HOBIC22_5Spezies_FISH_Tag6,3,5,0.2631578947368421,0.1091717928647995,0.22969605028629303,0.41712403297424316,0.0913950502872467,0.15261313319206238
CH,6,240416_HOBIC22_5Spezies_FISH_Tag6,3,6,0.3157894736842105,0.11474248021841049,0.2316727191209793,0.41609835624694824,0.10303046554327011,0.13445591926574707
CH,6,240416_HOBIC22_5Spezies_FISH_Tag6,3,7,0.3684210526315789,0.12492150068283081,0.22858384251594543,0.4196717143058777,0.11601384729146957,0.11080902814865112
CH,6,240416_HOBIC22_5Spezies_FISH_Tag6,3,8,0.42105263157894735,0.13774092495441437,0.22614847123622894,0.41912752389907837,0.12729713320732117,0.08968594670295715
CH,6,240416_HOBIC22_5Spezies_FISH_Tag6,3,9,0.47368421052631576,0.1539965271949768,0.2223406434059143,0.4182378947734833,0.13558655977249146,0.06983831524848938
CH,6,240416_HOBIC22_5Spezies_FISH_Tag6,3,10,0.5263157894736842,0.17312206327915192,0.21474142372608185,0.4151746332645416,0.14317980408668518,0.05378207191824913
CH,6,240416_HOBIC22_5Spezies_FISH_Tag6,3,11,0.5789473684210527,0.1965910941362381,0.2060510665178299,0.40607336163520813,0.1479768306016922,0.04330766201019287
CH,6,240416_HOBIC22_5Spezies_FISH_Tag6,3,12,0.631578947368421,0.21721652150154114,0.20826922357082367,0.37642237544059753,0.15226617455482483,0.04582566022872925
CH,6,240416_HOBIC22_5Spezies_FISH_Tag6,3,13,0.6842105263157895,0.2707008719444275,0.20472364127635956,0.33624106645584106,0.13989078998565674,0.04844364896416664
CH,6,240416_HOBIC22_5Spezies_FISH_Tag6,3,14,0.7368421052631579,0.30518996715545654,0.20815610885620117,0.3027980327606201,0.12084737420082092,0.06300841271877289
CH,6,240416_HOBIC22_5Spezies_FISH_Tag6,3,15,0.7894736842105263,0.35935965180397034,0.2168094962835312,0.24538683891296387,0.09739129990339279,0.08105277270078659
CH,6,240416_HOBIC22_5Spezies_FISH_Tag6,3,16,0.8421052631578947,0.401636004447937,0.21787160634994507,0.2007172852754593,0.07866453379392624,0.10111061483621597
CH,6,240416_HOBIC22_5Spezies_FISH_Tag6,3,17,0.8947368421052632,0.4410528242588043,0.2210388034582138,0.16254672408103943,0.06413553655147552,0.1112261414527893
CH,6,240416_HOBIC22_5Spezies_FISH_Tag6,3,18,0.9473684210526315,0.4797426760196686,0.21868790686130524,0.12820477783679962,0.054253481328487396,0.11911115050315857
CH,6,240416_HOBIC22_5Spezies_FISH_Tag6,3,19,1.0,0.5094112753868103,0.2174006849527359,0.09926378726959229,0.04800499975681305,0.12591925263404846
CH,6,240416_HOBIC22_5Spezies_FISH_Tag6,4,0,0.0,0.22854368388652802,0.211183562874794,0.3343382775783539,0.04815632849931717,0.17777812480926514
CH,6,240416_HOBIC22_5Spezies_FISH_Tag6,4,1,0.025,0.22100114822387695,0.2096184939146042,0.34711235761642456,0.0506141297519207,0.1716538816690445
CH,6,240416_HOBIC22_5Spezies_FISH_Tag6,4,2,0.05,0.216408833861351,0.2064172774553299,0.36274489760398865,0.054738644510507584,0.15969032049179077
CH,6,240416_HOBIC22_5Spezies_FISH_Tag6,4,3,0.075,0.21028900146484375,0.2048012912273407,0.37807372212409973,0.05967964977025986,0.14715635776519775
CH,6,240416_HOBIC22_5Spezies_FISH_Tag6,4,4,0.1,0.2077714055776596,0.2011881172657013,0.3912716805934906,0.06630632281303406,0.13346250355243683
CH,6,240416_HOBIC22_5Spezies_FISH_Tag6,4,5,0.125,0.20845265686511993,0.19924740493297577,0.3976101875305176,0.07270331680774689,0.12198646366596222
CH,6,240416_HOBIC22_5Spezies_FISH_Tag6,4,6,0.15,0.2128535360097885,0.1962878555059433,0.40075933933258057,0.07891252636909485,0.11118683218955994
CH,6,240416_HOBIC22_5Spezies_FISH_Tag6,4,7,0.175,0.22098354995250702,0.19571654498577118,0.39794307947158813,0.08384453505277634,0.10151228308677673
CH,6,240416_HOBIC22_5Spezies_FISH_Tag6,4,8,0.2,0.22930864989757538,0.19435246288776398,0.3957846760749817,0.08739844709634781,0.09315572679042816
CH,6,240416_HOBIC22_5Spezies_FISH_Tag6,4,9,0.225,0.23323498666286469,0.19759245216846466,0.38635098934173584,0.09139149636030197,0.09143010526895523
CH,6,240416_HOBIC22_5Spezies_FISH_Tag6,4,10,0.25,0.236100435256958,0.2022516429424286,0.37548330426216125,0.0906013548374176,0.09556330740451813
CH,6,240416_HOBIC22_5Spezies_FISH_Tag6,4,11,0.275,0.23395517468452454,0.20557120442390442,0.36522096395492554,0.08811885863542557,0.10713385790586472
CH,6,240416_HOBIC22_5Spezies_FISH_Tag6,4,12,0.3,0.23165494203567505,0.2083827555179596,0.3609854578971863,0.08057880401611328,0.1183980256319046
CH,6,240416_HOBIC22_5Spezies_FISH_Tag6,4,13,0.325,0.22619134187698364,0.2080335170030594,0.36256250739097595,0.07546616345643997,0.12774647772312164
CH,6,240416_HOBIC22_5Spezies_FISH_Tag6,4,14,0.35,0.22053860127925873,0.20375703275203705,0.3686026930809021,0.0733395665884018,0.13376204669475555
CH,6,240416_HOBIC22_5Spezies_FISH_Tag6,4,15,0.375,0.2159663587808609,0.20176813006401062,0.3776026666164398,0.0715034157037735,0.13315950334072113
CH,6,240416_HOBIC22_5Spezies_FISH_Tag6,4,16,0.4,0.21387629210948944,0.19536834955215454,0.390811562538147,0.07069290429353714,0.12925086915493011
CH,6,240416_HOBIC22_5Spezies_FISH_Tag6,4,17,0.425,0.21259568631649017,0.19160370528697968,0.39971354603767395,0.07159928232431412,0.12448771297931671
CH,6,240416_HOBIC22_5Spezies_FISH_Tag6,4,18,0.45,0.212690532207489,0.1886717975139618,0.4069211483001709,0.0731661319732666,0.11855031549930573
CH,6,240416_HOBIC22_5Spezies_FISH_Tag6,4,19,0.475,0.21362479031085968,0.1865057498216629,0.41394683718681335,0.07437837868928909,0.11154423654079437
CH,6,240416_HOBIC22_5Spezies_FISH_Tag6,4,20,0.5,0.21329699456691742,0.18588699400424957,0.41959038376808167,0.076341912150383,0.10488363355398178
CH,6,240416_HOBIC22_5Spezies_FISH_Tag6,4,21,0.525,0.21378450095653534,0.18416787683963776,0.42278510332107544,0.07887262105941772,0.10038980841636658
CH,6,240416_HOBIC22_5Spezies_FISH_Tag6,4,22,0.55,0.21482913196086884,0.1841132789850235,0.4252437353134155,0.08225469291210175,0.09355921298265457
CH,6,240416_HOBIC22_5Spezies_FISH_Tag6,4,23,0.575,0.21766769886016846,0.1829073578119278,0.425384521484375,0.08664363622665405,0.0873967632651329
CH,6,240416_HOBIC22_5Spezies_FISH_Tag6,4,24,0.6,0.2238256186246872,0.18217705190181732,0.42223870754241943,0.09140283614397049,0.08035573363304138
CH,6,240416_HOBIC22_5Spezies_FISH_Tag6,4,25,0.625,0.2305852174758911,0.18401390314102173,0.4143598973751068,0.09518702328205109,0.07585392892360687
CH,6,240416_HOBIC22_5Spezies_FISH_Tag6,4,26,0.65,0.23571404814720154,0.1864030659198761,0.4050873816013336,0.09993846714496613,0.07285703718662262
CH,6,240416_HOBIC22_5Spezies_FISH_Tag6,4,27,0.675,0.24305576086044312,0.1869145631790161,0.396761417388916,0.10315730422735214,0.07011102139949799
CH,6,240416_HOBIC22_5Spezies_FISH_Tag6,4,28,0.7,0.25261709094047546,0.18718865513801575,0.3879610002040863,0.10479094088077545,0.06744227558374405
CH,6,240416_HOBIC22_5Spezies_FISH_Tag6,4,29,0.725,0.2613082826137543,0.18837134540081024,0.3760705888271332,0.10672818869352341,0.06752153486013412
CH,6,240416_HOBIC22_5Spezies_FISH_Tag6,4,30,0.75,0.26932352781295776,0.19324694573879242,0.35742276906967163,0.10807868838310242,0.07192802429199219
CH,6,240416_HOBIC22_5Spezies_FISH_Tag6,4,31,0.775,0.26671716570854187,0.2150420993566513,0.31846675276756287,0.11014451086521149,0.08962950855493546
CH,6,240416_HOBIC22_5Spezies_FISH_Tag6,4,32,0.8,0.3038260042667389,0.22157464921474457,0.2721940279006958,0.09956243634223938,0.10284282267093658
CH,6,240416_HOBIC22_5Spezies_FISH_Tag6,4,33,0.825,0.35395243763923645,0.2257222682237625,0.23032844066619873,0.08180516213178635,0.10819169878959656
CH,6,240416_HOBIC22_5Spezies_FISH_Tag6,4,34,0.85,0.39751797914505005,0.23499588668346405,0.1812010407447815,0.06473434716463089,0.12155069410800934
CH,6,240416_HOBIC22_5Spezies_FISH_Tag6,4,35,0.875,0.45278283953666687,0.23384368419647217,0.13824687898159027,0.05074985697865486,0.12437672168016434
CH,6,240416_HOBIC22_5Spezies_FISH_Tag6,4,36,0.9,0.49481356143951416,0.2291671484708786,0.10953046381473541,0.04091546684503555,0.12557336688041687
CH,6,240416_HOBIC22_5Spezies_FISH_Tag6,4,37,0.925,0.5303794741630554,0.22770428657531738,0.08700572699308395,0.03265826031565666,0.12225227802991867
CH,6,240416_HOBIC22_5Spezies_FISH_Tag6,4,38,0.95,0.5557309985160828,0.22826805710792542,0.06620589643716812,0.028121016919612885,0.12167400121688843
CH,6,240416_HOBIC22_5Spezies_FISH_Tag6,4,39,0.975,0.5770061016082764,0.22667725384235382,0.05174276605248451,0.023777414113283157,0.12079651653766632
CH,6,240416_HOBIC22_5Spezies_FISH_Tag6,4,40,1.0,0.5950687527656555,0.2230234295129776,0.042021334171295166,0.02109314687550068,0.1187933087348938
CH,10,240416_HOBIC22_5Spezies_FISH_Tag10,0,0,0.0,0.5708134770393372,0.22622616589069366,0.1352331042289734,0.04067414626479149,0.02705313079059124
CH,10,240416_HOBIC22_5Spezies_FISH_Tag10,0,1,0.14285714285714285,0.48385074734687805,0.24478930234909058,0.1610192358493805,0.06008622795343399,0.050254471600055695
CH,10,240416_HOBIC22_5Spezies_FISH_Tag10,0,2,0.2857142857142857,0.3350604772567749,0.2583404779434204,0.1974094659090042,0.09638065099716187,0.11280889809131622
CH,10,240416_HOBIC22_5Spezies_FISH_Tag10,0,3,0.42857142857142855,0.15543921291828156,0.2654472291469574,0.24227719008922577,0.13935409486293793,0.19748224318027496
CH,10,240416_HOBIC22_5Spezies_FISH_Tag10,0,4,0.5714285714285714,0.14873744547367096,0.2917797863483429,0.2923167943954468,0.16701483726501465,0.10015121102333069
CH,10,240416_HOBIC22_5Spezies_FISH_Tag10,0,5,0.7142857142857143,0.4101301431655884,0.22826752066612244,0.19067063927650452,0.10614578425884247,0.06478587538003922
CH,10,240416_HOBIC22_5Spezies_FISH_Tag10,0,6,0.8571428571428571,0.6363250613212585,0.20278769731521606,0.11228133738040924,0.029692819342017174,0.018913062289357185
CH,10,240416_HOBIC22_5Spezies_FISH_Tag10,0,7,1.0,0.7482884526252747,0.1573205143213272,0.07456611096858978,0.013543972745537758,0.006280973087996244
CH,10,240416_HOBIC22_5Spezies_FISH_Tag10,1,0,0.0,0.4707144796848297,0.3210033178329468,0.10957660526037216,0.05148143693804741,0.04722421616315842
CH,10,240416_HOBIC22_5Spezies_FISH_Tag10,1,1,0.14285714285714285,0.36884990334510803,0.3360884189605713,0.15697123110294342,0.07158302515745163,0.06650742143392563
CH,10,240416_HOBIC22_5Spezies_FISH_Tag10,1,2,0.2857142857142857,0.23261508345603943,0.3414835035800934,0.23484136164188385,0.10215320438146591,0.0889069065451622
CH,10,240416_HOBIC22_5Spezies_FISH_Tag10,1,3,0.42857142857142855,0.15294790267944336,0.34208887815475464,0.28640347719192505,0.13102537393569946,0.08753436803817749
CH,10,240416_HOBIC22_5Spezies_FISH_Tag10,1,4,0.5714285714285714,0.25913429260253906,0.3111356496810913,0.2623351812362671,0.12350839376449585,0.04388660192489624
CH,10,240416_HOBIC22_5Spezies_FISH_Tag10,1,5,0.7142857142857143,0.5049977898597717,0.2647436559200287,0.15469668805599213,0.0483052060008049,0.02725665457546711
CH,10,240416_HOBIC22_5Spezies_FISH_Tag10,1,6,0.8571428571428571,0.6783707737922668,0.22629933059215546,0.0628390833735466,0.02002001740038395,0.012470807880163193
CH,10,240416_HOBIC22_5Spezies_FISH_Tag10,1,7,1.0,0.7671237587928772,0.1838618814945221,0.03206346184015274,0.011046560481190681,0.005904334131628275
CH,10,240416_HOBIC22_5Spezies_FISH_Tag10,2,0,0.0,0.48822444677352905,0.3839358389377594,0.12435705214738846,0.0011690539540722966,0.002313589910045266
CH,10,240416_HOBIC22_5Spezies_FISH_Tag10,2,1,0.05,0.4057328402996063,0.4046236276626587,0.17476460337638855,0.004847427364438772,0.010031409561634064
CH,10,240416_HOBIC22_5Spezies_FISH_Tag10,2,2,0.1,0.2440178245306015,0.4036581516265869,0.2608794569969177,0.03407866135239601,0.05736583471298218
CH,10,240416_HOBIC22_5Spezies_FISH_Tag10,2,3,0.15,0.04851596802473068,0.34782373905181885,0.3069933354854584,0.10737748444080353,0.18928943574428558
CH,10,240416_HOBIC22_5Spezies_FISH_Tag10,2,4,0.2,0.0911002829670906,0.3549955487251282,0.30826765298843384,0.14318500459194183,0.10245149582624435
CH,10,240416_HOBIC22_5Spezies_FISH_Tag10,2,5,0.25,0.20881862938404083,0.3206898868083954,0.27641016244888306,0.12919576466083527,0.06488560140132904
CH,10,240416_HOBIC22_5Spezies_FISH_Tag10,2,6,0.3,0.2056596279144287,0.2659936547279358,0.26496654748916626,0.1375366598367691,0.12584346532821655
CH,10,240416_HOBIC22_5Spezies_FISH_Tag10,2,7,0.35,0.2252850979566574,0.2529514729976654,0.28224048018455505,0.14397576451301575,0.09554719179868698
CH,10,240416_HOBIC22_5Spezies_FISH_Tag10,2,8,0.4,0.273904949426651,0.24222196638584137,0.3070133328437805,0.13805221021175385,0.03880755230784416
CH,10,240416_HOBIC22_5Spezies_FISH_Tag10,2,9,0.45,0.29482170939445496,0.22960318624973297,0.308320015668869,0.12630027532577515,0.04095478728413582
CH,10,240416_HOBIC22_5Spezies_FISH_Tag10,2,10,0.5,0.323776513338089,0.2216675728559494,0.3117761015892029,0.12295106053352356,0.019828693941235542
CH,10,240416_HOBIC22_5Spezies_FISH_Tag10,2,11,0.55,0.3377855122089386,0.21820345520973206,0.30457302927970886,0.11608412861824036,0.023353921249508858
CH,10,240416_HOBIC22_5Spezies_FISH_Tag10,2,12,0.6,0.35359662771224976,0.21929211914539337,0.2978188991546631,0.11231940984725952,0.016973014920949936
CH,10,240416_HOBIC22_5Spezies_FISH_Tag10,2,13,0.65,0.3637043833732605,0.22566422820091248,0.2926647663116455,0.1077941507101059,0.010172499343752861
CH,10,240416_HOBIC22_5Spezies_FISH_Tag10,2,14,0.7,0.3976575434207916,0.22406215965747833,0.28042343258857727,0.09308455139398575,0.004772369749844074
CH,10,240416_HOBIC22_5Spezies_FISH_Tag10,2,15,0.75,0.4451174736022949,0.21826228499412537,0.2645871639251709,0.06985533237457275,0.002177820773795247
CH,10,240416_HOBIC22_5Spezies_FISH_Tag10,2,16,0.8,0.49423748254776,0.2114090621471405,0.24117687344551086,0.05224956199526787,0.000927117420360446
CH,10,240416_HOBIC22_5Spezies_FISH_Tag10,2,17,0.85,0.5451476573944092,0.21079899370670319,0.20628131926059723,0.0372701920568943,0.0005019202944822609
CH,10,240416_HOBIC22_5Spezies_FISH_Tag10,2,18,0.9,0.6225962042808533,0.20944827795028687,0.14835825562477112,0.019137505441904068,0.0004597166262101382
CH,10,240416_HOBIC22_5Spezies_FISH_Tag10,2,19,0.95,0.6864001154899597,0.22162885963916779,0.0887366309762001,0.0030857331585139036,0.00014871083840262145
CH,10,240416_HOBIC22_5Spezies_FISH_Tag10,2,20,1.0,0.57977694272995,0.35874268412590027,0.06124627962708473,0.00017814220336731523,5.5967826483538374e-05
CH,10,240416_HOBIC22_5Spezies_FISH_Tag10,3,0,0.0,0.5727909207344055,0.23903033137321472,0.08291558921337128,0.04496049880981445,0.06030270457267761
CH,10,240416_HOBIC22_5Spezies_FISH_Tag10,3,1,0.0625,0.4931795299053192,0.25816965103149414,0.1155630573630333,0.055788327008485794,0.07729942351579666
CH,10,240416_HOBIC22_5Spezies_FISH_Tag10,3,2,0.125,0.35646653175354004,0.277841717004776,0.18310116231441498,0.0763898566365242,0.1062006726861
CH,10,240416_HOBIC22_5Spezies_FISH_Tag10,3,3,0.1875,0.1769290566444397,0.2692048251628876,0.3162820041179657,0.10455596446990967,0.13302825391292572
CH,10,240416_HOBIC22_5Spezies_FISH_Tag10,3,4,0.25,0.17261165380477905,0.285770982503891,0.34040504693984985,0.12228883802890778,0.0789235308766365
CH,10,240416_HOBIC22_5Spezies_FISH_Tag10,3,5,0.3125,0.3453223407268524,0.25485023856163025,0.22644291818141937,0.0961984246969223,0.07718604058027267
CH,10,240416_HOBIC22_5Spezies_FISH_Tag10,3,6,0.375,0.4398358166217804,0.22174668312072754,0.1680528074502945,0.07846684753894806,0.09189789742231369
CH,10,240416_HOBIC22_5Spezies_FISH_Tag10,3,7,0.4375,0.3758314847946167,0.22712697088718414,0.15446801483631134,0.09426689147949219,0.14830665290355682
CH,10,240416_HOBIC22_5Spezies_FISH_Tag10,3,8,0.5,0.16711238026618958,0.24719096720218658,0.20245689153671265,0.14211468398571014,0.24112503230571747
CH,10,240416_HOBIC22_5Spezies_FISH_Tag10,3,9,0.5625,0.09989981353282928,0.24810278415679932,0.2191510945558548,0.17117880284786224,0.2616674304008484
CH,10,240416_HOBIC22_5Spezies_FISH_Tag10,3,10,0.625,0.10864604264497757,0.25556421279907227,0.17531105875968933,0.18136467039585114,0.2791140377521515
CH,10,240416_HOBIC22_5Spezies_FISH_Tag10,3,11,0.6875,0.1181541457772255,0.25958290696144104,0.13592854142189026,0.1680881828069687,0.3182463049888611
CH,10,240416_HOBIC22_5Spezies_FISH_Tag10,3,12,0.75,0.13510388135910034,0.2575033903121948,0.0907374769449234,0.15074943006038666,0.36590576171875
CH,10,240416_HOBIC22_5Spezies_FISH_Tag10,3,13,0.8125,0.15077799558639526,0.24408785998821259,0.06099735200405121,0.13130095601081848,0.41283583641052246
CH,10,240416_HOBIC22_5Spezies_FISH_Tag10,3,14,0.875,0.1543908268213272,0.2355884462594986,0.04716518148779869,0.11740800738334656,0.44544750452041626
CH,10,240416_HOBIC22_5Spezies_FISH_Tag10,3,15,0.9375,0.15664157271385193,0.23348164558410645,0.038732774555683136,0.11016912013292313,0.46097496151924133
CH,10,240416_HOBIC22_5Spezies_FISH_Tag10,3,16,1.0,0.15367931127548218,0.2298251986503601,0.03337086737155914,0.10391900688409805,0.47920557856559753
CH,10,240416_HOBIC22_5Spezies_FISH_Tag10,4,0,0.0,0.2958509027957916,0.3741549849510193,0.05181441083550453,0.07160066068172455,0.2065790593624115
CH,10,240416_HOBIC22_5Spezies_FISH_Tag10,4,1,0.07692307692307693,0.2109491527080536,0.3810543119907379,0.08597832173109055,0.091559037566185,0.23045918345451355
CH,10,240416_HOBIC22_5Spezies_FISH_Tag10,4,2,0.15384615384615385,0.08589563518762589,0.3639216125011444,0.17386022210121155,0.11852040141820908,0.2578020989894867
CH,10,240416_HOBIC22_5Spezies_FISH_Tag10,4,3,0.23076923076923078,0.051407262682914734,0.3576781749725342,0.239491268992424,0.13562828302383423,0.21579495072364807
CH,10,240416_HOBIC22_5Spezies_FISH_Tag10,4,4,0.3076923076923077,0.07208710163831711,0.38479122519493103,0.21050576865673065,0.14424286782741547,0.18837299942970276
CH,10,240416_HOBIC22_5Spezies_FISH_Tag10,4,5,0.38461538461538464,0.17280997335910797,0.33663055300712585,0.18567955493927002,0.15940749645233154,0.14547240734100342
CH,10,240416_HOBIC22_5Spezies_FISH_Tag10,4,6,0.46153846153846156,0.23309040069580078,0.2630726099014282,0.23219610750675201,0.18600034713745117,0.08564049750566483
CH,10,240416_HOBIC22_5Spezies_FISH_Tag10,4,7,0.5384615384615384,0.2554078698158264,0.2473895102739334,0.23644022643566132,0.19290946424007416,0.06785295903682709
CH,10,240416_HOBIC22_5Spezies_FISH_Tag10,4,8,0.6153846153846154,0.2845471203327179,0.24810323119163513,0.21298950910568237,0.18374745547771454,0.07061264663934708
CH,10,240416_HOBIC22_5Spezies_FISH_Tag10,4,9,0.6923076923076923,0.3649556338787079,0.25570523738861084,0.15360496938228607,0.14361616969108582,0.08211792260408401
CH,10,240416_HOBIC22_5Spezies_FISH_Tag10,4,10,0.7692307692307693,0.5374041795730591,0.23721624910831451,0.06711224466562271,0.07941623777151108,0.07885107398033142
CH,10,240416_HOBIC22_5Spezies_FISH_Tag10,4,11,0.8461538461538461,0.6651430130004883,0.21174095571041107,0.017783092334866524,0.034951671957969666,0.0703812912106514
CH,10,240416_HOBIC22_5Spezies_FISH_Tag10,4,12,0.9230769230769231,0.7059497237205505,0.20272378623485565,0.008649425581097603,0.01969795674085617,0.06297910958528519
CH,10,240416_HOBIC22_5Spezies_FISH_Tag10,4,13,1.0,0.7281383275985718,0.1963929682970047,0.005481341853737831,0.014274485409259796,0.055712878704071045
CH,10,240416_HOBIC22_5Spezies_FISH_Tag10,5,0,0.0,0.4617433547973633,0.26407691836357117,0.016565149649977684,0.14825855195522308,0.10935597121715546
CH,10,240416_HOBIC22_5Spezies_FISH_Tag10,5,1,0.047619047619047616,0.41886112093925476,0.2745019495487213,0.01964597962796688,0.16200271248817444,0.12498819828033447
CH,10,240416_HOBIC22_5Spezies_FISH_Tag10,5,2,0.09523809523809523,0.3451566994190216,0.2849706709384918,0.04464268311858177,0.1800163984298706,0.1452135294675827
CH,10,240416_HOBIC22_5Spezies_FISH_Tag10,5,3,0.14285714285714285,0.2215387523174286,0.2723979651927948,0.16318421065807343,0.194464311003685,0.14841479063034058
CH,10,240416_HOBIC22_5Spezies_FISH_Tag10,5,4,0.19047619047619047,0.1218760758638382,0.23430302739143372,0.34198689460754395,0.19150984287261963,0.11032409220933914
CH,10,240416_HOBIC22_5Spezies_FISH_Tag10,5,5,0.23809523809523808,0.0783594474196434,0.24888010323047638,0.342212438583374,0.21776728332042694,0.11278076469898224
CH,10,240416_HOBIC22_5Spezies_FISH_Tag10,5,6,0.2857142857142857,0.04927873611450195,0.30137306451797485,0.24711550772190094,0.25753748416900635,0.1446952074766159
CH,10,240416_HOBIC22_5Spezies_FISH_Tag10,5,7,0.3333333333333333,0.031060978770256042,0.32923391461372375,0.2028614580631256,0.2673855721950531,0.16945812106132507
CH,10,240416_HOBIC22_5Spezies_FISH_Tag10,5,8,0.38095238095238093,0.023871008306741714,0.3485954701900482,0.1678459644317627,0.27162042260169983,0.188067227602005
CH,10,240416_HOBIC22_5Spezies_FISH_Tag10,5,9,0.42857142857142855,0.01925983838737011,0.3575597107410431,0.15007512271404266,0.2701856791973114,0.20291972160339355
CH,10,240416_HOBIC22_5Spezies_FISH_Tag10,5,10,0.47619047619047616,0.017077909782528877,0.36155277490615845,0.1423848271369934,0.2689642906188965,0.21002019941806793
CH,10,240416_HOBIC22_5Spezies_FISH_Tag10,5,11,0.5238095238095238,0.016437653452157974,0.3635115623474121,0.13827955722808838,0.2690284848213196,0.21274274587631226
CH,10,240416_HOBIC22_5Spezies_FISH_Tag10,5,12,0.5714285714285714,0.016012905165553093,0.3657762408256531,0.13511556386947632,0.2689042091369629,0.21419110894203186
CH,10,240416_HOBIC22_5Spezies_FISH_Tag10,5,13,0.6190476190476191,0.016099462285637856,0.3681388199329376,0.13271959125995636,0.2689689099788666,0.21407318115234375
CH,10,240416_HOBIC22_5Spezies_FISH_Tag10,5,14,0.6666666666666666,0.01654418744146824,0.3698355555534363,0.1306891143321991,0.2693606913089752,0.21357041597366333
CH,10,240416_HOBIC22_5Spezies_FISH_Tag10,5,15,0.7142857142857143,0.017900995910167694,0.3703068196773529,0.1300327181816101,0.2699691951274872,0.21179023385047913
CH,10,240416_HOBIC22_5Spezies_FISH_Tag10,5,16,0.7619047619047619,0.020546313375234604,0.3739392161369324,0.12460293620824814,0.2726806104183197,0.2082308828830719
CH,10,240416_HOBIC22_5Spezies_FISH_Tag10,5,17,0.8095238095238095,0.03436245396733284,0.3809043765068054,0.10248728096485138,0.281805157661438,0.20044076442718506
CH,10,240416_HOBIC22_5Spezies_FISH_Tag10,5,18,0.8571428571428571,0.07052654772996902,0.3890739679336548,0.06427362561225891,0.2852524220943451,0.19087345898151398
CH,10,240416_HOBIC22_5Spezies_FISH_Tag10,5,19,0.9047619047619048,0.1128266453742981,0.3910493850708008,0.04058101773262024,0.2684394419193268,0.18710358440876007
CH,10,240416_HOBIC22_5Spezies_FISH_Tag10,5,20,0.9523809523809523,0.17271871864795685,0.37973979115486145,0.02204766869544983,0.24476192891597748,0.18073193728923798
CH,10,240416_HOBIC22_5Spezies_FISH_Tag10,5,21,1.0,0.2340262532234192,0.361004501581192,0.012634637765586376,0.21594634652137756,0.17638836801052094
CH,10,240416_HOBIC22_5Spezies_FISH_Tag10,6,0,0.0,0.6326205730438232,0.26544466614723206,0.04838959872722626,0.04175699129700661,0.0117882015183568
CH,10,240416_HOBIC22_5Spezies_FISH_Tag10,6,1,0.08333333333333333,0.6039831042289734,0.27315476536750793,0.0577724389731884,0.0532197505235672,0.011870027519762516
CH,10,240416_HOBIC22_5Spezies_FISH_Tag10,6,2,0.16666666666666666,0.5439025163650513,0.2858102023601532,0.0793754979968071,0.0783911794424057,0.012520620599389076
CH,10,240416_HOBIC22_5Spezies_FISH_Tag10,6,3,0.25,0.454119473695755,0.29522883892059326,0.11782201379537582,0.11728671193122864,0.01554300356656313
CH,10,240416_HOBIC22_5Spezies_FISH_Tag10,6,4,0.3333333333333333,0.31304457783699036,0.3082301616668701,0.16519321501255035,0.185384139418602,0.02814791165292263
CH,10,240416_HOBIC22_5Spezies_FISH_Tag10,6,5,0.4166666666666667,0.19286903738975525,0.3052408695220947,0.19747979938983917,0.25080832839012146,0.05360192805528641
CH,10,240416_HOBIC22_5Spezies_FISH_Tag10,6,6,0.5,0.12248373031616211,0.2964872717857361,0.21214048564434052,0.27932611107826233,0.08956246078014374
CH,10,240416_HOBIC22_5Spezies_FISH_Tag10,6,7,0.5833333333333334,0.08252401649951935,0.29235631227493286,0.21486537158489227,0.2808228135108948,0.12943150103092194
CH,10,240416_HOBIC22_5Spezies_FISH_Tag10,6,8,0.6666666666666666,0.06261790543794632,0.28790462017059326,0.2151934951543808,0.26942363381385803,0.1648603081703186
CH,10,240416_HOBIC22_5Spezies_FISH_Tag10,6,9,0.75,0.07226253300905228,0.2907363474369049,0.20704367756843567,0.2578568160533905,0.17210060358047485
CH,10,240416_HOBIC22_5Spezies_FISH_Tag10,6,10,0.8333333333333334,0.16225938498973846,0.3043060600757599,0.15780706703662872,0.23766854405403137,0.13795889914035797
CH,10,240416_HOBIC22_5Spezies_FISH_Tag10,6,11,0.9166666666666666,0.258525013923645,0.3146647810935974,0.11812940239906311,0.19385692477226257,0.11482391506433487
CH,10,240416_HOBIC22_5Spezies_FISH_Tag10,6,12,1.0,0.3820898234844208,0.3155677616596222,0.08294642716646194,0.1332038789987564,0.08619209378957748
CH,10,240416_HOBIC22_5Spezies_FISH_Tag10,7,0,0.0,0.5668786764144897,0.2802870273590088,0.0022395318374037743,0.05050075799226761,0.10009399801492691
CH,10,240416_HOBIC22_5Spezies_FISH_Tag10,7,1,0.125,0.5092352628707886,0.30395248532295227,0.005314879585057497,0.06379302591085434,0.11770440638065338
CH,10,240416_HOBIC22_5Spezies_FISH_Tag10,7,2,0.25,0.3771330416202545,0.34065762162208557,0.025399241596460342,0.09882452338933945,0.15798553824424744
CH,10,240416_HOBIC22_5Spezies_FISH_Tag10,7,3,0.375,0.20507758855819702,0.32941779494285583,0.1435922384262085,0.14448852837085724,0.17742380499839783
CH,10,240416_HOBIC22_5Spezies_FISH_Tag10,7,4,0.5,0.1421928107738495,0.29870009422302246,0.24677734076976776,0.1810140758752823,0.13131564855575562
CH,10,240416_HOBIC22_5Spezies_FISH_Tag10,7,5,0.625,0.17740395665168762,0.2883172631263733,0.24535351991653442,0.18951022624969482,0.09941495954990387
CH,10,240416_HOBIC22_5Spezies_FISH_Tag10,7,6,0.75,0.2836720943450928,0.2989610433578491,0.16723276674747467,0.1624980866909027,0.08763601630926132
CH,10,240416_HOBIC22_5Spezies_FISH_Tag10,7,7,0.875,0.52727872133255,0.28264501690864563,0.02346605435013771,0.08572306483983994,0.08088712394237518
CH,10,240416_HOBIC22_5Spezies_FISH_Tag10,7,8,1.0,0.6570116877555847,0.23637719452381134,0.0013077345211058855,0.03784952312707901,0.06745387613773346
CH,10,240416_HOBIC22_5Spezies_FISH_Tag10,8,0,0.0,0.5020990967750549,0.2882464528083801,0.006153281312435865,0.06749647110700607,0.13600468635559082
CH,10,240416_HOBIC22_5Spezies_FISH_Tag10,8,1,0.125,0.4232443571090698,0.3099244236946106,0.022856589406728745,0.08521980792284012,0.15875472128391266
CH,10,240416_HOBIC22_5Spezies_FISH_Tag10,8,2,0.25,0.2891651690006256,0.32306230068206787,0.0749431774020195,0.11431681364774704,0.19851258397102356
CH,10,240416_HOBIC22_5Spezies_FISH_Tag10,8,3,0.375,0.1317816972732544,0.31448814272880554,0.19770541787147522,0.14959339797496796,0.20643137395381927
CH,10,240416_HOBIC22_5Spezies_FISH_Tag10,8,4,0.5,0.14501436054706573,0.3015512228012085,0.2347532957792282,0.1755734384059906,0.14310768246650696
CH,10,240416_HOBIC22_5Spezies_FISH_Tag10,8,5,0.625,0.2453051209449768,0.3118892312049866,0.15411217510700226,0.16896945238113403,0.11972402781248093
CH,10,240416_HOBIC22_5Spezies_FISH_Tag10,8,6,0.75,0.48730289936065674,0.2847606837749481,0.019542057067155838,0.09390176087617874,0.11449261754751205
CH,10,240416_HOBIC22_5Spezies_FISH_Tag10,8,7,0.875,0.6292574405670166,0.23027193546295166,0.004270627163350582,0.04505278915166855,0.09114722162485123
CH,10,240416_HOBIC22_5Spezies_FISH_Tag10,8,8,1.0,0.6747013330459595,0.20503872632980347,0.00804485660046339,0.03481205180287361,0.07740305364131927
CH,10,240416_HOBIC22_5Spezies_FISH_Tag10,9,0,0.0,0.5683194398880005,0.2681388854980469,0.0017587986076250672,0.05645061284303665,0.10533234477043152
CH,10,240416_HOBIC22_5Spezies_FISH_Tag10,9,1,0.1111111111111111,0.5041172504425049,0.293773353099823,0.00522866053506732,0.07054660469293594,0.1263340562582016
CH,10,240416_HOBIC22_5Spezies_FISH_Tag10,9,2,0.2222222222222222,0.3875580430030823,0.32222285866737366,0.029902130365371704,0.0995122417807579,0.16080476343631744
CH,10,240416_HOBIC22_5Spezies_FISH_Tag10,9,3,0.3333333333333333,0.17783986032009125,0.32417821884155273,0.15296310186386108,0.14132632315158844,0.2036924809217453
CH,10,240416_HOBIC22_5Spezies_FISH_Tag10,9,4,0.4444444444444444,0.15242941677570343,0.31095603108406067,0.21797025203704834,0.17019623517990112,0.14844802021980286
CH,10,240416_HOBIC22_5Spezies_FISH_Tag10,9,5,0.5555555555555556,0.1868254840373993,0.28050002455711365,0.23926129937171936,0.18282487988471985,0.11058833450078964
CH,10,240416_HOBIC22_5Spezies_FISH_Tag10,9,6,0.6666666666666666,0.24003808200359344,0.2833382189273834,0.20728348195552826,0.17037510871887207,0.09896520525217056
CH,10,240416_HOBIC22_5Spezies_FISH_Tag10,9,7,0.7777777777777778,0.48968276381492615,0.2708052396774292,0.04895641654729843,0.10293399542570114,0.08762158453464508
CH,10,240416_HOBIC22_5Spezies_FISH_Tag10,9,8,0.8888888888888888,0.661571204662323,0.22063161432743073,0.002087051747366786,0.044571299105882645,0.07113885134458542
CH,10,240416_HOBIC22_5Spezies_FISH_Tag10,9,9,1.0,0.7300243973731995,0.18681156635284424,0.000403875281335786,0.027868585661053658,0.05489156395196915
CH,10,240416_HOBIC22_5Spezies_FISH_Tag10,10,0,0.0,0.5170319676399231,0.2938535809516907,0.01365269348025322,0.051318440586328506,0.12414330244064331
CH,10,240416_HOBIC22_5Spezies_FISH_Tag10,10,1,0.08333333333333333,0.47244396805763245,0.30566641688346863,0.023304268717765808,0.06349146366119385,0.13509394228458405
CH,10,240416_HOBIC22_5Spezies_FISH_Tag10,10,2,0.16666666666666666,0.3942812979221344,0.32669949531555176,0.046106576919555664,0.08287303894758224,0.15003961324691772
CH,10,240416_HOBIC22_5Spezies_FISH_Tag10,10,3,0.25,0.2540053725242615,0.3243694007396698,0.12960284948349,0.12424196302890778,0.16778036952018738
CH,10,240416_HOBIC22_5Spezies_FISH_Tag10,10,4,0.3333333333333333,0.1368463784456253,0.2884325087070465,0.26877984404563904,0.15330752730369568,0.15263371169567108
CH,10,240416_HOBIC22_5Spezies_FISH_Tag10,10,5,0.4166666666666667,0.13949733972549438,0.27709391713142395,0.29224520921707153,0.16611765325069427,0.1250458061695099
CH,10,240416_HOBIC22_5Spezies_FISH_Tag10,10,6,0.5,0.15767134726047516,0.2939882278442383,0.26618701219558716,0.16105885803699493,0.12109449505805969
CH,10,240416_HOBIC22_5Spezies_FISH_Tag10,10,7,0.5833333333333334,0.2317720353603363,0.29306232929229736,0.22377289831638336,0.14436881244182587,0.10702396184206009
CH,10,240416_HOBIC22_5Spezies_FISH_Tag10,10,8,0.6666666666666666,0.3448191285133362,0.28457868099212646,0.15653444826602936,0.12779635190963745,0.08627147972583771
CH,10,240416_HOBIC22_5Spezies_FISH_Tag10,10,9,0.75,0.4479024112224579,0.2654212713241577,0.10983965545892715,0.10486229509115219,0.07197434455156326
CH,10,240416_HOBIC22_5Spezies_FISH_Tag10,10,10,0.8333333333333334,0.5311254858970642,0.25321662425994873,0.06241937354207039,0.07925098389387131,0.07398746907711029
CH,10,240416_HOBIC22_5Spezies_FISH_Tag10,10,11,0.9166666666666666,0.6640303134918213,0.2306666076183319,0.004543857648968697,0.03145755082368851,0.06930165737867355
CH,10,240416_HOBIC22_5Spezies_FISH_Tag10,10,12,1.0,0.7034074068069458,0.21771255135536194,0.0005294433212839067,0.019333040341734886,0.0590176060795784
CH,10,240416_HOBIC22_5Spezies_FISH_Tag10,11,0,0.0,0.5879335403442383,0.2569379210472107,0.0028935393784195185,0.048758380115032196,0.10347659885883331
CH,10,240416_HOBIC22_5Spezies_FISH_Tag10,11,1,0.1,0.5318406224250793,0.28067588806152344,0.006858001928776503,0.061069589108228683,0.11955594271421432
CH,10,240416_HOBIC22_5Spezies_FISH_Tag10,11,2,0.2,0.4421382248401642,0.3056987524032593,0.028305919840931892,0.08282623440027237,0.14103087782859802
CH,10,240416_HOBIC22_5Spezies_FISH_Tag10,11,3,0.3,0.23973819613456726,0.30201834440231323,0.1686849594116211,0.12800970673561096,0.16154877841472626
CH,10,240416_HOBIC22_5Spezies_FISH_Tag10,11,4,0.4,0.16213497519493103,0.27283045649528503,0.28007689118385315,0.15235134959220886,0.13260631263256073
CH,10,240416_HOBIC22_5Spezies_FISH_Tag10,11,5,0.5,0.18380576372146606,0.26847249269485474,0.2767086923122406,0.16012930870056152,0.11088374257087708
CH,10,240416_HOBIC22_5Spezies_FISH_Tag10,11,6,0.6,0.22657473385334015,0.279304563999176,0.23853938281536102,0.15250244736671448,0.10307884216308594
CH,10,240416_HOBIC22_5Spezies_FISH_Tag10,11,7,0.7,0.3351149559020996,0.27643904089927673,0.1651693880558014,0.1287863701581955,0.094490185379982
CH,10,240416_HOBIC22_5Spezies_FISH_Tag10,11,8,0.8,0.4937526285648346,0.24831745028495789,0.08903200179338455,0.09170717746019363,0.07719068974256516
CH,10,240416_HOBIC22_5Spezies_FISH_Tag10,11,9,0.9,0.6581167578697205,0.2166854590177536,0.012105928733944893,0.04569999501109123,0.06739185750484467
CH,10,240416_HOBIC22_5Spezies_FISH_Tag10,11,10,1.0,0.7418879270553589,0.17968907952308655,0.0005486519075930119,0.023595625534653664,0.054278742522001266
CH,10,240416_HOBIC22_5Spezies_FISH_Tag10,12,0,0.0,0.7352651357650757,0.17694713175296783,0.000115668706712313,0.02275540493428707,0.0649167001247406
CH,10,240416_HOBIC22_5Spezies_FISH_Tag10,12,1,0.047619047619047616,0.72635418176651,0.17884008586406708,0.00019845606584567577,0.024879835546016693,0.06972751766443253
CH,10,240416_HOBIC22_5Spezies_FISH_Tag10,12,2,0.09523809523809523,0.7061190009117126,0.18901915848255157,0.00031821615993976593,0.027983158826828003,0.07656051218509674
CH,10,240416_HOBIC22_5Spezies_FISH_Tag10,12,3,0.14285714285714285,0.6821492910385132,0.19885027408599854,0.0004587428702507168,0.032291799783706665,0.08624985814094543
CH,10,240416_HOBIC22_5Spezies_FISH_Tag10,12,4,0.19047619047619047,0.6355693936347961,0.21844631433486938,0.000784306030254811,0.04122115299105644,0.10397876054048538
CH,10,240416_HOBIC22_5Spezies_FISH_Tag10,12,5,0.23809523809523808,0.549774169921875,0.2532011568546295,0.0031424746848642826,0.0604168139398098,0.13346543908119202
CH,10,240416_HOBIC22_5Spezies_FISH_Tag10,12,6,0.2857142857142857,0.39569371938705444,0.30575209856033325,0.030382029712200165,0.09824524074792862,0.16992686688899994
CH,10,240416_HOBIC22_5Spezies_FISH_Tag10,12,7,0.3333333333333333,0.2676321864128113,0.2884531319141388,0.13886240124702454,0.13713234663009644,0.16791996359825134
CH,10,240416_HOBIC22_5Spezies_FISH_Tag10,12,8,0.38095238095238093,0.2110578715801239,0.26104241609573364,0.23160897195339203,0.15691109001636505,0.139379620552063
CH,10,240416_HOBIC22_5Spezies_FISH_Tag10,12,9,0.42857142857142855,0.19577187299728394,0.24975843727588654,0.2670401632785797,0.16730619966983795,0.12012331932783127
CH,10,240416_HOBIC22_5Spezies_FISH_Tag10,12,10,0.47619047619047616,0.2021496444940567,0.2458476573228836,0.2722029685974121,0.16918152570724487,0.1106182187795639
CH,10,240416_HOBIC22_5Spezies_FISH_Tag10,12,11,0.5238095238095238,0.21427947282791138,0.2501333951950073,0.25811633467674255,0.16789162158966064,0.10957915335893631
CH,10,240416_HOBIC22_5Spezies_FISH_Tag10,12,12,0.5714285714285714,0.23336099088191986,0.25617697834968567,0.23689350485801697,0.163273885846138,0.11029468476772308
CH,10,240416_HOBIC22_5Spezies_FISH_Tag10,12,13,0.6190476190476191,0.2565370798110962,0.264763206243515,0.20589543879032135,0.15867562592029572,0.11412867903709412
CH,10,240416_HOBIC22_5Spezies_FISH_Tag10,12,14,0.6666666666666666,0.27096521854400635,0.2709602117538452,0.1850985288619995,0.15321342647075653,0.11976268887519836
CH,10,240416_HOBIC22_5Spezies_FISH_Tag10,12,15,0.7142857142857143,0.28584086894989014,0.27476608753204346,0.16919808089733124,0.1476815789937973,0.12251341342926025
CH,10,240416_HOBIC22_5Spezies_FISH_Tag10,12,16,0.7619047619047619,0.2990575134754181,0.27613410353660583,0.1562112420797348,0.1426388919353485,0.1259581744670868
CH,10,240416_HOBIC22_5Spezies_FISH_Tag10,12,17,0.8095238095238095,0.31563594937324524,0.28210923075675964,0.13283954560756683,0.1360151469707489,0.13340017199516296
CH,10,240416_HOBIC22_5Spezies_FISH_Tag10,12,18,0.8571428571428571,0.3343972861766815,0.30485621094703674,0.08638226985931396,0.1247531920671463,0.14961101114749908
CH,10,240416_HOBIC22_5Spezies_FISH_Tag10,12,19,0.9047619047619048,0.3282521665096283,0.34661704301834106,0.05121505632996559,0.10999757051467896,0.16391824185848236
CH,10,240416_HOBIC22_5Spezies_FISH_Tag10,12,20,0.9523809523809523,0.4024803042411804,0.3318486213684082,0.023262344300746918,0.091678187251091,0.15073052048683167
CH,10,240416_HOBIC22_5Spezies_FISH_Tag10,12,21,1.0,0.4772094190120697,0.3043045401573181,0.010082043707370758,0.07368221879005432,0.13472184538841248
CH,10,240416_HOBIC22_5Spezies_FISH_Tag10,13,0,0.0,0.5037519931793213,0.2541947662830353,0.0012955047423020005,0.10900241136550903,0.1317553073167801
CH,10,240416_HOBIC22_5Spezies_FISH_Tag10,13,1,0.05263157894736842,0.43519270420074463,0.28015875816345215,0.0037326710298657417,0.12804177403450012,0.15287408232688904
CH,10,240416_HOBIC22_5Spezies_FISH_Tag10,13,2,0.10526315789473684,0.32014650106430054,0.32126834988594055,0.019267508760094643,0.1549922227859497,0.1843254715204239
CH,10,240416_HOBIC22_5Spezies_FISH_Tag10,13,3,0.15789473684210525,0.1959940791130066,0.3354094624519348,0.08588719367980957,0.18278397619724274,0.1999252587556839
CH,10,240416_HOBIC22_5Spezies_FISH_Tag10,13,4,0.21052631578947367,0.12062457948923111,0.3038007915019989,0.19944866001605988,0.19518552720546722,0.1809404492378235
CH,10,240416_HOBIC22_5Spezies_FISH_Tag10,13,5,0.2631578947368421,0.10377487540245056,0.3014476001262665,0.21200063824653625,0.2122947722673416,0.1704820841550827
CH,10,240416_HOBIC22_5Spezies_FISH_Tag10,13,6,0.3157894736842105,0.09085649996995926,0.3082960247993469,0.18737155199050903,0.22500568628311157,0.18847021460533142
CH,10,240416_HOBIC22_5Spezies_FISH_Tag10,13,7,0.3684210526315789,0.08343076705932617,0.3158057630062103,0.16032657027244568,0.22913242876529694,0.21130450069904327
CH,10,240416_HOBIC22_5Spezies_FISH_Tag10,13,8,0.42105263157894735,0.07442386448383331,0.32164081931114197,0.1329725682735443,0.22433681786060333,0.24662595987319946
CH,10,240416_HOBIC22_5Spezies_FISH_Tag10,13,9,0.47368421052631576,0.06612729281187057,0.3253391981124878,0.11475858837366104,0.21635670959949493,0.27741822600364685
CH,10,240416_HOBIC22_5Spezies_FISH_Tag10,13,10,0.5263157894736842,0.06028761342167854,0.325462281703949,0.1024833470582962,0.20816506445407867,0.3036017119884491
CH,10,240416_HOBIC22_5Spezies_FISH_Tag10,13,11,0.5789473684210527,0.05471307039260864,0.3283073306083679,0.08935146033763885,0.2007291167974472,0.32689905166625977
CH,10,240416_HOBIC22_5Spezies_FISH_Tag10,13,12,0.631578947368421,0.04872743785381317,0.33127710223197937,0.07625538855791092,0.19331271946430206,0.35042738914489746
CH,10,240416_HOBIC22_5Spezies_FISH_Tag10,13,13,0.6842105263157895,0.04156164824962616,0.3362656235694885,0.057783640921115875,0.18722476065158844,0.3771643042564392
CH,10,240416_HOBIC22_5Spezies_FISH_Tag10,13,14,0.7368421052631579,0.03423004969954491,0.3420169949531555,0.04062853753566742,0.18076758086681366,0.4023568034172058
CH,10,240416_HOBIC22_5Spezies_FISH_Tag10,13,15,0.7894736842105263,0.028394479304552078,0.3478482663631439,0.026409296318888664,0.1750975400209427,0.4222504496574402
CH,10,240416_HOBIC22_5Spezies_FISH_Tag10,13,16,0.8421052631578947,0.02672562561929226,0.36029666662216187,0.015448899008333683,0.17111334204673767,0.42641547322273254
CH,10,240416_HOBIC22_5Spezies_FISH_Tag10,13,17,0.8947368421052632,0.04019615426659584,0.37549322843551636,0.008670867420732975,0.172593355178833,0.4030464291572571
CH,10,240416_HOBIC22_5Spezies_FISH_Tag10,13,18,0.9473684210526315,0.0771215632557869,0.3740493953227997,0.004488441161811352,0.1767100840806961,0.3676304221153259
CH,10,240416_HOBIC22_5Spezies_FISH_Tag10,13,19,1.0,0.12275341898202896,0.37253537774086,0.0022638090886175632,0.1709958165884018,0.33145156502723694
CH,10,240416_HOBIC22_5Spezies_FISH_Tag10,14,0,0.0,0.5051203370094299,0.27309632301330566,0.0026699916925281286,0.10445848107337952,0.11465482413768768
CH,10,240416_HOBIC22_5Spezies_FISH_Tag10,14,1,0.06666666666666667,0.4242621660232544,0.3140906095504761,0.009816732257604599,0.12055397033691406,0.13127650320529938
CH,10,240416_HOBIC22_5Spezies_FISH_Tag10,14,2,0.13333333333333333,0.27957597374916077,0.36518406867980957,0.05181751772761345,0.14726978540420532,0.156152606010437
CH,10,240416_HOBIC22_5Spezies_FISH_Tag10,14,3,0.2,0.15182216465473175,0.36404645442962646,0.16172872483730316,0.16529442369937897,0.15710826218128204
CH,10,240416_HOBIC22_5Spezies_FISH_Tag10,14,4,0.26666666666666666,0.11104001849889755,0.3354644179344177,0.21962526440620422,0.1848563551902771,0.14901390671730042
CH,10,240416_HOBIC22_5Spezies_FISH_Tag10,14,5,0.3333333333333333,0.10065806657075882,0.3331775963306427,0.20392382144927979,0.2034585177898407,0.15878205001354218
CH,10,240416_HOBIC22_5Spezies_FISH_Tag10,14,6,0.4,0.09345784038305283,0.3402121067047119,0.16552279889583588,0.21531011164188385,0.18549716472625732
CH,10,240416_HOBIC22_5Spezies_FISH_Tag10,14,7,0.4666666666666667,0.09070181101560593,0.34351661801338196,0.11601186543703079,0.2228638380765915,0.22690583765506744
CH,10,240416_HOBIC22_5Spezies_FISH_Tag10,14,8,0.5333333333333333,0.08116918802261353,0.3453020453453064,0.06614751368761063,0.223395437002182,0.28398585319519043
CH,10,240416_HOBIC22_5Spezies_FISH_Tag10,14,9,0.6,0.07149311900138855,0.34496915340423584,0.03628871589899063,0.21840350329875946,0.3288455307483673
CH,10,240416_HOBIC22_5Spezies_FISH_Tag10,14,10,0.6666666666666666,0.06325207650661469,0.340066522359848,0.018551217392086983,0.21251541376113892,0.36561474204063416
CH,10,240416_HOBIC22_5Spezies_FISH_Tag10,14,11,0.7333333333333333,0.057156872004270554,0.3354927599430084,0.00908135436475277,0.20595566928386688,0.3923133611679077
CH,10,240416_HOBIC22_5Spezies_FISH_Tag10,14,12,0.8,0.05321456864476204,0.3297012746334076,0.005368089769035578,0.20120179653167725,0.410514235496521
CH,10,240416_HOBIC22_5Spezies_FISH_Tag10,14,13,0.8666666666666667,0.0507049560546875,0.32734760642051697,0.0038200472481548786,0.1968441605567932,0.4212832748889923
CH,10,240416_HOBIC22_5Spezies_FISH_Tag10,14,14,0.9333333333333333,0.049236711114645004,0.3242766261100769,0.0029661941807717085,0.19332195818424225,0.4301984906196594
CH,10,240416_HOBIC22_5Spezies_FISH_Tag10,14,15,1.0,0.051684342324733734,0.32526087760925293,0.0025287659373134375,0.1916431337594986,0.428882896900177
CH,15,220817_HOBIC22_5Spezies_FISH_Tag15,0,0,0.0,0.6398642659187317,0.12287483364343643,0.05745779350399971,0.027525940909981728,0.1522771418094635
CH,15,240416_HOBIC22_5Spezies_FISH_Tag15,0,0,0.0,0.5698316097259521,0.2551535964012146,0.0013948658015578985,0.02749919891357422,0.14612071216106415
CH,15,220817_HOBIC22_5Spezies_FISH_Tag15,0,1,0.015151515151515152,0.6252572536468506,0.1264028698205948,0.05924125388264656,0.02916732430458069,0.1599312424659729
CH,15,240416_HOBIC22_5Spezies_FISH_Tag15,0,1,0.1,0.5074889659881592,0.2861808240413666,0.003934006672352552,0.03646974265575409,0.1659264862537384
CH,15,220817_HOBIC22_5Spezies_FISH_Tag15,0,2,0.030303030303030304,0.606265664100647,0.1297445148229599,0.06643068045377731,0.031398262828588486,0.16616091132164001
CH,15,240416_HOBIC22_5Spezies_FISH_Tag15,0,2,0.2,0.3854382038116455,0.33281704783439636,0.03235159069299698,0.05939643085002899,0.18999667465686798
CH,15,220817_HOBIC22_5Spezies_FISH_Tag15,0,3,0.045454545454545456,0.5797045826911926,0.12919080257415771,0.07539346069097519,0.036069538444280624,0.17964161932468414
CH,15,240416_HOBIC22_5Spezies_FISH_Tag15,0,3,0.3,0.24690964818000793,0.3094327747821808,0.16467945277690887,0.1006670892238617,0.17831100523471832
CH,15,220817_HOBIC22_5Spezies_FISH_Tag15,0,4,0.06060606060606061,0.5488477945327759,0.1356763392686844,0.08572397381067276,0.04065082222223282,0.18910108506679535
CH,15,240416_HOBIC22_5Spezies_FISH_Tag15,0,4,0.4,0.23629775643348694,0.26174259185791016,0.22966186702251434,0.12886306643486023,0.14343467354774475
CH,15,220817_HOBIC22_5Spezies_FISH_Tag15,0,5,0.07575757575757576,0.5136143565177917,0.14070633053779602,0.10127899050712585,0.04714852571487427,0.19725190103054047
CH,15,240416_HOBIC22_5Spezies_FISH_Tag15,0,5,0.5,0.33683231472969055,0.27876320481300354,0.13295312225818634,0.13007962703704834,0.12137177586555481
CH,15,220817_HOBIC22_5Spezies_FISH_Tag15,0,6,0.09090909090909091,0.4795319736003876,0.14250268042087555,0.11748069524765015,0.054418180137872696,0.20606650412082672
CH,15,240416_HOBIC22_5Spezies_FISH_Tag15,0,6,0.6,0.39914044737815857,0.29829779267311096,0.07620437443256378,0.10409355908632278,0.1222638338804245
CH,15,220817_HOBIC22_5Spezies_FISH_Tag15,0,7,0.10606060606060606,0.44438233971595764,0.14553454518318176,0.1378079205751419,0.059539973735809326,0.2127351462841034
CH,15,240416_HOBIC22_5Spezies_FISH_Tag15,0,7,0.7,0.471601277589798,0.29072991013526917,0.031932372599840164,0.07455563545227051,0.1311807483434677
CH,15,220817_HOBIC22_5Spezies_FISH_Tag15,0,8,0.12121212121212122,0.4088110029697418,0.1523832380771637,0.15458738803863525,0.0709581971168518,0.21326009929180145
CH,15,240416_HOBIC22_5Spezies_FISH_Tag15,0,8,0.8,0.4887513816356659,0.29292547702789307,0.01954234018921852,0.05400325357913971,0.1447775810956955
CH,15,220817_HOBIC22_5Spezies_FISH_Tag15,0,9,0.13636363636363635,0.37369370460510254,0.16078835725784302,0.16737696528434753,0.08174150437116623,0.21639950573444366
CH,15,240416_HOBIC22_5Spezies_FISH_Tag15,0,9,0.9,0.5132652521133423,0.28649306297302246,0.016100073233246803,0.04108894616365433,0.14305269718170166
CH,15,220817_HOBIC22_5Spezies_FISH_Tag15,0,10,0.15151515151515152,0.33880168199539185,0.17161422967910767,0.18365123867988586,0.09202004969120026,0.21391281485557556
CH,15,240416_HOBIC22_5Spezies_FISH_Tag15,0,10,1.0,0.544124960899353,0.2717250883579254,0.011417792178690434,0.03319747373461723,0.13953463733196259
CH,15,220817_HOBIC22_5Spezies_FISH_Tag15,0,11,0.16666666666666666,0.3142714500427246,0.17801745235919952,0.19433392584323883,0.1015748605132103,0.21180227398872375
CH,15,220817_HOBIC22_5Spezies_FISH_Tag15,0,12,0.18181818181818182,0.3067455589771271,0.17357221245765686,0.20980918407440186,0.10545063018798828,0.20442242920398712
CH,15,220817_HOBIC22_5Spezies_FISH_Tag15,0,13,0.19696969696969696,0.30288955569267273,0.17030611634254456,0.2129642218351364,0.10987798869609833,0.20396208763122559
CH,15,220817_HOBIC22_5Spezies_FISH_Tag15,0,14,0.21212121212121213,0.29213517904281616,0.1737639158964157,0.21706818044185638,0.11143522709608078,0.2055974006652832
CH,15,220817_HOBIC22_5Spezies_FISH_Tag15,0,15,0.22727272727272727,0.28292930126190186,0.17985020577907562,0.2253737598657608,0.11149105429649353,0.200355663895607
CH,15,220817_HOBIC22_5Spezies_FISH_Tag15,0,16,0.24242424242424243,0.2864125967025757,0.17944619059562683,0.2267221212387085,0.10926390439271927,0.1981552094221115
CH,15,220817_HOBIC22_5Spezies_FISH_Tag15,0,17,0.25757575757575757,0.28155717253685,0.1850932091474533,0.2259824424982071,0.10830897837877274,0.1990581899881363
CH,15,220817_HOBIC22_5Spezies_FISH_Tag15,0,18,0.2727272727272727,0.27135732769966125,0.19093702733516693,0.222898930311203,0.10831011086702347,0.20649661123752594
CH,15,220817_HOBIC22_5Spezies_FISH_Tag15,0,19,0.2878787878787879,0.2623812258243561,0.19965305924415588,0.22607141733169556,0.10651641339063644,0.20537783205509186
CH,15,220817_HOBIC22_5Spezies_FISH_Tag15,0,20,0.30303030303030304,0.2469228059053421,0.20471158623695374,0.22805441915988922,0.10747557878494263,0.21283560991287231
CH,15,220817_HOBIC22_5Spezies_FISH_Tag15,0,21,0.3181818181818182,0.22783908247947693,0.21338465809822083,0.23470589518547058,0.10705792903900146,0.21701252460479736
CH,15,220817_HOBIC22_5Spezies_FISH_Tag15,0,22,0.3333333333333333,0.22402602434158325,0.21113178133964539,0.23954486846923828,0.10954351723194122,0.21575380861759186
CH,15,220817_HOBIC22_5Spezies_FISH_Tag15,0,23,0.3484848484848485,0.2193611115217209,0.2130483239889145,0.24286480247974396,0.11209847033023834,0.21262726187705994
CH,15,220817_HOBIC22_5Spezies_FISH_Tag15,0,24,0.36363636363636365,0.22178922593593597,0.21822547912597656,0.23958715796470642,0.11139655858278275,0.20900161564350128
CH,15,220817_HOBIC22_5Spezies_FISH_Tag15,0,25,0.3787878787878788,0.22247014939785004,0.21406643092632294,0.23630058765411377,0.11226867139339447,0.214894101023674
CH,15,220817_HOBIC22_5Spezies_FISH_Tag15,0,26,0.3939393939393939,0.2185293585062027,0.2148105949163437,0.23386943340301514,0.11232433468103409,0.22046628594398499
CH,15,220817_HOBIC22_5Spezies_FISH_Tag15,0,27,0.4090909090909091,0.21319027245044708,0.2182127833366394,0.2287740260362625,0.11220022290945053,0.22762267291545868
CH,15,220817_HOBIC22_5Spezies_FISH_Tag15,0,28,0.42424242424242425,0.19763368368148804,0.22800613939762115,0.22255100309848785,0.11244199424982071,0.23936712741851807
CH,15,220817_HOBIC22_5Spezies_FISH_Tag15,0,29,0.4393939393939394,0.18474175035953522,0.23635290563106537,0.22292368113994598,0.11324674636125565,0.24273492395877838
CH,15,220817_HOBIC22_5Spezies_FISH_Tag15,0,30,0.45454545454545453,0.17564240097999573,0.2423941195011139,0.22817234694957733,0.1141858845949173,0.23960521817207336
CH,15,220817_HOBIC22_5Spezies_FISH_Tag15,0,31,0.4696969696969697,0.16488021612167358,0.2502366900444031,0.23146390914916992,0.11673199385404587,0.23668724298477173
CH,15,220817_HOBIC22_5Spezies_FISH_Tag15,0,32,0.48484848484848486,0.16066482663154602,0.25409454107284546,0.2344626784324646,0.1183931902050972,0.2323848009109497
CH,15,220817_HOBIC22_5Spezies_FISH_Tag15,0,33,0.5,0.1556856483221054,0.2546685039997101,0.23942135274410248,0.12155704200267792,0.22866740822792053
CH,15,220817_HOBIC22_5Spezies_FISH_Tag15,0,34,0.5151515151515151,0.15629029273986816,0.25871899724006653,0.24595734477043152,0.12493831664323807,0.21409505605697632
CH,15,220817_HOBIC22_5Spezies_FISH_Tag15,0,35,0.5303030303030303,0.16098293662071228,0.2644362151622772,0.2486478090286255,0.12641756236553192,0.1995154619216919
CH,15,220817_HOBIC22_5Spezies_FISH_Tag15,0,36,0.5454545454545454,0.1621929407119751,0.2666592299938202,0.24984589219093323,0.12860232591629028,0.1926996111869812
CH,15,220817_HOBIC22_5Spezies_FISH_Tag15,0,37,0.5606060606060606,0.1672525405883789,0.2688490152359009,0.24775391817092896,0.1288956254720688,0.1872488409280777
CH,15,220817_HOBIC22_5Spezies_FISH_Tag15,0,38,0.5757575757575758,0.1746159791946411,0.2717917263507843,0.23938588798046112,0.12631534039974213,0.18789106607437134
CH,15,220817_HOBIC22_5Spezies_FISH_Tag15,0,39,0.5909090909090909,0.18332315981388092,0.2709076702594757,0.2306440770626068,0.12377320975065231,0.19135192036628723
CH,15,220817_HOBIC22_5Spezies_FISH_Tag15,0,40,0.6060606060606061,0.18909308314323425,0.27040842175483704,0.2222650796175003,0.11837000399827957,0.19986334443092346
CH,15,220817_HOBIC22_5Spezies_FISH_Tag15,0,41,0.6212121212121212,0.19102685153484344,0.26858627796173096,0.2148134708404541,0.1163017526268959,0.20927166938781738
CH,15,220817_HOBIC22_5Spezies_FISH_Tag15,0,42,0.6363636363636364,0.19825877249240875,0.26301661133766174,0.20677348971366882,0.11390865594148636,0.2180425524711609
CH,15,220817_HOBIC22_5Spezies_FISH_Tag15,0,43,0.6515151515151515,0.2094813585281372,0.25430288910865784,0.2035120129585266,0.10845527052879333,0.2242485135793686
CH,15,220817_HOBIC22_5Spezies_FISH_Tag15,0,44,0.6666666666666666,0.2236754447221756,0.24622943997383118,0.1972825527191162,0.10462142527103424,0.22819103300571442
CH,15,220817_HOBIC22_5Spezies_FISH_Tag15,0,45,0.6818181818181818,0.23065420985221863,0.24044007062911987,0.19101335108280182,0.10057041049003601,0.23732195794582367
CH,15,220817_HOBIC22_5Spezies_FISH_Tag15,0,46,0.696969696969697,0.24038413166999817,0.23742049932479858,0.18812666833400726,0.0996265560388565,0.23444217443466187
CH,15,220817_HOBIC22_5Spezies_FISH_Tag15,0,47,0.7121212121212122,0.24188099801540375,0.2360202521085739,0.18437835574150085,0.10064723342657089,0.2370731681585312
CH,15,220817_HOBIC22_5Spezies_FISH_Tag15,0,48,0.7272727272727273,0.24721810221672058,0.23900187015533447,0.16982926428318024,0.1009344831109047,0.24301625788211823
CH,15,220817_HOBIC22_5Spezies_FISH_Tag15,0,49,0.7424242424242424,0.25470563769340515,0.24299512803554535,0.15715372562408447,0.09923749417066574,0.2459080070257187
CH,15,220817_HOBIC22_5Spezies_FISH_Tag15,0,50,0.7575757575757576,0.25678154826164246,0.24809636175632477,0.15366794168949127,0.09757397323846817,0.24388019740581512
CH,15,220817_HOBIC22_5Spezies_FISH_Tag15,0,51,0.7727272727272727,0.26761046051979065,0.2506048381328583,0.13839977979660034,0.09413094073534012,0.2492539882659912
CH,15,220817_HOBIC22_5Spezies_FISH_Tag15,0,52,0.7878787878787878,0.2752077877521515,0.24760934710502625,0.12488528341054916,0.08810975402593613,0.26418784260749817
CH,15,220817_HOBIC22_5Spezies_FISH_Tag15,0,53,0.803030303030303,0.2799120843410492,0.24666471779346466,0.12205792218446732,0.08467790484428406,0.2666873335838318
CH,15,220817_HOBIC22_5Spezies_FISH_Tag15,0,54,0.8181818181818182,0.2835412621498108,0.24632613360881805,0.11778419464826584,0.0839555561542511,0.2683929204940796
CH,15,220817_HOBIC22_5Spezies_FISH_Tag15,0,55,0.8333333333333334,0.2905910015106201,0.24570444226264954,0.10644800215959549,0.08024975657463074,0.27700671553611755
CH,15,220817_HOBIC22_5Spezies_FISH_Tag15,0,56,0.8484848484848485,0.29985103011131287,0.24343444406986237,0.09208645671606064,0.07530102878808975,0.28932705521583557
CH,15,220817_HOBIC22_5Spezies_FISH_Tag15,0,57,0.8636363636363636,0.29832547903060913,0.24449986219406128,0.08464337140321732,0.07300306111574173,0.29952818155288696
CH,15,220817_HOBIC22_5Spezies_FISH_Tag15,0,58,0.8787878787878788,0.2990301549434662,0.2474355697631836,0.07707659900188446,0.07084330171346664,0.3056143820285797
CH,15,220817_HOBIC22_5Spezies_FISH_Tag15,0,59,0.8939393939393939,0.2984980046749115,0.24719449877738953,0.0731416791677475,0.07057034969329834,0.31059545278549194
CH,15,220817_HOBIC22_5Spezies_FISH_Tag15,0,60,0.9090909090909091,0.2997637093067169,0.24857085943222046,0.07380375266075134,0.06944707781076431,0.3084145486354828
CH,15,220817_HOBIC22_5Spezies_FISH_Tag15,0,61,0.9242424242424242,0.3011564314365387,0.24663285911083221,0.07260844856500626,0.0690016821026802,0.3106005787849426
CH,15,220817_HOBIC22_5Spezies_FISH_Tag15,0,62,0.9393939393939394,0.30091455578804016,0.24815043807029724,0.07162055373191833,0.06804097443819046,0.3112734854221344
CH,15,220817_HOBIC22_5Spezies_FISH_Tag15,0,63,0.9545454545454546,0.302415668964386,0.246653750538826,0.07160986214876175,0.06907639652490616,0.3102443218231201
CH,15,220817_HOBIC22_5Spezies_FISH_Tag15,0,64,0.9696969696969697,0.3018757104873657,0.2460687905550003,0.07188396155834198,0.06879851222038269,0.3113730251789093
CH,15,220817_HOBIC22_5Spezies_FISH_Tag15,0,65,0.9848484848484849,0.30212488770484924,0.24452121555805206,0.07036562263965607,0.0682154968380928,0.3147727847099304
CH,15,220817_HOBIC22_5Spezies_FISH_Tag15,0,66,1.0,0.30373096466064453,0.24785205721855164,0.06863013654947281,0.06830950081348419,0.3114773631095886
CH,15,220817_HOBIC22_5Spezies_FISH_Tag15,1,0,0.0,0.526759147644043,0.1931285709142685,0.06974900513887405,0.04314976930618286,0.16721351444721222
CH,15,240416_HOBIC22_5Spezies_FISH_Tag15,1,0,0.0,0.5656219124794006,0.2787955403327942,0.0018224340165033937,0.03669806569814682,0.11706206947565079
CH,15,220817_HOBIC22_5Spezies_FISH_Tag15,1,1,0.023255813953488372,0.5028123259544373,0.19754396378993988,0.07673545181751251,0.04711264744400978,0.17579558491706848
CH,15,240416_HOBIC22_5Spezies_FISH_Tag15,1,1,0.07142857142857142,0.49364352226257324,0.30675438046455383,0.005888353567570448,0.04969222843647003,0.14402151107788086
CH,15,220817_HOBIC22_5Spezies_FISH_Tag15,1,2,0.046511627906976744,0.46566393971443176,0.20597733557224274,0.08249256014823914,0.053676292300224304,0.19218984246253967
CH,15,240416_HOBIC22_5Spezies_FISH_Tag15,1,2,0.14285714285714285,0.3531794548034668,0.34421324729919434,0.04475570097565651,0.0804513618350029,0.17740024626255035
CH,15,220817_HOBIC22_5Spezies_FISH_Tag15,1,3,0.06976744186046512,0.3870767652988434,0.22596387565135956,0.09696754068136215,0.06371381878852844,0.22627802193164825
CH,15,240416_HOBIC22_5Spezies_FISH_Tag15,1,3,0.21428571428571427,0.23448970913887024,0.2913629710674286,0.19333261251449585,0.11651533842086792,0.1642993986606598
CH,15,220817_HOBIC22_5Spezies_FISH_Tag15,1,4,0.09302325581395349,0.21631678938865662,0.26027220487594604,0.12995684146881104,0.09705293923616409,0.2964012026786804
CH,15,240416_HOBIC22_5Spezies_FISH_Tag15,1,4,0.2857142857142857,0.22616921365261078,0.2614903450012207,0.2555868327617645,0.13948430120944977,0.117269366979599
CH,15,220817_HOBIC22_5Spezies_FISH_Tag15,1,5,0.11627906976744186,0.1369066834449768,0.2638404071331024,0.16199584305286407,0.11297669261693954,0.32428035140037537
CH,15,240416_HOBIC22_5Spezies_FISH_Tag15,1,5,0.35714285714285715,0.2530340254306793,0.26004743576049805,0.23399825394153595,0.14736521244049072,0.10555502772331238
CH,15,220817_HOBIC22_5Spezies_FISH_Tag15,1,6,0.13953488372093023,0.19212539494037628,0.23061195015907288,0.17391005158424377,0.101450614631176,0.30190199613571167
CH,15,240416_HOBIC22_5Spezies_FISH_Tag15,1,6,0.42857142857142855,0.29886555671691895,0.26857733726501465,0.19628919661045074,0.14095228910446167,0.09531563520431519
CH,15,220817_HOBIC22_5Spezies_FISH_Tag15,1,7,0.16279069767441862,0.19106975197792053,0.2288767397403717,0.18868428468704224,0.10343211144208908,0.28793710470199585
CH,15,240416_HOBIC22_5Spezies_FISH_Tag15,1,7,0.5,0.35917219519615173,0.2790369391441345,0.14672012627124786,0.1263541877269745,0.08871658146381378
CH,15,220817_HOBIC22_5Spezies_FISH_Tag15,1,8,0.18604651162790697,0.18305659294128418,0.23231399059295654,0.20663845539093018,0.1102796271443367,0.2677113115787506
CH,15,240416_HOBIC22_5Spezies_FISH_Tag15,1,8,0.5714285714285714,0.41455078125,0.28607115149497986,0.10281461477279663,0.1085098460316658,0.08805356919765472
CH,15,220817_HOBIC22_5Spezies_FISH_Tag15,1,9,0.20930232558139536,0.17297865450382233,0.23868824541568756,0.22017955780029297,0.11750620603561401,0.2506473660469055
CH,15,240416_HOBIC22_5Spezies_FISH_Tag15,1,9,0.6428571428571429,0.4797497093677521,0.29146066308021545,0.059837374836206436,0.08399535715579987,0.08495695143938065
CH,15,220817_HOBIC22_5Spezies_FISH_Tag15,1,10,0.23255813953488372,0.16219238936901093,0.2446376532316208,0.23319360613822937,0.12483203411102295,0.23514434695243835
CH,15,240416_HOBIC22_5Spezies_FISH_Tag15,1,10,0.7142857142857143,0.5314845442771912,0.2927483022212982,0.027572231367230415,0.06272432953119278,0.08547063171863556
CH,15,220817_HOBIC22_5Spezies_FISH_Tag15,1,11,0.2558139534883721,0.1564408242702484,0.2463761270046234,0.2447546273469925,0.13124199211597443,0.22118642926216125
CH,15,240416_HOBIC22_5Spezies_FISH_Tag15,1,11,0.7857142857142857,0.5640210509300232,0.28948235511779785,0.012151822447776794,0.047005556523799896,0.08733914792537689
CH,15,220817_HOBIC22_5Spezies_FISH_Tag15,1,12,0.27906976744186046,0.15557719767093658,0.24797466397285461,0.2542993426322937,0.1352977603673935,0.206851065158844
CH,15,240416_HOBIC22_5Spezies_FISH_Tag15,1,12,0.8571428571428571,0.5818817615509033,0.2901492118835449,0.006042432505637407,0.03647199273109436,0.08545456826686859
CH,15,220817_HOBIC22_5Spezies_FISH_Tag15,1,13,0.3023255813953488,0.15370407700538635,0.25032469630241394,0.2575283646583557,0.1376221925020218,0.2008207142353058
CH,15,240416_HOBIC22_5Spezies_FISH_Tag15,1,13,0.9285714285714286,0.5786426663398743,0.29943758249282837,0.003262107027694583,0.030644729733467102,0.08801300823688507
CH,15,220817_HOBIC22_5Spezies_FISH_Tag15,1,14,0.32558139534883723,0.1555708646774292,0.2486138939857483,0.26014071702957153,0.14084964990615845,0.19482490420341492
CH,15,240416_HOBIC22_5Spezies_FISH_Tag15,1,14,1.0,0.4451240599155426,0.4216342568397522,0.0021432596258819103,0.029631707817316055,0.10146672278642654
CH,15,220817_HOBIC22_5Spezies_FISH_Tag15,1,15,0.3488372093023256,0.15968599915504456,0.2478404939174652,0.2597799301147461,0.14390261471271515,0.188790962100029
CH,15,220817_HOBIC22_5Spezies_FISH_Tag15,1,16,0.37209302325581395,0.16329646110534668,0.24804969131946564,0.2586038410663605,0.14629416167736053,0.18375587463378906
CH,15,220817_HOBIC22_5Spezies_FISH_Tag15,1,17,0.3953488372093023,0.17527104914188385,0.24840214848518372,0.25365421175956726,0.14883491396903992,0.17383769154548645
CH,15,220817_HOBIC22_5Spezies_FISH_Tag15,1,18,0.4186046511627907,0.1903514564037323,0.2506900429725647,0.2420480102300644,0.14996473491191864,0.1669457107782364
CH,15,220817_HOBIC22_5Spezies_FISH_Tag15,1,19,0.4418604651162791,0.2102801352739334,0.24928812682628632,0.22778454422950745,0.14584319293498993,0.16680409014225006
CH,15,220817_HOBIC22_5Spezies_FISH_Tag15,1,20,0.46511627906976744,0.23160623013973236,0.2493341863155365,0.21031297743320465,0.1377345770597458,0.1710120141506195
CH,15,220817_HOBIC22_5Spezies_FISH_Tag15,1,21,0.4883720930232558,0.252591073513031,0.25062862038612366,0.19253160059452057,0.12533845007419586,0.17891019582748413
CH,15,220817_HOBIC22_5Spezies_FISH_Tag15,1,22,0.5116279069767442,0.2659437954425812,0.24834801256656647,0.1779453605413437,0.1159014105796814,0.19186145067214966
CH,15,220817_HOBIC22_5Spezies_FISH_Tag15,1,23,0.5348837209302325,0.2821297347545624,0.2430468648672104,0.1627672165632248,0.10971814393997192,0.2023380696773529
CH,15,220817_HOBIC22_5Spezies_FISH_Tag15,1,24,0.5581395348837209,0.2947435677051544,0.24056068062782288,0.1493585705757141,0.10346678644418716,0.21187035739421844
CH,15,220817_HOBIC22_5Spezies_FISH_Tag15,1,25,0.5813953488372093,0.30808401107788086,0.23565562069416046,0.1358053833246231,0.09956642985343933,0.22088855504989624
CH,15,220817_HOBIC22_5Spezies_FISH_Tag15,1,26,0.6046511627906976,0.3119158446788788,0.23744261264801025,0.12873022258281708,0.09567423164844513,0.22623704373836517
CH,15,220817_HOBIC22_5Spezies_FISH_Tag15,1,27,0.627906976744186,0.3108372688293457,0.23844106495380402,0.12472238391637802,0.09515946358442307,0.23083986341953278
CH,15,220817_HOBIC22_5Spezies_FISH_Tag15,1,28,0.6511627906976745,0.3100145757198334,0.23936280608177185,0.12374556064605713,0.09584243595600128,0.23103466629981995
CH,15,220817_HOBIC22_5Spezies_FISH_Tag15,1,29,0.6744186046511628,0.3140018582344055,0.23771247267723083,0.12297585606575012,0.0944729596376419,0.23083679378032684
CH,15,220817_HOBIC22_5Spezies_FISH_Tag15,1,30,0.6976744186046512,0.323894202709198,0.2341734915971756,0.11653072386980057,0.09214399755001068,0.23325760662555695
CH,15,220817_HOBIC22_5Spezies_FISH_Tag15,1,31,0.7209302325581395,0.33184918761253357,0.23274283111095428,0.11325396597385406,0.08990848064422607,0.23224550485610962
CH,15,220817_HOBIC22_5Spezies_FISH_Tag15,1,32,0.7441860465116279,0.3264802098274231,0.2354412078857422,0.1127786785364151,0.0910743996500969,0.2342255413532257
CH,15,220817_HOBIC22_5Spezies_FISH_Tag15,1,33,0.7674418604651163,0.3229235112667084,0.2359260469675064,0.11828003823757172,0.09208972007036209,0.23078063130378723
CH,15,220817_HOBIC22_5Spezies_FISH_Tag15,1,34,0.7906976744186046,0.32011905312538147,0.23767396807670593,0.1194021925330162,0.094591423869133,0.2282133847475052
CH,15,220817_HOBIC22_5Spezies_FISH_Tag15,1,35,0.813953488372093,0.32260069251060486,0.23986594378948212,0.11673054099082947,0.09618547558784485,0.22461730241775513
CH,15,220817_HOBIC22_5Spezies_FISH_Tag15,1,36,0.8372093023255814,0.33766141533851624,0.23692713677883148,0.10752533376216888,0.09120932966470718,0.226676806807518
CH,15,220817_HOBIC22_5Spezies_FISH_Tag15,1,37,0.8604651162790697,0.3444138765335083,0.2319071888923645,0.10277415066957474,0.08905179798603058,0.2318529486656189
CH,15,220817_HOBIC22_5Spezies_FISH_Tag15,1,38,0.8837209302325582,0.3506142497062683,0.2328387200832367,0.09558943659067154,0.08486692607402802,0.23609060049057007
CH,15,220817_HOBIC22_5Spezies_FISH_Tag15,1,39,0.9069767441860465,0.36088624596595764,0.2312443107366562,0.0875793993473053,0.08128204196691513,0.23900796473026276
CH,15,220817_HOBIC22_5Spezies_FISH_Tag15,1,40,0.9302325581395349,0.3626116216182709,0.2293539196252823,0.08521313220262527,0.07987764477729797,0.24294370412826538
CH,15,220817_HOBIC22_5Spezies_FISH_Tag15,1,41,0.9534883720930233,0.37493282556533813,0.22568713128566742,0.08048427850008011,0.07907624542713165,0.23981957137584686
CH,15,220817_HOBIC22_5Spezies_FISH_Tag15,1,42,0.9767441860465116,0.3749276399612427,0.2270975410938263,0.0758519247174263,0.07519378513097763,0.2469291239976883
CH,15,220817_HOBIC22_5Spezies_FISH_Tag15,1,43,1.0,0.3803854286670685,0.22542345523834229,0.0748600959777832,0.07536957412958145,0.2439614087343216
CH,15,220817_HOBIC22_5Spezies_FISH_Tag15,2,0,0.0,0.2468947321176529,0.23877692222595215,0.20665064454078674,0.09133969992399216,0.21633805334568024
CH,15,240416_HOBIC22_5Spezies_FISH_Tag15,2,0,0.0,0.5657979249954224,0.2877567410469055,0.006011691875755787,0.024847082793712616,0.11558651924133301
CH,15,220817_HOBIC22_5Spezies_FISH_Tag15,2,1,0.030303030303030304,0.23510907590389252,0.23834551870822906,0.21529461443424225,0.0932193398475647,0.2180314064025879
CH,15,240416_HOBIC22_5Spezies_FISH_Tag15,2,1,0.05263157894736842,0.47994688153266907,0.33099886775016785,0.017040176317095757,0.03605828061699867,0.13595587015151978
CH,15,220817_HOBIC22_5Spezies_FISH_Tag15,2,2,0.06060606060606061,0.2154383808374405,0.24065564572811127,0.22731120884418488,0.09777223318815231,0.21882252395153046
CH,15,240416_HOBIC22_5Spezies_FISH_Tag15,2,2,0.10526315789473684,0.34790319204330444,0.3447151482105255,0.08962612599134445,0.06397358328104019,0.15378205478191376
CH,15,220817_HOBIC22_5Spezies_FISH_Tag15,2,3,0.09090909090909091,0.19494935870170593,0.2478943169116974,0.24286329746246338,0.10713869333267212,0.20715433359146118
CH,15,240416_HOBIC22_5Spezies_FISH_Tag15,2,3,0.15789473684210525,0.2802906930446625,0.2700982391834259,0.22158710658550262,0.09922151267528534,0.12880241870880127
CH,15,220817_HOBIC22_5Spezies_FISH_Tag15,2,4,0.12121212121212122,0.18097643554210663,0.2499793916940689,0.2545551657676697,0.11422641575336456,0.20026260614395142
CH,15,240416_HOBIC22_5Spezies_FISH_Tag15,2,4,0.21052631578947367,0.2936178743839264,0.26114770770072937,0.22222575545310974,0.11665230989456177,0.10635631531476974
CH,15,220817_HOBIC22_5Spezies_FISH_Tag15,2,5,0.15151515151515152,0.1693020462989807,0.2510812282562256,0.2622331976890564,0.12062275409698486,0.19676072895526886
CH,15,240416_HOBIC22_5Spezies_FISH_Tag15,2,5,0.2631578947368421,0.3036275804042816,0.2638574540615082,0.2097465842962265,0.12286504358053207,0.0999034196138382
CH,15,220817_HOBIC22_5Spezies_FISH_Tag15,2,6,0.18181818181818182,0.16800087690353394,0.24774865806102753,0.26705408096313477,0.12700329720973969,0.1901930868625641
CH,15,240416_HOBIC22_5Spezies_FISH_Tag15,2,6,0.3157894736842105,0.3120275139808655,0.2632352411746979,0.19759733974933624,0.1282162219285965,0.0989236980676651
CH,15,220817_HOBIC22_5Spezies_FISH_Tag15,2,7,0.21212121212121213,0.1677384078502655,0.2512475550174713,0.2688550651073456,0.1328933835029602,0.17926554381847382
CH,15,240416_HOBIC22_5Spezies_FISH_Tag15,2,7,0.3684210526315789,0.3046605885028839,0.2610046863555908,0.19431129097938538,0.13743379712104797,0.10258962959051132
CH,15,220817_HOBIC22_5Spezies_FISH_Tag15,2,8,0.24242424242424243,0.17329318821430206,0.25301527976989746,0.26968884468078613,0.13477645814418793,0.16922618448734283
CH,15,240416_HOBIC22_5Spezies_FISH_Tag15,2,8,0.42105263157894735,0.29087331891059875,0.2583601474761963,0.20191030204296112,0.1480768322944641,0.10077942907810211
CH,15,220817_HOBIC22_5Spezies_FISH_Tag15,2,9,0.2727272727272727,0.1796702891588211,0.2513978183269501,0.2672334313392639,0.1377314180135727,0.1639670729637146
CH,15,240416_HOBIC22_5Spezies_FISH_Tag15,2,9,0.47368421052631576,0.2887621223926544,0.2550792992115021,0.20671938359737396,0.15338149666786194,0.09605763107538223
CH,15,220817_HOBIC22_5Spezies_FISH_Tag15,2,10,0.30303030303030304,0.18624617159366608,0.25024545192718506,0.264835923910141,0.13874831795692444,0.15992417931556702
CH,15,240416_HOBIC22_5Spezies_FISH_Tag15,2,10,0.5263157894736842,0.2958317995071411,0.25368446111679077,0.20669490098953247,0.15637938678264618,0.0874093770980835
CH,15,220817_HOBIC22_5Spezies_FISH_Tag15,2,11,0.3333333333333333,0.18864135444164276,0.2504401206970215,0.2622888386249542,0.13977757096290588,0.15885217487812042
CH,15,240416_HOBIC22_5Spezies_FISH_Tag15,2,11,0.5789473684210527,0.31064873933792114,0.2556765377521515,0.20068415999412537,0.1521064192056656,0.08088415861129761
CH,15,220817_HOBIC22_5Spezies_FISH_Tag15,2,12,0.36363636363636365,0.20247739553451538,0.24807804822921753,0.2510235011577606,0.1387491673231125,0.1596718430519104
CH,15,240416_HOBIC22_5Spezies_FISH_Tag15,2,12,0.631578947368421,0.3372647762298584,0.2596956193447113,0.18520070612430573,0.1431194543838501,0.07471954077482224
CH,15,220817_HOBIC22_5Spezies_FISH_Tag15,2,13,0.3939393939393939,0.21669740974903107,0.24121418595314026,0.23925627768039703,0.13268828392028809,0.17014393210411072
CH,15,240416_HOBIC22_5Spezies_FISH_Tag15,2,13,0.6842105263157895,0.3628171980381012,0.28164786100387573,0.150663360953331,0.1281489133834839,0.07672271132469177
CH,15,220817_HOBIC22_5Spezies_FISH_Tag15,2,14,0.42424242424242425,0.22969301044940948,0.23953759670257568,0.22742575407028198,0.12894581258296967,0.1743977814912796
CH,15,240416_HOBIC22_5Spezies_FISH_Tag15,2,14,0.7368421052631579,0.38205599784851074,0.3388516902923584,0.09354076534509659,0.10091161727905273,0.08463987708091736
CH,15,220817_HOBIC22_5Spezies_FISH_Tag15,2,15,0.45454545454545453,0.2410578578710556,0.23562505841255188,0.21972358226776123,0.12504401803016663,0.17854954302310944
CH,15,240416_HOBIC22_5Spezies_FISH_Tag15,2,15,0.7894736842105263,0.47485747933387756,0.320579469203949,0.05038221552968025,0.07478579133749008,0.07939507067203522
CH,15,220817_HOBIC22_5Spezies_FISH_Tag15,2,16,0.48484848484848486,0.24465325474739075,0.2338966429233551,0.2186145782470703,0.12648683786392212,0.17634861171245575
CH,15,240416_HOBIC22_5Spezies_FISH_Tag15,2,16,0.8421052631578947,0.5191275477409363,0.3193867802619934,0.02364145778119564,0.05355697497725487,0.08428721874952316
CH,15,220817_HOBIC22_5Spezies_FISH_Tag15,2,17,0.5151515151515151,0.24907833337783813,0.23349420726299286,0.21449369192123413,0.12325844168663025,0.17967528104782104
CH,15,240416_HOBIC22_5Spezies_FISH_Tag15,2,17,0.8947368421052632,0.5459367632865906,0.31666821241378784,0.011686533689498901,0.03919283673167229,0.08651556074619293
CH,15,220817_HOBIC22_5Spezies_FISH_Tag15,2,18,0.5454545454545454,0.2571149170398712,0.2316635102033615,0.2087019681930542,0.1225547268986702,0.17996492981910706
CH,15,240416_HOBIC22_5Spezies_FISH_Tag15,2,18,0.9473684210526315,0.6016228795051575,0.2859649360179901,0.00638187350705266,0.028391210362315178,0.0776391252875328
CH,15,220817_HOBIC22_5Spezies_FISH_Tag15,2,19,0.5757575757575758,0.26438042521476746,0.23255497217178345,0.2028064727783203,0.12101239711046219,0.17924568057060242
CH,15,240416_HOBIC22_5Spezies_FISH_Tag15,2,19,1.0,0.6342519521713257,0.26455557346343994,0.0038751845713704824,0.021584324538707733,0.07573297619819641
CH,15,220817_HOBIC22_5Spezies_FISH_Tag15,2,20,0.6060606060606061,0.2679359018802643,0.2325746715068817,0.1995266228914261,0.12015286087989807,0.17980995774269104
CH,15,220817_HOBIC22_5Spezies_FISH_Tag15,2,21,0.6363636363636364,0.27804920077323914,0.23421046137809753,0.19285987317562103,0.11996518075466156,0.17491528391838074
CH,15,220817_HOBIC22_5Spezies_FISH_Tag15,2,22,0.6666666666666666,0.28830936551094055,0.23490405082702637,0.18470194935798645,0.11782623827457428,0.17425842583179474
CH,15,220817_HOBIC22_5Spezies_FISH_Tag15,2,23,0.696969696969697,0.29881206154823303,0.23471857607364655,0.17788001894950867,0.1165725514292717,0.17201682925224304
CH,15,220817_HOBIC22_5Spezies_FISH_Tag15,2,24,0.7272727272727273,0.30324092507362366,0.23841674625873566,0.17091433703899384,0.11247982829809189,0.17494820058345795
CH,15,220817_HOBIC22_5Spezies_FISH_Tag15,2,25,0.7575757575757576,0.3290250301361084,0.23739908635616302,0.15711817145347595,0.10887011885643005,0.16758757829666138
CH,15,220817_HOBIC22_5Spezies_FISH_Tag15,2,26,0.7878787878787878,0.3515404760837555,0.23688724637031555,0.1410457193851471,0.10170664638280869,0.16881988942623138
CH,15,220817_HOBIC22_5Spezies_FISH_Tag15,2,27,0.8181818181818182,0.37331822514533997,0.23550552129745483,0.124423548579216,0.09299653023481369,0.1737561821937561
CH,15,220817_HOBIC22_5Spezies_FISH_Tag15,2,28,0.8484848484848485,0.39049458503723145,0.234578937292099,0.11329490691423416,0.08780726790428162,0.1738242655992508
CH,15,220817_HOBIC22_5Spezies_FISH_Tag15,2,29,0.8787878787878788,0.4009931683540344,0.23117747902870178,0.10712549090385437,0.08583147078752518,0.17487244307994843
CH,15,220817_HOBIC22_5Spezies_FISH_Tag15,2,30,0.9090909090909091,0.4064056873321533,0.23006170988082886,0.10319577902555466,0.08477377891540527,0.17556306719779968
CH,15,220817_HOBIC22_5Spezies_FISH_Tag15,2,31,0.9393939393939394,0.4090498089790344,0.23246479034423828,0.10098935663700104,0.08352696895599365,0.173969104886055
CH,15,220817_HOBIC22_5Spezies_FISH_Tag15,2,32,0.9696969696969697,0.40430283546447754,0.23355357348918915,0.10188388079404831,0.08233026415109634,0.17792947590351105
CH,15,220817_HOBIC22_5Spezies_FISH_Tag15,2,33,1.0,0.4099247455596924,0.2335592806339264,0.09908360987901688,0.08305670320987701,0.17437568306922913
CH,15,220817_HOBIC22_5Spezies_FISH_Tag15,3,0,0.0,0.55924391746521,0.14366084337234497,0.1373472809791565,0.04991599917411804,0.10983201116323471
CH,15,240416_HOBIC22_5Spezies_FISH_Tag15,3,0,0.0,0.5483115911483765,0.295584499835968,0.008273527026176453,0.033429451286792755,0.11440099030733109
CH,15,220817_HOBIC22_5Spezies_FISH_Tag15,3,1,0.01639344262295082,0.5410926342010498,0.14775533974170685,0.14223544299602509,0.054220523685216904,0.11469614505767822
CH,15,240416_HOBIC22_5Spezies_FISH_Tag15,3,1,0.045454545454545456,0.4878377616405487,0.3172273635864258,0.015321836806833744,0.04309988021850586,0.13651323318481445
CH,15,220817_HOBIC22_5Spezies_FISH_Tag15,3,2,0.03278688524590164,0.516140878200531,0.15212547779083252,0.15283933281898499,0.058831095695495605,0.1200631782412529
CH,15,240416_HOBIC22_5Spezies_FISH_Tag15,3,2,0.09090909090909091,0.390164315700531,0.33534276485443115,0.04295676574110985,0.06128620728850365,0.17024996876716614
CH,15,220817_HOBIC22_5Spezies_FISH_Tag15,3,3,0.04918032786885246,0.4756656885147095,0.161103293299675,0.1714407503604889,0.0661713257431984,0.12561896443367004
CH,15,240416_HOBIC22_5Spezies_FISH_Tag15,3,3,0.13636363636363635,0.29266101121902466,0.3163260817527771,0.11200599372386932,0.08611179888248444,0.1928950548171997
CH,15,220817_HOBIC22_5Spezies_FISH_Tag15,3,4,0.06557377049180328,0.4437407851219177,0.1699928492307663,0.1825409233570099,0.0734422579407692,0.1302832067012787
CH,15,240416_HOBIC22_5Spezies_FISH_Tag15,3,4,0.18181818181818182,0.24162426590919495,0.29662224650382996,0.17332018911838531,0.10306879132986069,0.1853644698858261
CH,15,220817_HOBIC22_5Spezies_FISH_Tag15,3,5,0.08196721311475409,0.4130178987979889,0.1791670173406601,0.19169294834136963,0.08160088211297989,0.1345212608575821
CH,15,240416_HOBIC22_5Spezies_FISH_Tag15,3,5,0.22727272727272727,0.2181026041507721,0.28133541345596313,0.22349849343299866,0.1156318336725235,0.16143162548542023
CH,15,220817_HOBIC22_5Spezies_FISH_Tag15,3,6,0.09836065573770492,0.38061532378196716,0.19142396748065948,0.20352095365524292,0.08820687979459763,0.1362328976392746
CH,15,240416_HOBIC22_5Spezies_FISH_Tag15,3,6,0.2727272727272727,0.21955299377441406,0.26969343423843384,0.25377365946769714,0.12487015873193741,0.13210976123809814
CH,15,220817_HOBIC22_5Spezies_FISH_Tag15,3,7,0.11475409836065574,0.35271888971328735,0.1980309635400772,0.21189099550247192,0.09659409523010254,0.1407650262117386
CH,15,240416_HOBIC22_5Spezies_FISH_Tag15,3,7,0.3181818181818182,0.23379267752170563,0.2605506181716919,0.270183801651001,0.1318054050207138,0.10366742312908173
CH,15,220817_HOBIC22_5Spezies_FISH_Tag15,3,8,0.13114754098360656,0.3344593644142151,0.20547086000442505,0.2204122245311737,0.0997885912656784,0.13986898958683014
CH,15,240416_HOBIC22_5Spezies_FISH_Tag15,3,8,0.36363636363636365,0.2464291900396347,0.2534078061580658,0.2797466218471527,0.13675032556056976,0.08366601914167404
CH,15,220817_HOBIC22_5Spezies_FISH_Tag15,3,9,0.14754098360655737,0.32698214054107666,0.20622706413269043,0.22491830587387085,0.10117828845977783,0.14069417119026184
CH,15,240416_HOBIC22_5Spezies_FISH_Tag15,3,9,0.4090909090909091,0.257149338722229,0.24598902463912964,0.28727415204048157,0.1401228904724121,0.06946457922458649
CH,15,220817_HOBIC22_5Spezies_FISH_Tag15,3,10,0.16393442622950818,0.3138463497161865,0.20759925246238708,0.2317846119403839,0.10258433222770691,0.14418546855449677
CH,15,240416_HOBIC22_5Spezies_FISH_Tag15,3,10,0.45454545454545453,0.2678472101688385,0.24219727516174316,0.2888166010379791,0.1412430703639984,0.05989585071802139
CH,15,220817_HOBIC22_5Spezies_FISH_Tag15,3,11,0.18032786885245902,0.29596883058547974,0.21156980097293854,0.24095603823661804,0.1044856384396553,0.14701969921588898
CH,15,240416_HOBIC22_5Spezies_FISH_Tag15,3,11,0.5,0.27900439500808716,0.237100288271904,0.28819969296455383,0.14223316311836243,0.05346246436238289
CH,15,220817_HOBIC22_5Spezies_FISH_Tag15,3,12,0.19672131147540983,0.2855813801288605,0.2150697261095047,0.24255558848381042,0.1055774837732315,0.1512157917022705
CH,15,240416_HOBIC22_5Spezies_FISH_Tag15,3,12,0.5454545454545454,0.2869918644428253,0.23552849888801575,0.28421011567115784,0.14175909757614136,0.05151043459773064
CH,15,220817_HOBIC22_5Spezies_FISH_Tag15,3,13,0.21311475409836064,0.2813957929611206,0.2087603062391281,0.24193572998046875,0.10565950721502304,0.1622486412525177
CH,15,240416_HOBIC22_5Spezies_FISH_Tag15,3,13,0.5909090909090909,0.2882036566734314,0.24262551963329315,0.2748914062976837,0.1388133317232132,0.05546606704592705
CH,15,220817_HOBIC22_5Spezies_FISH_Tag15,3,14,0.22950819672131148,0.26901355385780334,0.20855878293514252,0.2480403333902359,0.10763377696275711,0.16675345599651337
CH,15,240416_HOBIC22_5Spezies_FISH_Tag15,3,14,0.6363636363636364,0.3681655824184418,0.2495267540216446,0.2079511433839798,0.11991497874259949,0.05444159731268883
CH,15,220817_HOBIC22_5Spezies_FISH_Tag15,3,15,0.2459016393442623,0.2571079730987549,0.20729531347751617,0.2564184367656708,0.11031263321638107,0.1688656508922577
CH,15,240416_HOBIC22_5Spezies_FISH_Tag15,3,15,0.6818181818181818,0.4288238286972046,0.26470133662223816,0.1469135582447052,0.09867642819881439,0.06088486313819885
CH,15,220817_HOBIC22_5Spezies_FISH_Tag15,3,16,0.26229508196721313,0.24323377013206482,0.2072329968214035,0.2654975354671478,0.11279899626970291,0.17123669385910034
CH,15,240416_HOBIC22_5Spezies_FISH_Tag15,3,16,0.7272727272727273,0.4883641004562378,0.27951639890670776,0.08702858537435532,0.07823315262794495,0.06685776263475418
CH,15,220817_HOBIC22_5Spezies_FISH_Tag15,3,17,0.2786885245901639,0.23053812980651855,0.21019813418388367,0.27020490169525146,0.11702166497707367,0.17203712463378906
CH,15,240416_HOBIC22_5Spezies_FISH_Tag15,3,17,0.7727272727272727,0.5416759848594666,0.28159138560295105,0.044666118919849396,0.059509795159101486,0.07255668938159943
CH,15,220817_HOBIC22_5Spezies_FISH_Tag15,3,18,0.29508196721311475,0.2221517711877823,0.21283315122127533,0.2770925760269165,0.11838069558143616,0.16954176127910614
CH,15,240416_HOBIC22_5Spezies_FISH_Tag15,3,18,0.8181818181818182,0.5809804797172546,0.2725662291049957,0.0264727920293808,0.04638957604765892,0.0735909566283226
CH,15,220817_HOBIC22_5Spezies_FISH_Tag15,3,19,0.3114754098360656,0.2076278179883957,0.2224920243024826,0.28693729639053345,0.1206439957022667,0.16229881346225739
CH,15,240416_HOBIC22_5Spezies_FISH_Tag15,3,19,0.8636363636363636,0.604565441608429,0.26762688159942627,0.016342611983418465,0.03735313564538956,0.07411189377307892
CH,15,220817_HOBIC22_5Spezies_FISH_Tag15,3,20,0.32786885245901637,0.20296575129032135,0.23001700639724731,0.29060128331184387,0.12285066395998001,0.15356525778770447
CH,15,240416_HOBIC22_5Spezies_FISH_Tag15,3,20,0.9090909090909091,0.6245384812355042,0.2621067464351654,0.010495019145309925,0.030132608488202095,0.07272713631391525
CH,15,220817_HOBIC22_5Spezies_FISH_Tag15,3,21,0.3442622950819672,0.20315997302532196,0.23458310961723328,0.2897703945636749,0.12473341077566147,0.14775313436985016
CH,15,240416_HOBIC22_5Spezies_FISH_Tag15,3,21,0.9545454545454546,0.6482824683189392,0.25111129879951477,0.006768090650439262,0.02435574308037758,0.06948243826627731
CH,15,220817_HOBIC22_5Spezies_FISH_Tag15,3,22,0.36065573770491804,0.20254012942314148,0.23787404596805573,0.28765591979026794,0.12588003277778625,0.14604990184307098
CH,15,240416_HOBIC22_5Spezies_FISH_Tag15,3,22,1.0,0.6589090824127197,0.24724546074867249,0.004177352413535118,0.019794050604104996,0.0698741227388382
CH,15,220817_HOBIC22_5Spezies_FISH_Tag15,3,23,0.3770491803278688,0.19917066395282745,0.2382020354270935,0.2896901071071625,0.12823306024074554,0.1447041630744934
CH,15,220817_HOBIC22_5Spezies_FISH_Tag15,3,24,0.39344262295081966,0.19780731201171875,0.2411721795797348,0.28882113099098206,0.12917833030223846,0.1430211365222931
CH,15,220817_HOBIC22_5Spezies_FISH_Tag15,3,25,0.4098360655737705,0.20268164575099945,0.24127928912639618,0.28333616256713867,0.13124728202819824,0.14145562052726746
CH,15,220817_HOBIC22_5Spezies_FISH_Tag15,3,26,0.4262295081967213,0.20863540470600128,0.2408636063337326,0.2803061008453369,0.13126255571842194,0.13893230259418488
CH,15,220817_HOBIC22_5Spezies_FISH_Tag15,3,27,0.4426229508196721,0.21136318147182465,0.24178989231586456,0.27777281403541565,0.1316034346818924,0.13747067749500275
CH,15,220817_HOBIC22_5Spezies_FISH_Tag15,3,28,0.45901639344262296,0.21412476897239685,0.24309100210666656,0.2747661769390106,0.13163407146930695,0.13638398051261902
CH,15,220817_HOBIC22_5Spezies_FISH_Tag15,3,29,0.47540983606557374,0.21889272332191467,0.24169090390205383,0.2686446011066437,0.13012084364891052,0.1406508982181549
CH,15,220817_HOBIC22_5Spezies_FISH_Tag15,3,30,0.4918032786885246,0.22009402513504028,0.2423676699399948,0.2619504928588867,0.12806817889213562,0.14751963317394257
CH,15,220817_HOBIC22_5Spezies_FISH_Tag15,3,31,0.5081967213114754,0.2210182100534439,0.2394944727420807,0.25498080253601074,0.12732017040252686,0.1571863293647766
CH,15,220817_HOBIC22_5Spezies_FISH_Tag15,3,32,0.5245901639344263,0.2246418446302414,0.2359708547592163,0.24847295880317688,0.1263672113418579,0.16454719007015228
CH,15,220817_HOBIC22_5Spezies_FISH_Tag15,3,33,0.5409836065573771,0.230258047580719,0.23200392723083496,0.2390412837266922,0.1234181672334671,0.17527855932712555
CH,15,220817_HOBIC22_5Spezies_FISH_Tag15,3,34,0.5573770491803278,0.2336549460887909,0.2243831902742386,0.23194506764411926,0.12139525264501572,0.18862152099609375
CH,15,220817_HOBIC22_5Spezies_FISH_Tag15,3,35,0.5737704918032787,0.23500649631023407,0.2229970544576645,0.22899170219898224,0.12053170055150986,0.19247303903102875
CH,15,220817_HOBIC22_5Spezies_FISH_Tag15,3,36,0.5901639344262295,0.24008113145828247,0.2240428477525711,0.22545507550239563,0.11888489127159119,0.1915360689163208
CH,15,220817_HOBIC22_5Spezies_FISH_Tag15,3,37,0.6065573770491803,0.24636195600032806,0.22356882691383362,0.22119362652301788,0.11430326849222183,0.19457237422466278
CH,15,220817_HOBIC22_5Spezies_FISH_Tag15,3,38,0.6229508196721312,0.25428932905197144,0.22281131148338318,0.2178885042667389,0.10980238765478134,0.19520844519138336
CH,15,220817_HOBIC22_5Spezies_FISH_Tag15,3,39,0.639344262295082,0.25467193126678467,0.2239639014005661,0.21531030535697937,0.10772337019443512,0.19833044707775116
CH,15,220817_HOBIC22_5Spezies_FISH_Tag15,3,40,0.6557377049180327,0.25264105200767517,0.22768324613571167,0.2151353657245636,0.10764026641845703,0.19690001010894775
CH,15,220817_HOBIC22_5Spezies_FISH_Tag15,3,41,0.6721311475409836,0.2465965896844864,0.23434819281101227,0.2221192717552185,0.10878601670265198,0.18814997375011444
CH,15,220817_HOBIC22_5Spezies_FISH_Tag15,3,42,0.6885245901639344,0.2372778058052063,0.2424730807542801,0.22820410132408142,0.11269962787628174,0.17934541404247284
CH,15,220817_HOBIC22_5Spezies_FISH_Tag15,3,43,0.7049180327868853,0.2345913052558899,0.25506284832954407,0.23522411286830902,0.11416538804769516,0.16095638275146484
CH,15,220817_HOBIC22_5Spezies_FISH_Tag15,3,44,0.7213114754098361,0.24043206870555878,0.25865301489830017,0.23518148064613342,0.11423910409212112,0.15149442851543427
CH,15,220817_HOBIC22_5Spezies_FISH_Tag15,3,45,0.7377049180327869,0.25963902473449707,0.2595163881778717,0.22317908704280853,0.11047901958227158,0.1471864879131317
CH,15,220817_HOBIC22_5Spezies_FISH_Tag15,3,46,0.7540983606557377,0.2924189269542694,0.2502347528934479,0.19875061511993408,0.10106513649225235,0.1575305014848709
CH,15,220817_HOBIC22_5Spezies_FISH_Tag15,3,47,0.7704918032786885,0.3301744759082794,0.23679398000240326,0.17139732837677002,0.08881177753210068,0.1728224754333496
CH,15,220817_HOBIC22_5Spezies_FISH_Tag15,3,48,0.7868852459016393,0.3457193970680237,0.2310066521167755,0.15814615786075592,0.08243528753519058,0.1826924979686737
CH,15,220817_HOBIC22_5Spezies_FISH_Tag15,3,49,0.8032786885245902,0.34925949573516846,0.23420743644237518,0.15098018944263458,0.07950910925865173,0.18604378402233124
CH,15,220817_HOBIC22_5Spezies_FISH_Tag15,3,50,0.819672131147541,0.3528260588645935,0.23086415231227875,0.14918729662895203,0.07830603420734406,0.18881651759147644
CH,15,220817_HOBIC22_5Spezies_FISH_Tag15,3,51,0.8360655737704918,0.35027647018432617,0.22849680483341217,0.14985619485378265,0.0788726881146431,0.1924978345632553
CH,15,220817_HOBIC22_5Spezies_FISH_Tag15,3,52,0.8524590163934426,0.3564882278442383,0.2287983000278473,0.14744356274604797,0.07799992710351944,0.18926995992660522
CH,15,220817_HOBIC22_5Spezies_FISH_Tag15,3,53,0.8688524590163934,0.3570249378681183,0.22717313468456268,0.14459848403930664,0.07838338613510132,0.19282008707523346
CH,15,220817_HOBIC22_5Spezies_FISH_Tag15,3,54,0.8852459016393442,0.3555663526058197,0.22997310757637024,0.14408491551876068,0.07724611461162567,0.1931295245885849
CH,15,220817_HOBIC22_5Spezies_FISH_Tag15,3,55,0.9016393442622951,0.35891371965408325,0.2284582555294037,0.14171382784843445,0.0778316929936409,0.19308248162269592
CH,15,220817_HOBIC22_5Spezies_FISH_Tag15,3,56,0.9180327868852459,0.36010226607322693,0.23001442849636078,0.141022726893425,0.07724488526582718,0.19161568582057953
CH,15,220817_HOBIC22_5Spezies_FISH_Tag15,3,57,0.9344262295081968,0.35896065831184387,0.23014001548290253,0.1404731124639511,0.07612986862659454,0.19429628551006317
CH,15,220817_HOBIC22_5Spezies_FISH_Tag15,3,58,0.9508196721311475,0.35767534375190735,0.2298312783241272,0.14118020236492157,0.07771401852369308,0.19359925389289856
CH,15,220817_HOBIC22_5Spezies_FISH_Tag15,3,59,0.9672131147540983,0.35996192693710327,0.22814053297042847,0.14096583425998688,0.07716567069292068,0.19376608729362488
CH,15,220817_HOBIC22_5Spezies_FISH_Tag15,3,60,0.9836065573770492,0.36170247197151184,0.22752141952514648,0.13862676918506622,0.07685428112745285,0.19529512524604797
CH,15,220817_HOBIC22_5Spezies_FISH_Tag15,3,61,1.0,0.3598634898662567,0.2280181497335434,0.1397203654050827,0.07752049714326859,0.19487743079662323
CH,15,220817_HOBIC22_5Spezies_FISH_Tag15,4,0,0.0,0.3831811249256134,0.22455281019210815,0.17488160729408264,0.08747457712888718,0.129909947514534
CH,15,240416_HOBIC22_5Spezies_FISH_Tag15,4,0,0.0,0.5766711235046387,0.2843356430530548,0.007416627835482359,0.03032931126654148,0.10124731063842773
CH,15,220817_HOBIC22_5Spezies_FISH_Tag15,4,1,0.05555555555555555,0.32033541798591614,0.2396165132522583,0.1962166428565979,0.10046961903572083,0.1433618664741516
CH,15,240416_HOBIC22_5Spezies_FISH_Tag15,4,1,0.05,0.5135675072669983,0.30932214856147766,0.013382069766521454,0.04116201400756836,0.12256614863872528
CH,15,220817_HOBIC22_5Spezies_FISH_Tag15,4,2,0.1111111111111111,0.2005918174982071,0.27270278334617615,0.23108847439289093,0.12737829983234406,0.1682385951280594
CH,15,240416_HOBIC22_5Spezies_FISH_Tag15,4,2,0.1,0.43443652987480164,0.316230833530426,0.04200785979628563,0.061235200613737106,0.1460895836353302
CH,15,220817_HOBIC22_5Spezies_FISH_Tag15,4,3,0.16666666666666666,0.056238818913698196,0.32201775908470154,0.29159605503082275,0.1660064309835434,0.16414089500904083
CH,15,240416_HOBIC22_5Spezies_FISH_Tag15,4,3,0.15,0.34497466683387756,0.30152714252471924,0.11028943210840225,0.08594245463609695,0.1572662889957428
CH,15,220817_HOBIC22_5Spezies_FISH_Tag15,4,4,0.2222222222222222,0.12313885241746902,0.2350938618183136,0.29744502902030945,0.15877071022987366,0.18555156886577606
CH,15,240416_HOBIC22_5Spezies_FISH_Tag15,4,4,0.2,0.2926409840583801,0.283356636762619,0.16935110092163086,0.1024879440665245,0.1521633416414261
CH,15,220817_HOBIC22_5Spezies_FISH_Tag15,4,5,0.2777777777777778,0.1305650919675827,0.2306571900844574,0.2998228073120117,0.16652895510196686,0.17242594063282013
CH,15,240416_HOBIC22_5Spezies_FISH_Tag15,4,5,0.25,0.2678922712802887,0.26756706833839417,0.21043065190315247,0.11559223383665085,0.13851775228977203
CH,15,220817_HOBIC22_5Spezies_FISH_Tag15,4,6,0.3333333333333333,0.13619960844516754,0.23636594414710999,0.2986713647842407,0.17273932695388794,0.15602374076843262
CH,15,240416_HOBIC22_5Spezies_FISH_Tag15,4,6,0.3,0.2629748582839966,0.2624174654483795,0.23142708837985992,0.12537941336631775,0.11780119687318802
CH,15,220817_HOBIC22_5Spezies_FISH_Tag15,4,7,0.3888888888888889,0.14881645143032074,0.24523815512657166,0.29095321893692017,0.17414680123329163,0.14084532856941223
CH,15,240416_HOBIC22_5Spezies_FISH_Tag15,4,7,0.35,0.2662425935268402,0.26408806443214417,0.24546240270137787,0.13078102469444275,0.09342587739229202
CH,15,220817_HOBIC22_5Spezies_FISH_Tag15,4,8,0.4444444444444444,0.1682615429162979,0.2532990574836731,0.27955231070518494,0.16914042830467224,0.1297467201948166
CH,15,240416_HOBIC22_5Spezies_FISH_Tag15,4,8,0.4,0.2703762352466583,0.26369670033454895,0.2526077628135681,0.13470502197742462,0.07861416786909103
CH,15,220817_HOBIC22_5Spezies_FISH_Tag15,4,9,0.5,0.20239993929862976,0.25953009724617004,0.26083022356033325,0.15908773243427277,0.11815195530653
CH,15,240416_HOBIC22_5Spezies_FISH_Tag15,4,9,0.45,0.27211928367614746,0.25700506567955017,0.2652914524078369,0.13776999711990356,0.06781432777643204
CH,15,220817_HOBIC22_5Spezies_FISH_Tag15,4,10,0.5555555555555556,0.25012460350990295,0.2568366229534149,0.23573921620845795,0.14270296692848206,0.11459659785032272
CH,15,240416_HOBIC22_5Spezies_FISH_Tag15,4,10,0.5,0.27590999007225037,0.24844905734062195,0.27107635140419006,0.14000260829925537,0.06456203013658524
CH,15,220817_HOBIC22_5Spezies_FISH_Tag15,4,11,0.6111111111111112,0.316893994808197,0.2480192631483078,0.2015203833580017,0.11845196783542633,0.11511436104774475
CH,15,240416_HOBIC22_5Spezies_FISH_Tag15,4,11,0.55,0.28256359696388245,0.2373727262020111,0.2736550271511078,0.1413203477859497,0.06508830189704895
CH,15,220817_HOBIC22_5Spezies_FISH_Tag15,4,12,0.6666666666666666,0.3867432773113251,0.23720531165599823,0.16981478035449982,0.0944683626294136,0.11176828294992447
CH,15,240416_HOBIC22_5Spezies_FISH_Tag15,4,12,0.6,0.29037314653396606,0.2338281124830246,0.2681933343410492,0.13985714316368103,0.06774824112653732
CH,15,220817_HOBIC22_5Spezies_FISH_Tag15,4,13,0.7222222222222222,0.44056519865989685,0.22645950317382812,0.14669187366962433,0.07916492968797684,0.10711849480867386
CH,15,240416_HOBIC22_5Spezies_FISH_Tag15,4,13,0.65,0.30800455808639526,0.2483249306678772,0.23834313452243805,0.13455232977867126,0.07077506929636002
CH,15,220817_HOBIC22_5Spezies_FISH_Tag15,4,14,0.7777777777777778,0.45701417326927185,0.22744441032409668,0.13810043036937714,0.07371924817562103,0.10372176021337509
CH,15,240416_HOBIC22_5Spezies_FISH_Tag15,4,14,0.7,0.4008030295372009,0.25338613986968994,0.16621935367584229,0.11136341094970703,0.0682280957698822
CH,15,220817_HOBIC22_5Spezies_FISH_Tag15,4,15,0.8333333333333334,0.46384397149086,0.2261408269405365,0.13434278964996338,0.07227209210395813,0.103400319814682
CH,15,240416_HOBIC22_5Spezies_FISH_Tag15,4,15,0.75,0.45847851037979126,0.2674698829650879,0.1094297245144844,0.09053376317024231,0.07408806681632996
CH,15,220817_HOBIC22_5Spezies_FISH_Tag15,4,16,0.8888888888888888,0.47252529859542847,0.22271090745925903,0.13170939683914185,0.07084772735834122,0.10220661014318466
CH,15,240416_HOBIC22_5Spezies_FISH_Tag15,4,16,0.8,0.5199691653251648,0.2771870195865631,0.057405777275562286,0.06859813630580902,0.07683995366096497
CH,15,220817_HOBIC22_5Spezies_FISH_Tag15,4,17,0.9444444444444444,0.47398641705513,0.22363097965717316,0.13142061233520508,0.0701785683631897,0.10078341513872147
CH,15,240416_HOBIC22_5Spezies_FISH_Tag15,4,17,0.85,0.5695004463195801,0.2704560458660126,0.030214915052056313,0.05219994857907295,0.07762869447469711
CH,15,220817_HOBIC22_5Spezies_FISH_Tag15,4,18,1.0,0.47861477732658386,0.2234179675579071,0.12776535749435425,0.06928323954343796,0.10091866552829742
CH,15,240416_HOBIC22_5Spezies_FISH_Tag15,4,18,0.9,0.6051992774009705,0.25957757234573364,0.017844710499048233,0.041059937328100204,0.07631852477788925
CH,15,240416_HOBIC22_5Spezies_FISH_Tag15,4,19,0.95,0.6300973296165466,0.2514694929122925,0.010921543464064598,0.03236852586269379,0.07514315098524094
CH,15,240416_HOBIC22_5Spezies_FISH_Tag15,4,20,1.0,0.6465755105018616,0.24728913605213165,0.007037839852273464,0.02709493786096573,0.07200257480144501
CH,15,220817_HOBIC22_5Spezies_FISH_Tag15,5,0,0.0,0.36912426352500916,0.23934125900268555,0.177374005317688,0.07856541872024536,0.13559509813785553
CH,15,240416_HOBIC22_5Spezies_FISH_Tag15,5,0,0.0,0.6047539710998535,0.21908099949359894,0.011795483529567719,0.027653418481349945,0.13671618700027466
CH,15,220817_HOBIC22_5Spezies_FISH_Tag15,5,1,0.05555555555555555,0.30478382110595703,0.2521567940711975,0.197111576795578,0.08967269212007523,0.15627507865428925
CH,15,240416_HOBIC22_5Spezies_FISH_Tag15,5,1,0.07692307692307693,0.5591916441917419,0.23259808123111725,0.017561696469783783,0.03313126042485237,0.15751740336418152
CH,15,220817_HOBIC22_5Spezies_FISH_Tag15,5,2,0.1111111111111111,0.1828433722257614,0.28619229793548584,0.22509588301181793,0.11457403004169464,0.19129446148872375
CH,15,240416_HOBIC22_5Spezies_FISH_Tag15,5,2,0.15384615384615385,0.4797445833683014,0.2538183033466339,0.03129260614514351,0.04456867277622223,0.19057586789131165
CH,15,220817_HOBIC22_5Spezies_FISH_Tag15,5,3,0.16666666666666666,0.054666902869939804,0.32109230756759644,0.2697674632072449,0.143095463514328,0.21137787401676178
CH,15,240416_HOBIC22_5Spezies_FISH_Tag15,5,3,0.23076923076923078,0.2882117033004761,0.2959079444408417,0.1144389659166336,0.07558904588222504,0.22585231065750122
CH,15,220817_HOBIC22_5Spezies_FISH_Tag15,5,4,0.2222222222222222,0.11278985440731049,0.2432108223438263,0.29605451226234436,0.13253214955329895,0.2154126912355423
CH,15,240416_HOBIC22_5Spezies_FISH_Tag15,5,4,0.3076923076923077,0.16875284910202026,0.25234928727149963,0.27650347352027893,0.10970847308635712,0.19268596172332764
CH,15,220817_HOBIC22_5Spezies_FISH_Tag15,5,5,0.2777777777777778,0.12313171476125717,0.24133192002773285,0.3022781312465668,0.13918550312519073,0.19407270848751068
CH,15,240416_HOBIC22_5Spezies_FISH_Tag15,5,5,0.38461538461538464,0.18270336091518402,0.23987945914268494,0.2846202254295349,0.12879617512226105,0.1640007644891739
CH,15,220817_HOBIC22_5Spezies_FISH_Tag15,5,6,0.3333333333333333,0.1306615024805069,0.2457505315542221,0.3032802939414978,0.14644183218479156,0.17386581003665924
CH,15,240416_HOBIC22_5Spezies_FISH_Tag15,5,6,0.46153846153846156,0.22598318755626678,0.2514416575431824,0.2395058274269104,0.12878601253032684,0.154283344745636
CH,15,220817_HOBIC22_5Spezies_FISH_Tag15,5,7,0.3888888888888889,0.1332215964794159,0.25626108050346375,0.3025544583797455,0.15168587863445282,0.15627697110176086
CH,15,240416_HOBIC22_5Spezies_FISH_Tag15,5,7,0.5384615384615384,0.2565367817878723,0.25916996598243713,0.21274451911449432,0.1262272596359253,0.1453215777873993
CH,15,220817_HOBIC22_5Spezies_FISH_Tag15,5,8,0.4444444444444444,0.1439003199338913,0.2621707320213318,0.29788273572921753,0.15502671897411346,0.14101949334144592
CH,15,240416_HOBIC22_5Spezies_FISH_Tag15,5,8,0.6153846153846154,0.30600789189338684,0.2591652274131775,0.1784341186285019,0.11981842666864395,0.13657423853874207
CH,15,220817_HOBIC22_5Spezies_FISH_Tag15,5,9,0.5,0.15629172325134277,0.2652258574962616,0.2918836176395416,0.15445338189601898,0.1321454495191574
CH,15,240416_HOBIC22_5Spezies_FISH_Tag15,5,9,0.6923076923076923,0.372811496257782,0.26234880089759827,0.13348262012004852,0.09971918165683746,0.13163793087005615
CH,15,220817_HOBIC22_5Spezies_FISH_Tag15,5,10,0.5555555555555556,0.17143894731998444,0.26756858825683594,0.28122204542160034,0.15206724405288696,0.12770316004753113
CH,15,240416_HOBIC22_5Spezies_FISH_Tag15,5,10,0.7692307692307693,0.4369848668575287,0.2652687430381775,0.08660997450351715,0.07583929598331451,0.13529708981513977
CH,15,220817_HOBIC22_5Spezies_FISH_Tag15,5,11,0.6111111111111112,0.20293842256069183,0.2684127986431122,0.2666730582714081,0.14119862020015717,0.12077713757753372
CH,15,240416_HOBIC22_5Spezies_FISH_Tag15,5,11,0.8461538461538461,0.5011815428733826,0.2583155632019043,0.052733518183231354,0.05364269018173218,0.1341266930103302
CH,15,220817_HOBIC22_5Spezies_FISH_Tag15,5,12,0.6666666666666666,0.2519545257091522,0.2655486464500427,0.2391226440668106,0.1254008263349533,0.11797346919775009
CH,15,240416_HOBIC22_5Spezies_FISH_Tag15,5,12,0.9230769230769231,0.54442298412323,0.2495187520980835,0.03448806330561638,0.04128332436084747,0.13028697669506073
CH,15,220817_HOBIC22_5Spezies_FISH_Tag15,5,13,0.7222222222222222,0.31303414702415466,0.26006025075912476,0.20526424050331116,0.10524914413690567,0.11639221012592316
CH,15,240416_HOBIC22_5Spezies_FISH_Tag15,5,13,1.0,0.5709680318832397,0.24749454855918884,0.025930184870958328,0.033618733286857605,0.12198849022388458
CH,15,220817_HOBIC22_5Spezies_FISH_Tag15,5,14,0.7777777777777778,0.37272170186042786,0.2577500641345978,0.16836099326610565,0.08496271818876266,0.11620449274778366
CH,15,220817_HOBIC22_5Spezies_FISH_Tag15,5,15,0.8333333333333334,0.4058135449886322,0.2527569532394409,0.1511429250240326,0.07439050823450089,0.11589601635932922
CH,15,220817_HOBIC22_5Spezies_FISH_Tag15,5,16,0.8888888888888888,0.4217826724052429,0.25283724069595337,0.14176447689533234,0.07028476148843765,0.11333082616329193
CH,15,220817_HOBIC22_5Spezies_FISH_Tag15,5,17,0.9444444444444444,0.4317990839481354,0.2504265308380127,0.13678313791751862,0.06753174960613251,0.11345956474542618
CH,15,220817_HOBIC22_5Spezies_FISH_Tag15,5,18,1.0,0.43670782446861267,0.2500445246696472,0.1338399052619934,0.06655032932758331,0.11285746097564697
CH,15,220817_HOBIC22_5Spezies_FISH_Tag15,6,0,0.0,0.28842246532440186,0.2563658654689789,0.200313538312912,0.10528277605772018,0.14961537718772888
CH,15,240416_HOBIC22_5Spezies_FISH_Tag15,6,0,0.0,0.42461493611335754,0.31059640645980835,0.06330854445695877,0.039650123566389084,0.16182994842529297
CH,15,220817_HOBIC22_5Spezies_FISH_Tag15,6,1,0.03333333333333333,0.12028729915618896,0.3029175400733948,0.25144773721694946,0.15555448830127716,0.16979292035102844
CH,15,240416_HOBIC22_5Spezies_FISH_Tag15,6,1,0.1,0.3102143108844757,0.32317054271698,0.13619066774845123,0.05630938336253166,0.1741151511669159
CH,15,220817_HOBIC22_5Spezies_FISH_Tag15,6,2,0.06666666666666667,0.09211330860853195,0.3204103112220764,0.268236368894577,0.1649145931005478,0.15432538092136383
CH,15,240416_HOBIC22_5Spezies_FISH_Tag15,6,2,0.2,0.2041397988796234,0.285197377204895,0.2677972614765167,0.08221235871315002,0.16065311431884766
CH,15,220817_HOBIC22_5Spezies_FISH_Tag15,6,3,0.1,0.17413859069347382,0.24144750833511353,0.27229446172714233,0.15188387036323547,0.16023558378219604
CH,15,240416_HOBIC22_5Spezies_FISH_Tag15,6,3,0.3,0.2095305621623993,0.2548596262931824,0.2947986423969269,0.10259738564491272,0.13821382820606232
CH,15,220817_HOBIC22_5Spezies_FISH_Tag15,6,4,0.13333333333333333,0.19071601331233978,0.22441993653774261,0.27664536237716675,0.15162628889083862,0.15659232437610626
CH,15,240416_HOBIC22_5Spezies_FISH_Tag15,6,4,0.4,0.29035675525665283,0.26762524247169495,0.21914951503276825,0.0987425372004509,0.12412585318088531
CH,15,220817_HOBIC22_5Spezies_FISH_Tag15,6,5,0.16666666666666666,0.1977946013212204,0.2185104936361313,0.2779874801635742,0.15203100442886353,0.153676375746727
CH,15,240416_HOBIC22_5Spezies_FISH_Tag15,6,5,0.5,0.333635538816452,0.28623729944229126,0.17668959498405457,0.08139711618423462,0.12204050272703171
CH,15,220817_HOBIC22_5Spezies_FISH_Tag15,6,6,0.2,0.20233307778835297,0.21732410788536072,0.28068721294403076,0.15159866213798523,0.14805687963962555
CH,15,240416_HOBIC22_5Spezies_FISH_Tag15,6,6,0.6,0.43261924386024475,0.29099801182746887,0.10576250404119492,0.05735326558351517,0.11326690018177032
CH,15,220817_HOBIC22_5Spezies_FISH_Tag15,6,7,0.23333333333333334,0.21264739334583282,0.21591907739639282,0.28084948658943176,0.14870145916938782,0.14188258349895477
CH,15,240416_HOBIC22_5Spezies_FISH_Tag15,6,7,0.7,0.47152644395828247,0.29408547282218933,0.07208668440580368,0.04098460450768471,0.12131677567958832
CH,15,220817_HOBIC22_5Spezies_FISH_Tag15,6,8,0.26666666666666666,0.22248932719230652,0.21610860526561737,0.27716225385665894,0.144821435213089,0.139418363571167
CH,15,240416_HOBIC22_5Spezies_FISH_Tag15,6,8,0.8,0.5038889050483704,0.29358938336372375,0.0572529062628746,0.031924452632665634,0.11334437876939774
CH,15,220817_HOBIC22_5Spezies_FISH_Tag15,6,9,0.3,0.22990034520626068,0.21623748540878296,0.27646875381469727,0.14324846863746643,0.13414493203163147
CH,15,240416_HOBIC22_5Spezies_FISH_Tag15,6,9,0.9,0.5360499620437622,0.2841993272304535,0.04626608267426491,0.025248374789953232,0.10823621600866318
CH,15,220817_HOBIC22_5Spezies_FISH_Tag15,6,10,0.3333333333333333,0.24075104296207428,0.21628428995609283,0.26955801248550415,0.1418052613735199,0.13160142302513123
CH,15,240416_HOBIC22_5Spezies_FISH_Tag15,6,10,1.0,0.5578376054763794,0.28113624453544617,0.039438314735889435,0.021619295701384544,0.09996849298477173
CH,15,220817_HOBIC22_5Spezies_FISH_Tag15,6,11,0.36666666666666664,0.2507263720035553,0.21420098841190338,0.26369014382362366,0.13865770399570465,0.1327248215675354
CH,15,220817_HOBIC22_5Spezies_FISH_Tag15,6,12,0.4,0.26200762391090393,0.21674558520317078,0.25581347942352295,0.13602949678897858,0.12940379977226257
CH,15,220817_HOBIC22_5Spezies_FISH_Tag15,6,13,0.43333333333333335,0.27263715863227844,0.21328166127204895,0.2522541880607605,0.13269944489002228,0.12912753224372864
CH,15,220817_HOBIC22_5Spezies_FISH_Tag15,6,14,0.4666666666666667,0.28624197840690613,0.2140769362449646,0.2442101240158081,0.1293291449546814,0.12614178657531738
CH,15,220817_HOBIC22_5Spezies_FISH_Tag15,6,15,0.5,0.29927942156791687,0.2156095802783966,0.23688291013240814,0.1264866143465042,0.12174148857593536
CH,15,220817_HOBIC22_5Spezies_FISH_Tag15,6,16,0.5333333333333333,0.31610098481178284,0.21559081971645355,0.22675305604934692,0.1216079592704773,0.1199471578001976
CH,15,220817_HOBIC22_5Spezies_FISH_Tag15,6,17,0.5666666666666667,0.3361055254936218,0.21761640906333923,0.21434524655342102,0.1155330017209053,0.116399846971035
CH,15,220817_HOBIC22_5Spezies_FISH_Tag15,6,18,0.6,0.3603433072566986,0.21723389625549316,0.1992993801832199,0.10881446301937103,0.1143089309334755
CH,15,220817_HOBIC22_5Spezies_FISH_Tag15,6,19,0.6333333333333333,0.38904380798339844,0.21551626920700073,0.1824798732995987,0.10053243488073349,0.11242768168449402
CH,15,220817_HOBIC22_5Spezies_FISH_Tag15,6,20,0.6666666666666666,0.4205354154109955,0.21390604972839355,0.16269992291927338,0.09212834388017654,0.11073028296232224
CH,15,220817_HOBIC22_5Spezies_FISH_Tag15,6,21,0.7,0.441575825214386,0.21731053292751312,0.14693571627140045,0.08284066617488861,0.11133728921413422
CH,15,220817_HOBIC22_5Spezies_FISH_Tag15,6,22,0.7333333333333333,0.4598536789417267,0.21573415398597717,0.13761548697948456,0.07696538418531418,0.10983134061098099
CH,15,220817_HOBIC22_5Spezies_FISH_Tag15,6,23,0.7666666666666667,0.468951553106308,0.21630802750587463,0.13150013983249664,0.07421640306711197,0.10902388393878937
CH,15,220817_HOBIC22_5Spezies_FISH_Tag15,6,24,0.8,0.4769114851951599,0.216946542263031,0.12776073813438416,0.07140745967626572,0.1069738045334816
CH,15,220817_HOBIC22_5Spezies_FISH_Tag15,6,25,0.8333333333333334,0.4818118214607239,0.21600371599197388,0.12510788440704346,0.06975789368152618,0.10731872171163559
CH,15,220817_HOBIC22_5Spezies_FISH_Tag15,6,26,0.8666666666666667,0.4812755584716797,0.215871661901474,0.12623967230319977,0.06959639489650726,0.1070166528224945
CH,15,220817_HOBIC22_5Spezies_FISH_Tag15,6,27,0.9,0.48362240195274353,0.21698929369449615,0.12313749641180038,0.06959585845470428,0.10665492713451385
CH,15,220817_HOBIC22_5Spezies_FISH_Tag15,6,28,0.9333333333333333,0.4842294156551361,0.215257927775383,0.122846819460392,0.06954911351203918,0.1081167459487915
CH,15,220817_HOBIC22_5Spezies_FISH_Tag15,6,29,0.9666666666666667,0.4844534993171692,0.21586956083774567,0.12381069362163544,0.06917736679315567,0.10668890923261642
CH,15,220817_HOBIC22_5Spezies_FISH_Tag15,6,30,1.0,0.4845964014530182,0.2140919268131256,0.12371426075696945,0.06880411505699158,0.10879337787628174
CH,15,240416_HOBIC22_5Spezies_FISH_Tag15,7,0,0.0,0.41878587007522583,0.30933189392089844,0.06973621994256973,0.04059856757521629,0.16154745221138
CH,15,240416_HOBIC22_5Spezies_FISH_Tag15,7,1,0.09090909090909091,0.3144627511501312,0.31700223684310913,0.14170442521572113,0.057237155735492706,0.16959336400032043
CH,15,240416_HOBIC22_5Spezies_FISH_Tag15,7,2,0.18181818181818182,0.22169294953346252,0.279693067073822,0.2601207196712494,0.08096667379140854,0.15752656757831573
CH,15,240416_HOBIC22_5Spezies_FISH_Tag15,7,3,0.2727272727272727,0.20077696442604065,0.24599923193454742,0.3137460947036743,0.10474011301994324,0.13473761081695557
CH,15,240416_HOBIC22_5Spezies_FISH_Tag15,7,4,0.36363636363636365,0.2777757942676544,0.25595593452453613,0.24587693810462952,0.10464568436145782,0.11574572324752808
CH,15,240416_HOBIC22_5Spezies_FISH_Tag15,7,5,0.45454545454545453,0.3322916030883789,0.2692328095436096,0.19988122582435608,0.08774305880069733,0.11085138469934464
CH,15,240416_HOBIC22_5Spezies_FISH_Tag15,7,6,0.5454545454545454,0.41376447677612305,0.2745104134082794,0.13379523158073425,0.06768051534891129,0.1102493479847908
CH,15,240416_HOBIC22_5Spezies_FISH_Tag15,7,7,0.6363636363636364,0.4584408104419708,0.28421318531036377,0.0934937447309494,0.04790065810084343,0.11595164984464645
CH,15,240416_HOBIC22_5Spezies_FISH_Tag15,7,8,0.7272727272727273,0.48669764399528503,0.28804877400398254,0.07180658727884293,0.03575058653950691,0.11769641935825348
CH,15,240416_HOBIC22_5Spezies_FISH_Tag15,7,9,0.8181818181818182,0.5270522236824036,0.27986541390419006,0.057685889303684235,0.029538527131080627,0.10585790872573853
CH,15,240416_HOBIC22_5Spezies_FISH_Tag15,7,10,0.9090909090909091,0.5395289063453674,0.2808433771133423,0.049949415028095245,0.0247858464717865,0.1048925593495369
CH,15,240416_HOBIC22_5Spezies_FISH_Tag15,7,11,1.0,0.5549980401992798,0.27790510654449463,0.04403530806303024,0.021164746955037117,0.10189685225486755
CH,15,240416_HOBIC22_5Spezies_FISH_Tag15,8,0,0.0,0.557525634765625,0.27057385444641113,0.0264630988240242,0.02536037378013134,0.12007705867290497
CH,15,240416_HOBIC22_5Spezies_FISH_Tag15,8,1,0.05555555555555555,0.47488608956336975,0.2926347255706787,0.05116545781493187,0.03469200059771538,0.14662176370620728
CH,15,240416_HOBIC22_5Spezies_FISH_Tag15,8,2,0.1111111111111111,0.3348119556903839,0.3062172830104828,0.1390218287706375,0.053425099700689316,0.16652381420135498
CH,15,240416_HOBIC22_5Spezies_FISH_Tag15,8,3,0.16666666666666666,0.2011750191450119,0.24457967281341553,0.3166414201259613,0.08589909225702286,0.15170477330684662
CH,15,240416_HOBIC22_5Spezies_FISH_Tag15,8,4,0.2222222222222222,0.19465067982673645,0.22315509617328644,0.34341174364089966,0.10518460720777512,0.13359791040420532
CH,15,240416_HOBIC22_5Spezies_FISH_Tag15,8,5,0.2777777777777778,0.2612144351005554,0.23215781152248383,0.2849099338054657,0.10349780321121216,0.11822006851434708
CH,15,240416_HOBIC22_5Spezies_FISH_Tag15,8,6,0.3333333333333333,0.2995753586292267,0.24490180611610413,0.2476731389760971,0.0961015596985817,0.11174814403057098
CH,15,240416_HOBIC22_5Spezies_FISH_Tag15,8,7,0.3888888888888889,0.35321831703186035,0.2516852021217346,0.20074740052223206,0.08920304477214813,0.10514601320028305
CH,15,240416_HOBIC22_5Spezies_FISH_Tag15,8,8,0.4444444444444444,0.40056711435317993,0.25725430250167847,0.15937042236328125,0.0791444480419159,0.10366364568471909
CH,15,240416_HOBIC22_5Spezies_FISH_Tag15,8,9,0.5,0.44751793146133423,0.26649901270866394,0.11858060956001282,0.06268210709095001,0.10472024232149124
CH,15,240416_HOBIC22_5Spezies_FISH_Tag15,8,10,0.5555555555555556,0.492758572101593,0.2673187553882599,0.08620549738407135,0.04690965265035629,0.10680762678384781
CH,15,240416_HOBIC22_5Spezies_FISH_Tag15,8,11,0.6111111111111112,0.48261523246765137,0.275829941034317,0.08342306315898895,0.04133310914039612,0.11679866164922714
CH,15,240416_HOBIC22_5Spezies_FISH_Tag15,8,12,0.6666666666666666,0.42165690660476685,0.2888343632221222,0.10534759610891342,0.04550650343298912,0.13865457475185394
CH,15,240416_HOBIC22_5Spezies_FISH_Tag15,8,13,0.7222222222222222,0.3669131100177765,0.3165093660354614,0.11784905195236206,0.05321572348475456,0.14551270008087158
CH,15,240416_HOBIC22_5Spezies_FISH_Tag15,8,14,0.7777777777777778,0.3287489712238312,0.38287636637687683,0.0878886952996254,0.05084502324461937,0.1496409773826599
CH,15,240416_HOBIC22_5Spezies_FISH_Tag15,8,15,0.8333333333333334,0.45349109172821045,0.32530519366264343,0.061704933643341064,0.03774496540427208,0.12175393104553223
CH,15,240416_HOBIC22_5Spezies_FISH_Tag15,8,16,0.8888888888888888,0.5071319937705994,0.3171440064907074,0.0350833386182785,0.02877495251595974,0.11186576634645462
CH,15,240416_HOBIC22_5Spezies_FISH_Tag15,8,17,0.9444444444444444,0.5730896592140198,0.2973281443119049,0.01781270280480385,0.02074505388736725,0.0910244956612587
CH,15,240416_HOBIC22_5Spezies_FISH_Tag15,8,18,1.0,0.6463330388069153,0.2544010877609253,0.010831082239747047,0.015079043805599213,0.07335567474365234
CH,21,220817_HOBIC22_5Spezies_FISH_Tag21,0,0,0.0,0.354244589805603,0.26954153180122375,0.06440623849630356,0.13209658861160278,0.17971107363700867
CH,21,240416_HOBIC22_5Spezies_FISH_Tag21,0,0,0.0,0.6662195920944214,0.20314134657382965,0.004737984389066696,0.03512287139892578,0.09077827632427216
CH,21,220817_HOBIC22_5Spezies_FISH_Tag21,0,1,0.07142857142857142,0.17007103562355042,0.31571725010871887,0.13627570867538452,0.1795712262392044,0.19836482405662537
CH,21,240416_HOBIC22_5Spezies_FISH_Tag21,0,1,0.05555555555555555,0.6327832341194153,0.21837833523750305,0.005118208006024361,0.04008319601416588,0.10363699495792389
CH,21,220817_HOBIC22_5Spezies_FISH_Tag21,0,2,0.14285714285714285,0.04989210516214371,0.32927384972572327,0.26948755979537964,0.20276711881160736,0.14857932925224304
CH,21,240416_HOBIC22_5Spezies_FISH_Tag21,0,2,0.1111111111111111,0.562042772769928,0.23486952483654022,0.010527405887842178,0.05386932194232941,0.1386909931898117
CH,21,220817_HOBIC22_5Spezies_FISH_Tag21,0,3,0.21428571428571427,0.1565234214067459,0.2898680567741394,0.21380509436130524,0.19310873746871948,0.14669467508792877
CH,21,240416_HOBIC22_5Spezies_FISH_Tag21,0,3,0.16666666666666666,0.37397927045822144,0.2710922956466675,0.04181724041700363,0.08529961854219437,0.2278115451335907
CH,21,220817_HOBIC22_5Spezies_FISH_Tag21,0,4,0.2857142857142857,0.1847391277551651,0.2865484952926636,0.22232072055339813,0.18563072383403778,0.12076100707054138
CH,21,240416_HOBIC22_5Spezies_FISH_Tag21,0,4,0.2222222222222222,0.2021467685699463,0.2602141499519348,0.18340669572353363,0.09946811199188232,0.2547643482685089
CH,21,220817_HOBIC22_5Spezies_FISH_Tag21,0,5,0.35714285714285715,0.23242399096488953,0.2795564830303192,0.20867253839969635,0.17400331795215607,0.10534366965293884
CH,21,240416_HOBIC22_5Spezies_FISH_Tag21,0,5,0.2777777777777778,0.13516518473625183,0.21520739793777466,0.2978442311286926,0.11323995888233185,0.23854324221611023
CH,21,220817_HOBIC22_5Spezies_FISH_Tag21,0,6,0.42857142857142855,0.2740477919578552,0.2775862216949463,0.18491320312023163,0.1604183465242386,0.1030343547463417
CH,21,240416_HOBIC22_5Spezies_FISH_Tag21,0,6,0.3333333333333333,0.10559555143117905,0.20612969994544983,0.32669442892074585,0.12302252650260925,0.23855778574943542
CH,21,220817_HOBIC22_5Spezies_FISH_Tag21,0,7,0.5,0.32232746481895447,0.269121915102005,0.15100540220737457,0.14643660187721252,0.1111086755990982
CH,21,240416_HOBIC22_5Spezies_FISH_Tag21,0,7,0.3888888888888889,0.12373708933591843,0.213032528758049,0.3123663663864136,0.12545005977153778,0.2254139631986618
CH,21,220817_HOBIC22_5Spezies_FISH_Tag21,0,8,0.5714285714285714,0.325935959815979,0.26413872838020325,0.14755752682685852,0.144235298037529,0.11813247203826904
CH,21,240416_HOBIC22_5Spezies_FISH_Tag21,0,8,0.4444444444444444,0.1687825620174408,0.22660097479820251,0.2733033001422882,0.12061291933059692,0.21070022881031036
CH,21,220817_HOBIC22_5Spezies_FISH_Tag21,0,9,0.6428571428571429,0.3453560173511505,0.2659884989261627,0.1346266269683838,0.13781549036502838,0.11621341854333878
CH,21,240416_HOBIC22_5Spezies_FISH_Tag21,0,9,0.5,0.22239932417869568,0.23753632605075836,0.23082119226455688,0.1153750941157341,0.19386805593967438
CH,21,220817_HOBIC22_5Spezies_FISH_Tag21,0,10,0.7142857142857143,0.39799556136131287,0.25791728496551514,0.11129302531480789,0.12434051185846329,0.10845360159873962
CH,21,240416_HOBIC22_5Spezies_FISH_Tag21,0,10,0.5555555555555556,0.2611643075942993,0.23841336369514465,0.20543710887432098,0.11505800485610962,0.17992718517780304
CH,21,220817_HOBIC22_5Spezies_FISH_Tag21,0,11,0.7857142857142857,0.46813252568244934,0.25225451588630676,0.07550660520792007,0.10370124131441116,0.10040509700775146
CH,21,240416_HOBIC22_5Spezies_FISH_Tag21,0,11,0.6111111111111112,0.28036776185035706,0.23410968482494354,0.19804678857326508,0.11559924483299255,0.17187660932540894
CH,21,220817_HOBIC22_5Spezies_FISH_Tag21,0,12,0.8571428571428571,0.5339130759239197,0.2437485307455063,0.0344097800552845,0.08046089112758636,0.10746767371892929
CH,21,240416_HOBIC22_5Spezies_FISH_Tag21,0,12,0.6666666666666666,0.30271682143211365,0.23383735120296478,0.18215925991535187,0.11430526524782181,0.1669812798500061
CH,21,220817_HOBIC22_5Spezies_FISH_Tag21,0,13,0.9285714285714286,0.5536888241767883,0.23789598047733307,0.022445224225521088,0.07441528141498566,0.11155467480421066
CH,21,240416_HOBIC22_5Spezies_FISH_Tag21,0,13,0.7222222222222222,0.3365590572357178,0.23486094176769257,0.15453821420669556,0.1085721105337143,0.16546964645385742
CH,21,220817_HOBIC22_5Spezies_FISH_Tag21,0,14,1.0,0.5575974583625793,0.23716199398040771,0.020245995372533798,0.07195859402418137,0.11303604394197464
CH,21,240416_HOBIC22_5Spezies_FISH_Tag21,0,14,0.7777777777777778,0.3633151352405548,0.2389400750398636,0.11269520968198776,0.10207751393318176,0.18297208845615387
CH,21,240416_HOBIC22_5Spezies_FISH_Tag21,0,15,0.8333333333333334,0.322881817817688,0.2884388267993927,0.06530672311782837,0.10043691098690033,0.2229357212781906
CH,21,240416_HOBIC22_5Spezies_FISH_Tag21,0,16,0.8888888888888888,0.37378108501434326,0.2848542034626007,0.0373634472489357,0.08746053278446198,0.21654072403907776
CH,21,240416_HOBIC22_5Spezies_FISH_Tag21,0,17,0.9444444444444444,0.4937378168106079,0.26055681705474854,0.020228687673807144,0.06540634483098984,0.16007041931152344
CH,21,240416_HOBIC22_5Spezies_FISH_Tag21,0,18,1.0,0.5094789266586304,0.2396259903907776,0.009200464934110641,0.06690866500139236,0.17478588223457336
CH,21,220817_HOBIC22_5Spezies_FISH_Tag21,1,0,0.0,0.4689486026763916,0.18795344233512878,0.09004604071378708,0.05887678638100624,0.1941751092672348
CH,21,240416_HOBIC22_5Spezies_FISH_Tag21,1,0,0.0,0.6515700817108154,0.2076762318611145,0.0023660261649638414,0.04060235619544983,0.09778529405593872
CH,21,220817_HOBIC22_5Spezies_FISH_Tag21,1,1,0.018867924528301886,0.39426636695861816,0.20428478717803955,0.10450074076652527,0.07078386098146439,0.22616428136825562
CH,21,240416_HOBIC22_5Spezies_FISH_Tag21,1,1,0.047619047619047616,0.6089332103729248,0.2175823152065277,0.0033089383505284786,0.04963565245270729,0.12053991109132767
CH,21,220817_HOBIC22_5Spezies_FISH_Tag21,1,2,0.03773584905660377,0.18420182168483734,0.23194852471351624,0.1387178748846054,0.11073952168226242,0.3343921899795532
CH,21,240416_HOBIC22_5Spezies_FISH_Tag21,1,2,0.09523809523809523,0.49028220772743225,0.24957416951656342,0.0066828252747654915,0.0736357569694519,0.17982500791549683
CH,21,220817_HOBIC22_5Spezies_FISH_Tag21,1,3,0.05660377358490566,0.09602198004722595,0.25090962648391724,0.16500531136989594,0.12737050652503967,0.36069256067276
CH,21,240416_HOBIC22_5Spezies_FISH_Tag21,1,3,0.14285714285714285,0.29468032717704773,0.29782676696777344,0.04858078807592392,0.10338744521141052,0.25552472472190857
CH,21,220817_HOBIC22_5Spezies_FISH_Tag21,1,4,0.07547169811320754,0.23251192271709442,0.22809480130672455,0.17367742955684662,0.096581369638443,0.2691344916820526
CH,21,240416_HOBIC22_5Spezies_FISH_Tag21,1,4,0.19047619047619047,0.1852686107158661,0.2571735978126526,0.1700914204120636,0.12232117354869843,0.2651452124118805
CH,21,220817_HOBIC22_5Spezies_FISH_Tag21,1,5,0.09433962264150944,0.24115093052387238,0.23130720853805542,0.19182805716991425,0.09566967934370041,0.24004413187503815
CH,21,240416_HOBIC22_5Spezies_FISH_Tag21,1,5,0.23809523809523808,0.14288188517093658,0.2410353422164917,0.2357252687215805,0.13592079281806946,0.24443668127059937
CH,21,220817_HOBIC22_5Spezies_FISH_Tag21,1,6,0.11320754716981132,0.2315385490655899,0.23609091341495514,0.209668830037117,0.10067795217037201,0.22202378511428833
CH,21,240416_HOBIC22_5Spezies_FISH_Tag21,1,6,0.2857142857142857,0.12214037775993347,0.23419727385044098,0.26500657200813293,0.14111745357513428,0.2375383973121643
CH,21,220817_HOBIC22_5Spezies_FISH_Tag21,1,7,0.1320754716981132,0.2191001921892166,0.24541322886943817,0.22435230016708374,0.10645565390586853,0.20467856526374817
CH,21,240416_HOBIC22_5Spezies_FISH_Tag21,1,7,0.3333333333333333,0.15074023604393005,0.24332326650619507,0.2330077886581421,0.14426875114440918,0.22865994274616241
CH,21,220817_HOBIC22_5Spezies_FISH_Tag21,1,8,0.1509433962264151,0.21188998222351074,0.2529126703739166,0.23878410458564758,0.1118307113647461,0.18458257615566254
CH,21,240416_HOBIC22_5Spezies_FISH_Tag21,1,8,0.38095238095238093,0.21065084636211395,0.2638893723487854,0.15995915234088898,0.1404649168252945,0.22503572702407837
CH,21,220817_HOBIC22_5Spezies_FISH_Tag21,1,9,0.16981132075471697,0.20715545117855072,0.2621999680995941,0.24866361916065216,0.11658285558223724,0.16539810597896576
CH,21,240416_HOBIC22_5Spezies_FISH_Tag21,1,9,0.42857142857142855,0.2763913571834564,0.27540749311447144,0.10271046310663223,0.12958726286888123,0.2159033864736557
CH,21,220817_HOBIC22_5Spezies_FISH_Tag21,1,10,0.18867924528301888,0.20497113466262817,0.26494863629341125,0.25513046979904175,0.1200706735253334,0.15487901866436005
CH,21,240416_HOBIC22_5Spezies_FISH_Tag21,1,10,0.47619047619047616,0.331472247838974,0.28128814697265625,0.06347976624965668,0.11983911693096161,0.20392070710659027
CH,21,220817_HOBIC22_5Spezies_FISH_Tag21,1,11,0.20754716981132076,0.2074311375617981,0.2669365406036377,0.2572133243083954,0.12179826200008392,0.1466207504272461
CH,21,240416_HOBIC22_5Spezies_FISH_Tag21,1,11,0.5238095238095238,0.3606581389904022,0.2772272527217865,0.04977225512266159,0.11458487808704376,0.19775743782520294
CH,21,220817_HOBIC22_5Spezies_FISH_Tag21,1,12,0.22641509433962265,0.21435949206352234,0.2701985239982605,0.2529711425304413,0.12190404534339905,0.14056682586669922
CH,21,240416_HOBIC22_5Spezies_FISH_Tag21,1,12,0.5714285714285714,0.37996286153793335,0.2749441862106323,0.04638742282986641,0.11154096573591232,0.1871645450592041
CH,21,220817_HOBIC22_5Spezies_FISH_Tag21,1,13,0.24528301886792453,0.22110863029956818,0.2712594270706177,0.24981780350208282,0.12055133283138275,0.13726283609867096
CH,21,240416_HOBIC22_5Spezies_FISH_Tag21,1,13,0.6190476190476191,0.36765551567077637,0.270424485206604,0.05880099907517433,0.11220533400774002,0.19091369211673737
CH,21,220817_HOBIC22_5Spezies_FISH_Tag21,1,14,0.2641509433962264,0.22874335944652557,0.2721709907054901,0.242566779255867,0.11730578541755676,0.13921302556991577
CH,21,240416_HOBIC22_5Spezies_FISH_Tag21,1,14,0.6666666666666666,0.3098543882369995,0.2859477996826172,0.060013532638549805,0.117954783141613,0.22622954845428467
CH,21,220817_HOBIC22_5Spezies_FISH_Tag21,1,15,0.2830188679245283,0.23534153401851654,0.2718121111392975,0.23233069479465485,0.11323703825473785,0.14727863669395447
CH,21,240416_HOBIC22_5Spezies_FISH_Tag21,1,15,0.7142857142857143,0.31439730525016785,0.3278336524963379,0.04215037822723389,0.10626616328954697,0.20935246348381042
CH,21,220817_HOBIC22_5Spezies_FISH_Tag21,1,16,0.3018867924528302,0.23529401421546936,0.27033311128616333,0.23007704317569733,0.11138387769460678,0.1529119908809662
CH,21,240416_HOBIC22_5Spezies_FISH_Tag21,1,16,0.7619047619047619,0.42131173610687256,0.28450220823287964,0.018149809911847115,0.08970628678798676,0.18632996082305908
CH,21,220817_HOBIC22_5Spezies_FISH_Tag21,1,17,0.32075471698113206,0.23488280177116394,0.2728097140789032,0.22568659484386444,0.11172864586114883,0.15489225089550018
CH,21,240416_HOBIC22_5Spezies_FISH_Tag21,1,17,0.8095238095238095,0.49912193417549133,0.2780148983001709,0.007422259543091059,0.06757006049156189,0.14787080883979797
CH,21,220817_HOBIC22_5Spezies_FISH_Tag21,1,18,0.33962264150943394,0.23879879713058472,0.27636444568634033,0.218206986784935,0.10825609415769577,0.1583736687898636
CH,21,240416_HOBIC22_5Spezies_FISH_Tag21,1,18,0.8571428571428571,0.541124701499939,0.2539721131324768,0.0036729902494698763,0.05965898931026459,0.1415713131427765
CH,21,220817_HOBIC22_5Spezies_FISH_Tag21,1,19,0.3584905660377358,0.24734626710414886,0.275534451007843,0.2114238739013672,0.10594555735588074,0.1597498655319214
CH,21,240416_HOBIC22_5Spezies_FISH_Tag21,1,19,0.9047619047619048,0.6431249380111694,0.22190086543560028,0.0032068570144474506,0.03951160982251167,0.09225572645664215
CH,21,220817_HOBIC22_5Spezies_FISH_Tag21,1,20,0.37735849056603776,0.2518107295036316,0.2768738865852356,0.2034522444009781,0.10323812067508698,0.16462506353855133
CH,21,240416_HOBIC22_5Spezies_FISH_Tag21,1,20,0.9523809523809523,0.6923529505729675,0.20151226222515106,0.002214722568169236,0.03138447552919388,0.07253554463386536
CH,21,220817_HOBIC22_5Spezies_FISH_Tag21,1,21,0.39622641509433965,0.26588842272758484,0.2724471390247345,0.18856436014175415,0.09851841628551483,0.1745816022157669
CH,21,240416_HOBIC22_5Spezies_FISH_Tag21,1,21,1.0,0.7168351411819458,0.19574427604675293,0.0015220536151900887,0.02583235874772072,0.06006617099046707
CH,21,220817_HOBIC22_5Spezies_FISH_Tag21,1,22,0.41509433962264153,0.28491225838661194,0.2682639956474304,0.17078113555908203,0.09191199392080307,0.18413066864013672
CH,21,220817_HOBIC22_5Spezies_FISH_Tag21,1,23,0.4339622641509434,0.29858970642089844,0.25916150212287903,0.16231347620487213,0.08598712086677551,0.1939481496810913
CH,21,220817_HOBIC22_5Spezies_FISH_Tag21,1,24,0.4528301886792453,0.3000064492225647,0.2590239346027374,0.1598631888628006,0.08404288440942764,0.1970636546611786
CH,21,220817_HOBIC22_5Spezies_FISH_Tag21,1,25,0.4716981132075472,0.29798173904418945,0.25974154472351074,0.16290238499641418,0.08509169518947601,0.1942826360464096
CH,21,220817_HOBIC22_5Spezies_FISH_Tag21,1,26,0.49056603773584906,0.29805976152420044,0.26390036940574646,0.16333439946174622,0.08473949879407883,0.18996594846248627
CH,21,220817_HOBIC22_5Spezies_FISH_Tag21,1,27,0.5094339622641509,0.29895487427711487,0.2636517584323883,0.16197988390922546,0.08440998196601868,0.19100350141525269
CH,21,220817_HOBIC22_5Spezies_FISH_Tag21,1,28,0.5283018867924528,0.3021884858608246,0.263584703207016,0.15996523201465607,0.08336826413869858,0.19089333713054657
CH,21,220817_HOBIC22_5Spezies_FISH_Tag21,1,29,0.5471698113207547,0.30842125415802,0.2616676688194275,0.15582993626594543,0.08210637420415878,0.19197480380535126
CH,21,220817_HOBIC22_5Spezies_FISH_Tag21,1,30,0.5660377358490566,0.3087388277053833,0.2622562050819397,0.1553678959608078,0.08208880573511124,0.19154833257198334
CH,21,220817_HOBIC22_5Spezies_FISH_Tag21,1,31,0.5849056603773585,0.309772789478302,0.2615029215812683,0.1521681845188141,0.08151107281446457,0.19504505395889282
CH,21,220817_HOBIC22_5Spezies_FISH_Tag21,1,32,0.6037735849056604,0.3118789494037628,0.2601345479488373,0.15141020715236664,0.07990250736474991,0.19667375087738037
CH,21,220817_HOBIC22_5Spezies_FISH_Tag21,1,33,0.6226415094339622,0.3152528405189514,0.25985872745513916,0.14935053884983063,0.08014347404241562,0.19539441168308258
CH,21,220817_HOBIC22_5Spezies_FISH_Tag21,1,34,0.6415094339622641,0.31760144233703613,0.2609931230545044,0.1422865390777588,0.07903297245502472,0.20008595287799835
CH,21,220817_HOBIC22_5Spezies_FISH_Tag21,1,35,0.660377358490566,0.3190497159957886,0.26149114966392517,0.1403689980506897,0.07694435119628906,0.2021457552909851
CH,21,220817_HOBIC22_5Spezies_FISH_Tag21,1,36,0.6792452830188679,0.325326532125473,0.2592408359050751,0.13442307710647583,0.0756019800901413,0.20540751516819
CH,21,220817_HOBIC22_5Spezies_FISH_Tag21,1,37,0.6981132075471698,0.3295140564441681,0.25881120562553406,0.13026820123195648,0.07293297350406647,0.2084735929965973
CH,21,220817_HOBIC22_5Spezies_FISH_Tag21,1,38,0.7169811320754716,0.3406219780445099,0.25284498929977417,0.11739298701286316,0.0698179379105568,0.21932204067707062
CH,21,220817_HOBIC22_5Spezies_FISH_Tag21,1,39,0.7358490566037735,0.3478299081325531,0.25096723437309265,0.1096368208527565,0.0679333284497261,0.22363261878490448
CH,21,220817_HOBIC22_5Spezies_FISH_Tag21,1,40,0.7547169811320755,0.34955671429634094,0.2516988515853882,0.10731802135705948,0.06712992489337921,0.2242964655160904
CH,21,220817_HOBIC22_5Spezies_FISH_Tag21,1,41,0.7735849056603774,0.3494557738304138,0.2518124282360077,0.10578952729701996,0.06689133495092392,0.2260509878396988
CH,21,220817_HOBIC22_5Spezies_FISH_Tag21,1,42,0.7924528301886793,0.34790247678756714,0.25070837140083313,0.10733993351459503,0.06738917529582977,0.2266600877046585
CH,21,220817_HOBIC22_5Spezies_FISH_Tag21,1,43,0.8113207547169812,0.33724990487098694,0.2538982033729553,0.1149759441614151,0.07033438980579376,0.22354160249233246
CH,21,220817_HOBIC22_5Spezies_FISH_Tag21,1,44,0.8301886792452831,0.3356807827949524,0.25393059849739075,0.12213435024023056,0.07123620808124542,0.21701808273792267
CH,21,220817_HOBIC22_5Spezies_FISH_Tag21,1,45,0.8490566037735849,0.3325778543949127,0.2579951882362366,0.12395048141479492,0.07203066349029541,0.21344582736492157
CH,21,220817_HOBIC22_5Spezies_FISH_Tag21,1,46,0.8679245283018868,0.33566609025001526,0.25640639662742615,0.12672939896583557,0.07263444364070892,0.2085636556148529
CH,21,220817_HOBIC22_5Spezies_FISH_Tag21,1,47,0.8867924528301887,0.3402937650680542,0.25551995635032654,0.12090732157230377,0.07244069129228592,0.2108382135629654
CH,21,220817_HOBIC22_5Spezies_FISH_Tag21,1,48,0.9056603773584906,0.35054516792297363,0.25059154629707336,0.1147666946053505,0.07046602666378021,0.2136305719614029
CH,21,220817_HOBIC22_5Spezies_FISH_Tag21,1,49,0.9245283018867925,0.3545915484428406,0.2508258819580078,0.10783028602600098,0.06786853820085526,0.2188837230205536
CH,21,220817_HOBIC22_5Spezies_FISH_Tag21,1,50,0.9433962264150944,0.3643525540828705,0.24828480184078217,0.09956375509500504,0.06458784639835358,0.22321107983589172
CH,21,220817_HOBIC22_5Spezies_FISH_Tag21,1,51,0.9622641509433962,0.3655691146850586,0.24628005921840668,0.09486818313598633,0.06355547159910202,0.22972723841667175
CH,21,220817_HOBIC22_5Spezies_FISH_Tag21,1,52,0.9811320754716981,0.3702639639377594,0.24434763193130493,0.09212438762187958,0.06246822699904442,0.23079577088356018
CH,21,220817_HOBIC22_5Spezies_FISH_Tag21,1,53,1.0,0.37327396869659424,0.24408802390098572,0.09058637171983719,0.06160610914230347,0.23044553399085999
CH,21,220817_HOBIC22_5Spezies_FISH_Tag21,2,0,0.0,0.3534911572933197,0.20585699379444122,0.15956513583660126,0.06728298962116241,0.2138037383556366
CH,21,240416_HOBIC22_5Spezies_FISH_Tag21,2,0,0.0,0.5834363102912903,0.24542738497257233,0.002759855706244707,0.04697972908616066,0.12139669805765152
CH,21,220817_HOBIC22_5Spezies_FISH_Tag21,2,1,0.022727272727272728,0.3417750298976898,0.20860432088375092,0.1653277724981308,0.06902328878641129,0.2152695655822754
CH,21,240416_HOBIC22_5Spezies_FISH_Tag21,2,1,0.05,0.542077362537384,0.2588033080101013,0.003589716274291277,0.05519002303481102,0.14033959805965424
CH,21,220817_HOBIC22_5Spezies_FISH_Tag21,2,2,0.045454545454545456,0.32295742630958557,0.2126888930797577,0.17310118675231934,0.07278481870889664,0.21846774220466614
CH,21,240416_HOBIC22_5Spezies_FISH_Tag21,2,2,0.1,0.47960779070854187,0.2786656320095062,0.004287872929126024,0.06703785806894302,0.17040079832077026
CH,21,220817_HOBIC22_5Spezies_FISH_Tag21,2,3,0.06818181818181818,0.30471354722976685,0.21780718863010406,0.18378736078739166,0.07552690804004669,0.21816496551036835
CH,21,240416_HOBIC22_5Spezies_FISH_Tag21,2,3,0.15,0.3358578383922577,0.31339797377586365,0.01339703518897295,0.09409397840499878,0.24325311183929443
CH,21,220817_HOBIC22_5Spezies_FISH_Tag21,2,4,0.09090909090909091,0.28702035546302795,0.22295893728733063,0.19268390536308289,0.07955300062894821,0.2177838534116745
CH,21,240416_HOBIC22_5Spezies_FISH_Tag21,2,4,0.2,0.15852181613445282,0.32042866945266724,0.10754937678575516,0.12072444707155228,0.2927756905555725
CH,21,220817_HOBIC22_5Spezies_FISH_Tag21,2,5,0.11363636363636363,0.2712284028530121,0.2285885214805603,0.2040771245956421,0.08290504664182663,0.2132008820772171
CH,21,240416_HOBIC22_5Spezies_FISH_Tag21,2,5,0.25,0.08537546545267105,0.2719842791557312,0.22857435047626495,0.13287989795207977,0.2811860144138336
CH,21,220817_HOBIC22_5Spezies_FISH_Tag21,2,6,0.13636363636363635,0.2516525685787201,0.23552289605140686,0.21756210923194885,0.08692093193531036,0.20834152400493622
CH,21,240416_HOBIC22_5Spezies_FISH_Tag21,2,6,0.3,0.08854246139526367,0.27029135823249817,0.24567730724811554,0.14646273851394653,0.2490261048078537
CH,21,220817_HOBIC22_5Spezies_FISH_Tag21,2,7,0.1590909090909091,0.23654305934906006,0.24103783071041107,0.22701601684093475,0.09097598493099213,0.204427108168602
CH,21,240416_HOBIC22_5Spezies_FISH_Tag21,2,7,0.35,0.11161774396896362,0.2775653004646301,0.23232488334178925,0.15361720323562622,0.2248748540878296
CH,21,220817_HOBIC22_5Spezies_FISH_Tag21,2,8,0.18181818181818182,0.22855524718761444,0.2452915757894516,0.2334749698638916,0.09479906409978867,0.19787909090518951
CH,21,240416_HOBIC22_5Spezies_FISH_Tag21,2,8,0.4,0.16060177981853485,0.29157763719558716,0.18981072306632996,0.15377989411354065,0.204229936003685
CH,21,220817_HOBIC22_5Spezies_FISH_Tag21,2,9,0.20454545454545456,0.2197771817445755,0.2504577040672302,0.23911191523075104,0.09796686470508575,0.19268634915351868
CH,21,240416_HOBIC22_5Spezies_FISH_Tag21,2,9,0.45,0.22377251088619232,0.30251172184944153,0.13070334494113922,0.14661471545696259,0.19639770686626434
CH,21,220817_HOBIC22_5Spezies_FISH_Tag21,2,10,0.22727272727272727,0.21613936126232147,0.25240597128868103,0.24342916905879974,0.10103674978017807,0.18698875606060028
CH,21,240416_HOBIC22_5Spezies_FISH_Tag21,2,10,0.5,0.2828637659549713,0.30777594447135925,0.0887923315167427,0.13286486268043518,0.18770313262939453
CH,21,220817_HOBIC22_5Spezies_FISH_Tag21,2,11,0.25,0.21309569478034973,0.256299763917923,0.24661627411842346,0.10363635420799255,0.18035197257995605
CH,21,240416_HOBIC22_5Spezies_FISH_Tag21,2,11,0.55,0.3394486904144287,0.3062809705734253,0.060880400240421295,0.11805001646280289,0.17534002661705017
CH,21,220817_HOBIC22_5Spezies_FISH_Tag21,2,12,0.2727272727272727,0.21497130393981934,0.25940653681755066,0.24348950386047363,0.10503393411636353,0.17709869146347046
CH,21,240416_HOBIC22_5Spezies_FISH_Tag21,2,12,0.6,0.3846030533313751,0.30116263031959534,0.04309491813182831,0.10612854361534119,0.16501082479953766
CH,21,220817_HOBIC22_5Spezies_FISH_Tag21,2,13,0.29545454545454547,0.22144514322280884,0.26073145866394043,0.23968543112277985,0.10380569845438004,0.17433223128318787
CH,21,240416_HOBIC22_5Spezies_FISH_Tag21,2,13,0.65,0.41594019532203674,0.2895311713218689,0.03748517856001854,0.09973794966936111,0.15730547904968262
CH,21,220817_HOBIC22_5Spezies_FISH_Tag21,2,14,0.3181818181818182,0.23354472219944,0.2586609423160553,0.22889892756938934,0.1001325249671936,0.17876286804676056
CH,21,240416_HOBIC22_5Spezies_FISH_Tag21,2,14,0.7,0.41661739349365234,0.28431686758995056,0.03405110910534859,0.09996027499437332,0.16505436599254608
CH,21,220817_HOBIC22_5Spezies_FISH_Tag21,2,15,0.3409090909090909,0.24051931500434875,0.25474029779434204,0.22556617856025696,0.09777519106864929,0.18139900267124176
CH,21,240416_HOBIC22_5Spezies_FISH_Tag21,2,15,0.75,0.34809714555740356,0.3044418394565582,0.02754647098481655,0.1076398491859436,0.2122746706008911
CH,21,220817_HOBIC22_5Spezies_FISH_Tag21,2,16,0.36363636363636365,0.2355763018131256,0.2594541907310486,0.22630588710308075,0.09903478622436523,0.1796288639307022
CH,21,240416_HOBIC22_5Spezies_FISH_Tag21,2,16,0.8,0.3695496618747711,0.3090333640575409,0.01588544249534607,0.09616740047931671,0.2093641757965088
CH,21,220817_HOBIC22_5Spezies_FISH_Tag21,2,17,0.38636363636363635,0.23647116124629974,0.2578675150871277,0.22763510048389435,0.09991700947284698,0.17810918390750885
CH,21,240416_HOBIC22_5Spezies_FISH_Tag21,2,17,0.85,0.48224109411239624,0.2841300070285797,0.0070332870818674564,0.07196082174777985,0.15463471412658691
CH,21,220817_HOBIC22_5Spezies_FISH_Tag21,2,18,0.4090909090909091,0.24005241692066193,0.2578238248825073,0.22658799588680267,0.09948978573083878,0.1760459542274475
CH,21,240416_HOBIC22_5Spezies_FISH_Tag21,2,18,0.9,0.49825796484947205,0.2667957544326782,0.004470670595765114,0.06857846677303314,0.16189713776111603
CH,21,220817_HOBIC22_5Spezies_FISH_Tag21,2,19,0.4318181818181818,0.24550001323223114,0.2565302550792694,0.22224362194538116,0.09955591708421707,0.17617015540599823
CH,21,240416_HOBIC22_5Spezies_FISH_Tag21,2,19,0.95,0.5749410390853882,0.2547351121902466,0.0029246166814118624,0.04948901757597923,0.11791016161441803
CH,21,220817_HOBIC22_5Spezies_FISH_Tag21,2,20,0.45454545454545453,0.24985074996948242,0.2576548159122467,0.2215973138809204,0.10004324465990067,0.17085394263267517
CH,21,240416_HOBIC22_5Spezies_FISH_Tag21,2,20,1.0,0.6440670490264893,0.22226618230342865,0.002052540658041835,0.038554660975933075,0.09305962175130844
CH,21,220817_HOBIC22_5Spezies_FISH_Tag21,2,21,0.4772727272727273,0.2605034410953522,0.25661054253578186,0.21503224968910217,0.0991690531373024,0.16868475079536438
CH,21,220817_HOBIC22_5Spezies_FISH_Tag21,2,22,0.5,0.26351600885391235,0.25542309880256653,0.21094292402267456,0.09780257940292358,0.17231544852256775
CH,21,220817_HOBIC22_5Spezies_FISH_Tag21,2,23,0.5227272727272727,0.2714257836341858,0.2554718255996704,0.20585165917873383,0.09732013940811157,0.16993063688278198
CH,21,220817_HOBIC22_5Spezies_FISH_Tag21,2,24,0.5454545454545454,0.2746574282646179,0.2548655867576599,0.20547223091125488,0.09611417353153229,0.1688905954360962
CH,21,220817_HOBIC22_5Spezies_FISH_Tag21,2,25,0.5681818181818182,0.2868463099002838,0.25343939661979675,0.1971619725227356,0.09448035806417465,0.1680719256401062
CH,21,220817_HOBIC22_5Spezies_FISH_Tag21,2,26,0.5909090909090909,0.29468080401420593,0.2539854347705841,0.18847914040088654,0.09181822091341019,0.17103633284568787
CH,21,220817_HOBIC22_5Spezies_FISH_Tag21,2,27,0.6136363636363636,0.3078825771808624,0.2542763948440552,0.1740594059228897,0.08676866441965103,0.17701293528079987
CH,21,220817_HOBIC22_5Spezies_FISH_Tag21,2,28,0.6363636363636364,0.3203165829181671,0.25111129879951477,0.15988904237747192,0.08160911500453949,0.1870739758014679
CH,21,220817_HOBIC22_5Spezies_FISH_Tag21,2,29,0.6590909090909091,0.3319579064846039,0.24951359629631042,0.1449190080165863,0.07397640496492386,0.19963304698467255
CH,21,220817_HOBIC22_5Spezies_FISH_Tag21,2,30,0.6818181818181818,0.34276270866394043,0.24778211116790771,0.13178974390029907,0.07139869779348373,0.20626665651798248
CH,21,220817_HOBIC22_5Spezies_FISH_Tag21,2,31,0.7045454545454546,0.3599981963634491,0.24320703744888306,0.12362543493509293,0.06980408728122711,0.20336519181728363
CH,21,220817_HOBIC22_5Spezies_FISH_Tag21,2,32,0.7272727272727273,0.36614909768104553,0.24165527522563934,0.11648019403219223,0.06938163191080093,0.20633383095264435
CH,21,220817_HOBIC22_5Spezies_FISH_Tag21,2,33,0.75,0.35495153069496155,0.24592329561710358,0.11722090095281601,0.06602586805820465,0.21587839722633362
CH,21,220817_HOBIC22_5Spezies_FISH_Tag21,2,34,0.7727272727272727,0.3561805784702301,0.2439543455839157,0.11585955321788788,0.06569280475378036,0.21831266582012177
CH,21,220817_HOBIC22_5Spezies_FISH_Tag21,2,35,0.7954545454545454,0.35707995295524597,0.242666095495224,0.1147303432226181,0.06529305875301361,0.2202305644750595
CH,21,220817_HOBIC22_5Spezies_FISH_Tag21,2,36,0.8181818181818182,0.36180579662323,0.2409680336713791,0.11193761974573135,0.06489904224872589,0.22038951516151428
CH,21,220817_HOBIC22_5Spezies_FISH_Tag21,2,37,0.8409090909090909,0.3604834973812103,0.24301572144031525,0.11135757714509964,0.06487234681844711,0.22027085721492767
CH,21,220817_HOBIC22_5Spezies_FISH_Tag21,2,38,0.8636363636363636,0.35601040720939636,0.2449004054069519,0.11128111928701401,0.06391989439725876,0.2238881140947342
CH,21,220817_HOBIC22_5Spezies_FISH_Tag21,2,39,0.8863636363636364,0.35893353819847107,0.24431458115577698,0.10864265263080597,0.06316451728343964,0.22494474053382874
CH,21,220817_HOBIC22_5Spezies_FISH_Tag21,2,40,0.9090909090909091,0.3614775240421295,0.2430109679698944,0.10812672972679138,0.06291068345308304,0.22447413206100464
CH,21,220817_HOBIC22_5Spezies_FISH_Tag21,2,41,0.9318181818181818,0.35958418250083923,0.2438182234764099,0.10633154213428497,0.06357954442501068,0.2266865074634552
CH,21,220817_HOBIC22_5Spezies_FISH_Tag21,2,42,0.9545454545454546,0.35745906829833984,0.24297380447387695,0.10876768827438354,0.0633883848786354,0.22741104662418365
CH,21,220817_HOBIC22_5Spezies_FISH_Tag21,2,43,0.9772727272727273,0.36482805013656616,0.2385910302400589,0.10825613141059875,0.06520502269268036,0.22311973571777344
CH,21,220817_HOBIC22_5Spezies_FISH_Tag21,2,44,1.0,0.35573360323905945,0.24305379390716553,0.11024283617734909,0.06342211365699768,0.22754766047000885
CH,21,220817_HOBIC22_5Spezies_FISH_Tag21,3,0,0.0,0.2174903005361557,0.21303242444992065,0.19793234765529633,0.09670726209878922,0.2748376727104187
CH,21,240416_HOBIC22_5Spezies_FISH_Tag21,3,0,0.0,0.512052595615387,0.255607008934021,0.004331205040216446,0.060330599546432495,0.1676786094903946
CH,21,220817_HOBIC22_5Spezies_FISH_Tag21,3,1,0.043478260869565216,0.22256366908550262,0.21382127702236176,0.2089085876941681,0.09677732735872269,0.25792911648750305
CH,21,240416_HOBIC22_5Spezies_FISH_Tag21,3,1,0.058823529411764705,0.3926811218261719,0.2832818329334259,0.011613095179200172,0.08265352249145508,0.22977042198181152
CH,21,220817_HOBIC22_5Spezies_FISH_Tag21,3,2,0.08695652173913043,0.21332478523254395,0.21632200479507446,0.2260332852602005,0.099589042365551,0.2447309046983719
CH,21,240416_HOBIC22_5Spezies_FISH_Tag21,3,2,0.11764705882352941,0.2839370369911194,0.3098386526107788,0.05354427918791771,0.09987641125917435,0.25280362367630005
CH,21,220817_HOBIC22_5Spezies_FISH_Tag21,3,3,0.13043478260869565,0.20111389458179474,0.22372472286224365,0.24314925074577332,0.10646482557058334,0.22554723918437958
CH,21,240416_HOBIC22_5Spezies_FISH_Tag21,3,3,0.17647058823529413,0.21682143211364746,0.27808070182800293,0.12801386415958405,0.12220768630504608,0.25487634539604187
CH,21,220817_HOBIC22_5Spezies_FISH_Tag21,3,4,0.17391304347826086,0.19050148129463196,0.22964520752429962,0.25767549872398376,0.1140868216753006,0.20809100568294525
CH,21,240416_HOBIC22_5Spezies_FISH_Tag21,3,4,0.23529411764705882,0.16987235844135284,0.2666810154914856,0.17381072044372559,0.13932636380195618,0.250309556722641
CH,21,220817_HOBIC22_5Spezies_FISH_Tag21,3,5,0.21739130434782608,0.18880876898765564,0.2383621782064438,0.26445019245147705,0.12009575217962265,0.18828311562538147
CH,21,240416_HOBIC22_5Spezies_FISH_Tag21,3,5,0.29411764705882354,0.13213901221752167,0.2639754116535187,0.2060748040676117,0.14424334466457367,0.2535674571990967
CH,21,220817_HOBIC22_5Spezies_FISH_Tag21,3,6,0.2608695652173913,0.18733665347099304,0.24603819847106934,0.26544687151908875,0.12267674505710602,0.17850147187709808
CH,21,240416_HOBIC22_5Spezies_FISH_Tag21,3,6,0.35294117647058826,0.14285701513290405,0.2688544988632202,0.1960080862045288,0.14339134097099304,0.24888905882835388
CH,21,220817_HOBIC22_5Spezies_FISH_Tag21,3,7,0.30434782608695654,0.18956558406352997,0.24926142394542694,0.26710689067840576,0.12434982508420944,0.16971619427204132
CH,21,240416_HOBIC22_5Spezies_FISH_Tag21,3,7,0.4117647058823529,0.19003745913505554,0.2818757891654968,0.1432710886001587,0.13742762804031372,0.24738803505897522
CH,21,220817_HOBIC22_5Spezies_FISH_Tag21,3,8,0.34782608695652173,0.19106312096118927,0.2514595687389374,0.26413774490356445,0.12408632785081863,0.16925327479839325
CH,21,240416_HOBIC22_5Spezies_FISH_Tag21,3,8,0.47058823529411764,0.2566695213317871,0.2932867705821991,0.08729851245880127,0.12654900550842285,0.23619627952575684
CH,21,220817_HOBIC22_5Spezies_FISH_Tag21,3,9,0.391304347826087,0.1936180293560028,0.25567784905433655,0.25938406586647034,0.12396873533725739,0.16735133528709412
CH,21,240416_HOBIC22_5Spezies_FISH_Tag21,3,9,0.5294117647058824,0.31387048959732056,0.28660187125205994,0.06206784024834633,0.11696939915418625,0.2204904556274414
CH,21,220817_HOBIC22_5Spezies_FISH_Tag21,3,10,0.43478260869565216,0.1888337880373001,0.25990551710128784,0.26265355944633484,0.12647868692874908,0.16212838888168335
CH,21,240416_HOBIC22_5Spezies_FISH_Tag21,3,10,0.5882352941176471,0.34795090556144714,0.27203261852264404,0.06445851922035217,0.11264052242040634,0.20291733741760254
CH,21,220817_HOBIC22_5Spezies_FISH_Tag21,3,11,0.4782608695652174,0.18968749046325684,0.2676924467086792,0.2607629895210266,0.12827646732330322,0.15358056128025055
CH,21,240416_HOBIC22_5Spezies_FISH_Tag21,3,11,0.6470588235294118,0.3577500879764557,0.26146337389945984,0.0729062557220459,0.11275577545166016,0.19512449204921722
CH,21,220817_HOBIC22_5Spezies_FISH_Tag21,3,12,0.5217391304347826,0.19952259957790375,0.26843202114105225,0.2494288831949234,0.12637105584144592,0.1562453806400299
CH,21,240416_HOBIC22_5Spezies_FISH_Tag21,3,12,0.7058823529411765,0.33590972423553467,0.2628551721572876,0.06553959101438522,0.11751286685466766,0.21818262338638306
CH,21,220817_HOBIC22_5Spezies_FISH_Tag21,3,13,0.5652173913043478,0.20862121880054474,0.272074431180954,0.2383853793144226,0.1219412237405777,0.1589777171611786
CH,21,240416_HOBIC22_5Spezies_FISH_Tag21,3,13,0.7647058823529411,0.2935643196105957,0.3110485374927521,0.04665519669651985,0.11182533949613571,0.23690657317638397
CH,21,220817_HOBIC22_5Spezies_FISH_Tag21,3,14,0.6086956521739131,0.21836140751838684,0.2737486660480499,0.22863292694091797,0.1176781877875328,0.16157883405685425
CH,21,240416_HOBIC22_5Spezies_FISH_Tag21,3,14,0.8235294117647058,0.34894686937332153,0.27308419346809387,0.028959646821022034,0.1044062003493309,0.24460309743881226
CH,21,220817_HOBIC22_5Spezies_FISH_Tag21,3,15,0.6521739130434783,0.2487279772758484,0.27051588892936707,0.2064206898212433,0.10874331742525101,0.16559213399887085
CH,21,240416_HOBIC22_5Spezies_FISH_Tag21,3,15,0.8823529411764706,0.43309876322746277,0.2684148848056793,0.014051558449864388,0.08224604278802872,0.20218870043754578
CH,21,220817_HOBIC22_5Spezies_FISH_Tag21,3,16,0.6956521739130435,0.27360835671424866,0.2602061927318573,0.18909896910190582,0.10059920698404312,0.17648735642433167
CH,21,240416_HOBIC22_5Spezies_FISH_Tag21,3,16,0.9411764705882353,0.49508553743362427,0.26439031958580017,0.0060803950764238834,0.06450417637825012,0.1699395477771759
CH,21,220817_HOBIC22_5Spezies_FISH_Tag21,3,17,0.7391304347826086,0.28050747513771057,0.25991734862327576,0.1803666353225708,0.0956849455833435,0.18352355062961578
CH,21,240416_HOBIC22_5Spezies_FISH_Tag21,3,17,1.0,0.5838915705680847,0.2374560385942459,0.0032278720755130053,0.0472438707947731,0.12818051874637604
CH,21,220817_HOBIC22_5Spezies_FISH_Tag21,3,18,0.782608695652174,0.3048197031021118,0.2597503066062927,0.16326095163822174,0.08720459789037704,0.18496446311473846
CH,21,220817_HOBIC22_5Spezies_FISH_Tag21,3,19,0.8260869565217391,0.3280090391635895,0.2576408088207245,0.14101645350456238,0.07583367824554443,0.19750002026557922
CH,21,220817_HOBIC22_5Spezies_FISH_Tag21,3,20,0.8695652173913043,0.35580235719680786,0.25265905261039734,0.12087609618902206,0.06686144322156906,0.20380106568336487
CH,21,220817_HOBIC22_5Spezies_FISH_Tag21,3,21,0.9130434782608695,0.36477410793304443,0.24741338193416595,0.11520546674728394,0.0646272525191307,0.20797987282276154
CH,21,220817_HOBIC22_5Spezies_FISH_Tag21,3,22,0.9565217391304348,0.3699806332588196,0.24891342222690582,0.11104848235845566,0.06312312185764313,0.20693431794643402
CH,21,220817_HOBIC22_5Spezies_FISH_Tag21,3,23,1.0,0.3717004358768463,0.2443772256374359,0.11064139008522034,0.06278455257415771,0.21049639582633972
CH,21,240416_HOBIC22_5Spezies_FISH_Tag21,4,0,0.0,0.5273882150650024,0.26310402154922485,0.0034398578573018312,0.03977943956851959,0.16628848016262054
CH,21,240416_HOBIC22_5Spezies_FISH_Tag21,4,1,0.058823529411764705,0.44533824920654297,0.2751881182193756,0.005099155940115452,0.0540676973760128,0.22030672430992126
CH,21,240416_HOBIC22_5Spezies_FISH_Tag21,4,2,0.11764705882352941,0.3188289403915405,0.3063417673110962,0.021577874198555946,0.07487310469150543,0.27837836742401123
CH,21,240416_HOBIC22_5Spezies_FISH_Tag21,4,3,0.17647058823529413,0.23855848610401154,0.3004857301712036,0.08612651377916336,0.09431353211402893,0.28051573038101196
CH,21,240416_HOBIC22_5Spezies_FISH_Tag21,4,4,0.23529411764705882,0.21308548748493195,0.2858124375343323,0.1385408490896225,0.11422562599182129,0.24833567440509796
CH,21,240416_HOBIC22_5Spezies_FISH_Tag21,4,5,0.29411764705882354,0.1827319860458374,0.27659428119659424,0.17585164308547974,0.12500935792922974,0.2398127168416977
CH,21,240416_HOBIC22_5Spezies_FISH_Tag21,4,6,0.35294117647058826,0.16695339977741241,0.2733168601989746,0.20068590342998505,0.12742382287979126,0.23162001371383667
CH,21,240416_HOBIC22_5Spezies_FISH_Tag21,4,7,0.4117647058823529,0.17598462104797363,0.27588793635368347,0.19186103343963623,0.1292399764060974,0.2270263433456421
CH,21,240416_HOBIC22_5Spezies_FISH_Tag21,4,8,0.47058823529411764,0.20418232679367065,0.285500705242157,0.1567983627319336,0.13244473934173584,0.22107388079166412
CH,21,240416_HOBIC22_5Spezies_FISH_Tag21,4,9,0.5294117647058824,0.23946045339107513,0.29274824261665344,0.12457147240638733,0.12992869317531586,0.21329109370708466
CH,21,240416_HOBIC22_5Spezies_FISH_Tag21,4,10,0.5882352941176471,0.2698793411254883,0.29259711503982544,0.10265354812145233,0.12480603158473969,0.21006394922733307
CH,21,240416_HOBIC22_5Spezies_FISH_Tag21,4,11,0.6470588235294118,0.28290677070617676,0.29260095953941345,0.09209531545639038,0.1196957528591156,0.21270117163658142
CH,21,240416_HOBIC22_5Spezies_FISH_Tag21,4,12,0.7058823529411765,0.27572694420814514,0.29165416955947876,0.07859943807125092,0.11799453943967819,0.2360248565673828
CH,21,240416_HOBIC22_5Spezies_FISH_Tag21,4,13,0.7647058823529411,0.2353047877550125,0.31274187564849854,0.061434097588062286,0.11273160576820374,0.2777876555919647
CH,21,240416_HOBIC22_5Spezies_FISH_Tag21,4,14,0.8235294117647058,0.2558845579624176,0.3321956992149353,0.039832357317209244,0.10090716183185577,0.27118027210235596
CH,21,240416_HOBIC22_5Spezies_FISH_Tag21,4,15,0.8823529411764706,0.3534296751022339,0.323211669921875,0.01965964026749134,0.07733961939811707,0.22635942697525024
CH,21,240416_HOBIC22_5Spezies_FISH_Tag21,4,16,0.9411764705882353,0.3972712755203247,0.3103693723678589,0.010493665933609009,0.06494253128767014,0.21692310273647308
CH,21,240416_HOBIC22_5Spezies_FISH_Tag21,4,17,1.0,0.4659883677959442,0.301439106464386,0.00453247781842947,0.04986514151096344,0.17817486822605133
CH,21,240416_HOBIC22_5Spezies_FISH_Tag21,5,0,0.0,0.6047663688659668,0.22407224774360657,0.0037625024560838938,0.04402570426464081,0.1233731135725975
CH,21,240416_HOBIC22_5Spezies_FISH_Tag21,5,1,0.0625,0.5321930646896362,0.2399698942899704,0.004477821756154299,0.05868785083293915,0.164671391248703
CH,21,240416_HOBIC22_5Spezies_FISH_Tag21,5,2,0.125,0.3841952085494995,0.27661463618278503,0.016914721578359604,0.08531036227941513,0.23696504533290863
CH,21,240416_HOBIC22_5Spezies_FISH_Tag21,5,3,0.1875,0.2524392008781433,0.2857203185558319,0.095283642411232,0.10833952575922012,0.25821730494499207
CH,21,240416_HOBIC22_5Spezies_FISH_Tag21,5,4,0.25,0.20228330790996552,0.2538699209690094,0.18288946151733398,0.12684424221515656,0.23411299288272858
CH,21,240416_HOBIC22_5Spezies_FISH_Tag21,5,5,0.3125,0.15609289705753326,0.2430621236562729,0.22580544650554657,0.13910317420959473,0.23593635857105255
CH,21,240416_HOBIC22_5Spezies_FISH_Tag21,5,6,0.375,0.16928665339946747,0.24916625022888184,0.2130345106124878,0.14240524172782898,0.22610734403133392
CH,21,240416_HOBIC22_5Spezies_FISH_Tag21,5,7,0.4375,0.22059057652950287,0.26683157682418823,0.15066379308700562,0.13653218746185303,0.22538194060325623
CH,21,240416_HOBIC22_5Spezies_FISH_Tag21,5,8,0.5,0.2755511403083801,0.2817608714103699,0.09316972643136978,0.12178929150104523,0.22772905230522156
CH,21,240416_HOBIC22_5Spezies_FISH_Tag21,5,9,0.5625,0.3390561044216156,0.28594890236854553,0.050895459949970245,0.10325314104557037,0.22084636986255646
CH,21,240416_HOBIC22_5Spezies_FISH_Tag21,5,10,0.625,0.3876863420009613,0.27750903367996216,0.030351869761943817,0.08949266374111176,0.21496014297008514
CH,21,240416_HOBIC22_5Spezies_FISH_Tag21,5,11,0.6875,0.42794156074523926,0.2714705467224121,0.02018143981695175,0.07885070145130157,0.20155571401119232
CH,21,240416_HOBIC22_5Spezies_FISH_Tag21,5,12,0.75,0.4480627775192261,0.2596608102321625,0.013322250917553902,0.07428985089063644,0.20466426014900208
CH,21,240416_HOBIC22_5Spezies_FISH_Tag21,5,13,0.8125,0.38543325662612915,0.27500563859939575,0.011316982097923756,0.0828089788556099,0.24543511867523193
CH,21,240416_HOBIC22_5Spezies_FISH_Tag21,5,14,0.875,0.31568121910095215,0.35086557269096375,0.011303719133138657,0.08156142383813858,0.24058803915977478
CH,21,240416_HOBIC22_5Spezies_FISH_Tag21,5,15,0.9375,0.3878934979438782,0.2689552903175354,0.006451013498008251,0.08108106255531311,0.25561919808387756
CH,21,240416_HOBIC22_5Spezies_FISH_Tag21,5,16,1.0,0.4494445025920868,0.26482146978378296,0.00462046405300498,0.06805235147476196,0.21306118369102478
CH,21,240416_HOBIC22_5Spezies_FISH_Tag21,6,0,0.0,0.6389186978340149,0.2570594251155853,0.0042812698520720005,0.03465348854660988,0.06508705765008926
CH,21,240416_HOBIC22_5Spezies_FISH_Tag21,6,1,0.08333333333333333,0.5915911793708801,0.2746599614620209,0.0059075504541397095,0.04362699016928673,0.08421430736780167
CH,21,240416_HOBIC22_5Spezies_FISH_Tag21,6,2,0.16666666666666666,0.4675752818584442,0.3232422173023224,0.01567910797894001,0.0656101331114769,0.12789323925971985
CH,21,240416_HOBIC22_5Spezies_FISH_Tag21,6,3,0.25,0.3081320822238922,0.3350719213485718,0.08572859317064285,0.09646214544773102,0.17460516095161438
CH,21,240416_HOBIC22_5Spezies_FISH_Tag21,6,4,0.3333333333333333,0.22799883782863617,0.29406923055648804,0.17041818797588348,0.1227993294596672,0.18471449613571167
CH,21,240416_HOBIC22_5Spezies_FISH_Tag21,6,5,0.4166666666666667,0.17371203005313873,0.27910158038139343,0.21616441011428833,0.14473038911819458,0.18629159033298492
CH,21,240416_HOBIC22_5Spezies_FISH_Tag21,6,6,0.5,0.13593801856040955,0.2732778787612915,0.2481282651424408,0.1564469337463379,0.18620893359184265
CH,21,240416_HOBIC22_5Spezies_FISH_Tag21,6,7,0.5833333333333334,0.15872614085674286,0.28070560097694397,0.22233836352825165,0.1555565893650055,0.18267333507537842
CH,21,240416_HOBIC22_5Spezies_FISH_Tag21,6,8,0.6666666666666666,0.22909532487392426,0.2998843789100647,0.15012097358703613,0.1436803638935089,0.1772189885377884
CH,21,240416_HOBIC22_5Spezies_FISH_Tag21,6,9,0.75,0.30361223220825195,0.3154260218143463,0.08428341150283813,0.12024122476577759,0.176437109708786
CH,21,240416_HOBIC22_5Spezies_FISH_Tag21,6,10,0.8333333333333334,0.37671834230422974,0.3150556981563568,0.03704109042882919,0.10169264674186707,0.1694922298192978
CH,21,240416_HOBIC22_5Spezies_FISH_Tag21,6,11,0.9166666666666666,0.4236631393432617,0.2988491356372833,0.02126641571521759,0.09145254641771317,0.16476884484291077
CH,21,240416_HOBIC22_5Spezies_FISH_Tag21,6,12,1.0,0.44799426198005676,0.28900957107543945,0.014142544940114021,0.08428572118282318,0.16456790268421173
CH,21,240416_HOBIC22_5Spezies_FISH_Tag21,7,0,0.0,0.6679997444152832,0.2673874795436859,0.0047874534502625465,0.022118380293250084,0.03770684823393822
CH,21,240416_HOBIC22_5Spezies_FISH_Tag21,7,1,0.09090909090909091,0.613521933555603,0.2977612614631653,0.005890996661037207,0.03086060844361782,0.051965225487947464
CH,21,240416_HOBIC22_5Spezies_FISH_Tag21,7,2,0.18181818181818182,0.4862687587738037,0.34516966342926025,0.023965178057551384,0.05418536439538002,0.0904109850525856
CH,21,240416_HOBIC22_5Spezies_FISH_Tag21,7,3,0.2727272727272727,0.29960137605667114,0.32871466875076294,0.1241317018866539,0.0956607386469841,0.15189151465892792
CH,21,240416_HOBIC22_5Spezies_FISH_Tag21,7,4,0.36363636363636365,0.20113404095172882,0.2847127318382263,0.21303968131542206,0.12802477180957794,0.17308874428272247
CH,21,240416_HOBIC22_5Spezies_FISH_Tag21,7,5,0.45454545454545453,0.1453784853219986,0.26706990599632263,0.25290647149086,0.15183952450752258,0.1828056275844574
CH,21,240416_HOBIC22_5Spezies_FISH_Tag21,7,6,0.5454545454545454,0.16857032477855682,0.27421462535858154,0.23020224273204803,0.1545781046152115,0.17243467271327972
CH,21,240416_HOBIC22_5Spezies_FISH_Tag21,7,7,0.6363636363636364,0.26671192049980164,0.30700668692588806,0.14295145869255066,0.13174787163734436,0.15158207714557648
CH,21,240416_HOBIC22_5Spezies_FISH_Tag21,7,8,0.7272727272727273,0.3668108582496643,0.33548179268836975,0.0720958486199379,0.09697666019201279,0.1286347210407257
CH,21,240416_HOBIC22_5Spezies_FISH_Tag21,7,9,0.8181818181818182,0.4647218883037567,0.33419591188430786,0.027908528223633766,0.06884076446294785,0.10433290153741837
CH,21,240416_HOBIC22_5Spezies_FISH_Tag21,7,10,0.9090909090909091,0.5219152569770813,0.32377034425735474,0.014865794219076633,0.0537673681974411,0.08568122982978821
CH,21,240416_HOBIC22_5Spezies_FISH_Tag21,7,11,1.0,0.5516006350517273,0.31212732195854187,0.011098342947661877,0.04608656466007233,0.07908716797828674
CH,21,240416_HOBIC22_5Spezies_FISH_Tag21,8,0,0.0,0.6184109449386597,0.22855648398399353,0.0040146359242498875,0.037740230560302734,0.1112777516245842
CH,21,240416_HOBIC22_5Spezies_FISH_Tag21,8,1,0.06666666666666667,0.5943068861961365,0.23408626019954681,0.004508377518504858,0.04671633243560791,0.12038208544254303
CH,21,240416_HOBIC22_5Spezies_FISH_Tag21,8,2,0.13333333333333333,0.5013360381126404,0.26041731238365173,0.005945765879005194,0.06533440947532654,0.16696640849113464
CH,21,240416_HOBIC22_5Spezies_FISH_Tag21,8,3,0.2,0.3534841239452362,0.3040860593318939,0.02905304543673992,0.09519736468791962,0.21817947924137115
CH,21,240416_HOBIC22_5Spezies_FISH_Tag21,8,4,0.26666666666666666,0.258897989988327,0.2800677716732025,0.11503582447767258,0.12116219103336334,0.22483618557453156
CH,21,240416_HOBIC22_5Spezies_FISH_Tag21,8,5,0.3333333333333333,0.20205728709697723,0.2586826980113983,0.1923878788948059,0.13855816423892975,0.2083139568567276
CH,21,240416_HOBIC22_5Spezies_FISH_Tag21,8,6,0.4,0.15180355310440063,0.2483072131872177,0.24646763503551483,0.1464688628911972,0.20695272088050842
CH,21,240416_HOBIC22_5Spezies_FISH_Tag21,8,7,0.4666666666666667,0.15141452848911285,0.25075405836105347,0.24405469000339508,0.14509227871894836,0.20868438482284546
CH,21,240416_HOBIC22_5Spezies_FISH_Tag21,8,8,0.5333333333333333,0.1925845891237259,0.26925843954086304,0.1796998232603073,0.14294934272766113,0.21550774574279785
CH,21,240416_HOBIC22_5Spezies_FISH_Tag21,8,9,0.6,0.2375239133834839,0.28088024258613586,0.12907958030700684,0.1336250752210617,0.2188912332057953
CH,21,240416_HOBIC22_5Spezies_FISH_Tag21,8,10,0.6666666666666666,0.27795690298080444,0.2805418074131012,0.09284713864326477,0.12735162675380707,0.22130253911018372
CH,21,240416_HOBIC22_5Spezies_FISH_Tag21,8,11,0.7333333333333333,0.31544527411460876,0.27380847930908203,0.06468414515256882,0.12091585993766785,0.22514626383781433
CH,21,240416_HOBIC22_5Spezies_FISH_Tag21,8,12,0.8,0.3459615707397461,0.26931843161582947,0.039161112159490585,0.11197692155838013,0.23358194530010223
CH,21,240416_HOBIC22_5Spezies_FISH_Tag21,8,13,0.8666666666666667,0.34300506114959717,0.2681873142719269,0.02354501374065876,0.10725215077400208,0.2580104172229767
CH,21,240416_HOBIC22_5Spezies_FISH_Tag21,8,14,0.9333333333333333,0.2987631857395172,0.32896852493286133,0.013497291132807732,0.09899068623781204,0.25978022813796997
CH,21,240416_HOBIC22_5Spezies_FISH_Tag21,8,15,1.0,0.37776726484298706,0.2676911950111389,0.009437190368771553,0.09265078604221344,0.2524535655975342
CH,21,240416_HOBIC22_5Spezies_FISH_Tag21,9,0,0.0,0.7233935594558716,0.17850863933563232,0.0023673088289797306,0.02925673872232437,0.06647378206253052
CH,21,240416_HOBIC22_5Spezies_FISH_Tag21,9,1,0.05555555555555555,0.6913570761680603,0.1895429939031601,0.0029728931840509176,0.035140957683324814,0.0809861347079277
CH,21,240416_HOBIC22_5Spezies_FISH_Tag21,9,2,0.1111111111111111,0.614567220211029,0.219499871134758,0.00542972469702363,0.046301402151584625,0.11420176923274994
CH,21,240416_HOBIC22_5Spezies_FISH_Tag21,9,3,0.16666666666666666,0.4583631455898285,0.2660340368747711,0.014582835137844086,0.07240425795316696,0.18861578404903412
CH,21,240416_HOBIC22_5Spezies_FISH_Tag21,9,4,0.2222222222222222,0.2958563566207886,0.2934333384037018,0.09701182693243027,0.10029958188533783,0.21339888870716095
CH,21,240416_HOBIC22_5Spezies_FISH_Tag21,9,5,0.2777777777777778,0.21082423627376556,0.25747454166412354,0.207395538687706,0.11191122233867645,0.21239446103572845
CH,21,240416_HOBIC22_5Spezies_FISH_Tag21,9,6,0.3333333333333333,0.18403619527816772,0.24937111139297485,0.234575092792511,0.12162947654724121,0.21038804948329926
CH,21,240416_HOBIC22_5Spezies_FISH_Tag21,9,7,0.3888888888888889,0.23057344555854797,0.2632937431335449,0.18726128339767456,0.1186012551188469,0.20027035474777222
CH,21,240416_HOBIC22_5Spezies_FISH_Tag21,9,8,0.4444444444444444,0.3031415045261383,0.2814044654369354,0.11860739439725876,0.10791495442390442,0.18893170356750488
CH,21,240416_HOBIC22_5Spezies_FISH_Tag21,9,9,0.5,0.40138769149780273,0.2786412239074707,0.059718985110521317,0.09487376362085342,0.16537828743457794
CH,21,240416_HOBIC22_5Spezies_FISH_Tag21,9,10,0.5555555555555556,0.4776661694049835,0.26538506150245667,0.03032637946307659,0.07770609110593796,0.14891624450683594
CH,21,240416_HOBIC22_5Spezies_FISH_Tag21,9,11,0.6111111111111112,0.538013756275177,0.2492460161447525,0.017023582011461258,0.06486108899116516,0.1308554857969284
CH,21,240416_HOBIC22_5Spezies_FISH_Tag21,9,12,0.6666666666666666,0.599330723285675,0.2284054160118103,0.008298135362565517,0.05648895353078842,0.10747671127319336
CH,21,240416_HOBIC22_5Spezies_FISH_Tag21,9,13,0.7222222222222222,0.6344643831253052,0.21026355028152466,0.006261370610445738,0.04955223947763443,0.09945855289697647
CH,21,240416_HOBIC22_5Spezies_FISH_Tag21,9,14,0.7777777777777778,0.5829761028289795,0.22083015739917755,0.005396950989961624,0.0611959844827652,0.12960077822208405
CH,21,240416_HOBIC22_5Spezies_FISH_Tag21,9,15,0.8333333333333334,0.43648186326026917,0.3028706908226013,0.011878358200192451,0.07632313668727875,0.17244590818881989
CH,21,240416_HOBIC22_5Spezies_FISH_Tag21,9,16,0.8888888888888888,0.496757835149765,0.2515656054019928,0.010278446599841118,0.07419335097074509,0.16720479726791382
CH,21,240416_HOBIC22_5Spezies_FISH_Tag21,9,17,0.9444444444444444,0.5998504161834717,0.2286190241575241,0.0035996113438159227,0.05350029841065407,0.11443059891462326
CH,21,240416_HOBIC22_5Spezies_FISH_Tag21,9,18,1.0,0.6125816702842712,0.21882660686969757,0.002669394016265869,0.051286228001117706,0.1146361380815506
CH,21,240416_HOBIC22_5Spezies_FISH_Tag21,10,0,0.0,0.48160821199417114,0.27948570251464844,0.011197236366569996,0.062220145016908646,0.16548874974250793
CH,21,240416_HOBIC22_5Spezies_FISH_Tag21,10,1,0.14285714285714285,0.3824605345726013,0.31446439027786255,0.034490909427404404,0.07815022766590118,0.19043400883674622
CH,21,240416_HOBIC22_5Spezies_FISH_Tag21,10,2,0.2857142857142857,0.27657410502433777,0.31722018122673035,0.0978052094578743,0.09120699018239975,0.2171935737133026
CH,21,240416_HOBIC22_5Spezies_FISH_Tag21,10,3,0.42857142857142855,0.2138834446668625,0.29043981432914734,0.1620856523513794,0.11075301468372345,0.22283805906772614
CH,21,240416_HOBIC22_5Spezies_FISH_Tag21,10,4,0.5714285714285714,0.21913589537143707,0.2925795018672943,0.15182648599147797,0.11827309429645538,0.21818503737449646
CH,21,240416_HOBIC22_5Spezies_FISH_Tag21,10,5,0.7142857142857143,0.2977086901664734,0.31656455993652344,0.08740805834531784,0.10682754963636398,0.19149121642112732
CH,21,240416_HOBIC22_5Spezies_FISH_Tag21,10,6,0.8571428571428571,0.37490683794021606,0.32318732142448425,0.04316139593720436,0.0861353650689125,0.17260907590389252
CH,21,240416_HOBIC22_5Spezies_FISH_Tag21,10,7,1.0,0.44677725434303284,0.309603750705719,0.021000953391194344,0.0685066431760788,0.15411143004894257
CH,21,240416_HOBIC22_5Spezies_FISH_Tag21,11,0,0.0,0.7160291075706482,0.18084965646266937,0.002214439446106553,0.03358759731054306,0.06731916218996048
CH,21,240416_HOBIC22_5Spezies_FISH_Tag21,11,1,0.07692307692307693,0.6957154870033264,0.18364350497722626,0.003788671223446727,0.03983095660805702,0.0770212858915329
CH,21,240416_HOBIC22_5Spezies_FISH_Tag21,11,2,0.15384615384615385,0.6397443413734436,0.2035704404115677,0.005404570139944553,0.05030686408281326,0.10097372531890869
CH,21,240416_HOBIC22_5Spezies_FISH_Tag21,11,3,0.23076923076923078,0.5115838646888733,0.24463589489459991,0.01098073460161686,0.07720883935689926,0.1555907428264618
CH,21,240416_HOBIC22_5Spezies_FISH_Tag21,11,4,0.3076923076923077,0.27652278542518616,0.3045992851257324,0.07726180553436279,0.1106044128537178,0.23101165890693665
CH,21,240416_HOBIC22_5Spezies_FISH_Tag21,11,5,0.38461538461538464,0.1654975563287735,0.26261284947395325,0.209828183054924,0.1220599114894867,0.24000146985054016
CH,21,240416_HOBIC22_5Spezies_FISH_Tag21,11,6,0.46153846153846156,0.17405356466770172,0.2592637240886688,0.21179062128067017,0.13556253910064697,0.2193295955657959
CH,21,240416_HOBIC22_5Spezies_FISH_Tag21,11,7,0.5384615384615384,0.22684603929519653,0.279340922832489,0.14434821903705597,0.13706642389297485,0.21239839494228363
CH,21,240416_HOBIC22_5Spezies_FISH_Tag21,11,8,0.6153846153846154,0.3031931519508362,0.29332777857780457,0.08061245828866959,0.12382015585899353,0.1990465372800827
CH,21,240416_HOBIC22_5Spezies_FISH_Tag21,11,9,0.6923076923076923,0.38656094670295715,0.287051260471344,0.037121016532182693,0.106547512114048,0.18271927535533905
CH,21,240416_HOBIC22_5Spezies_FISH_Tag21,11,10,0.7692307692307693,0.4553734362125397,0.26835253834724426,0.018367908895015717,0.09255611896514893,0.16535000503063202
CH,21,240416_HOBIC22_5Spezies_FISH_Tag21,11,11,0.8461538461538461,0.5016061067581177,0.2552405893802643,0.011434618383646011,0.08092256635427475,0.15079613029956818
CH,21,240416_HOBIC22_5Spezies_FISH_Tag21,11,12,0.9230769230769231,0.5442835688591003,0.23473845422267914,0.009097138419747353,0.0729428231716156,0.1389380246400833
CH,21,240416_HOBIC22_5Spezies_FISH_Tag21,11,13,1.0,0.5754994750022888,0.21972614526748657,0.006254211068153381,0.06720499694347382,0.13131514191627502
DH,1,241203_HOBIC24_5Spezies_FISH_Tag1,0,0,0.0,0.7198819518089294,0.19923919439315796,0.04551396891474724,0.01714404672384262,0.01822087913751602
DH,1,241203_HOBIC24_5Spezies_FISH_Tag1,0,1,0.08333333333333333,0.6589657664299011,0.22538147866725922,0.06596432626247406,0.02511366456747055,0.024574823677539825
DH,1,241203_HOBIC24_5Spezies_FISH_Tag1,0,2,0.16666666666666666,0.4974167048931122,0.287678599357605,0.1096590980887413,0.05621325969696045,0.04903231933712959
DH,1,241203_HOBIC24_5Spezies_FISH_Tag1,0,3,0.25,0.11292266845703125,0.40447884798049927,0.14364691078662872,0.17469185590744019,0.16425970196723938
DH,1,241203_HOBIC24_5Spezies_FISH_Tag1,0,4,0.3333333333333333,0.06223059445619583,0.3941265344619751,0.18120692670345306,0.20073841512203217,0.16169743239879608
DH,1,241203_HOBIC24_5Spezies_FISH_Tag1,0,5,0.4166666666666667,0.33912673592567444,0.22657495737075806,0.2809673249721527,0.11138273030519485,0.041948359459638596
DH,1,241203_HOBIC24_5Spezies_FISH_Tag1,0,6,0.5,0.456167072057724,0.18307039141654968,0.2657463252544403,0.07154245674610138,0.023473745211958885
DH,1,241203_HOBIC24_5Spezies_FISH_Tag1,0,7,0.5833333333333334,0.5071864128112793,0.18374240398406982,0.2264726310968399,0.061316296458244324,0.021282246336340904
DH,1,241203_HOBIC24_5Spezies_FISH_Tag1,0,8,0.6666666666666666,0.5768703818321228,0.1815439611673355,0.1724451333284378,0.048888448625802994,0.02025211602449417
DH,1,241203_HOBIC24_5Spezies_FISH_Tag1,0,9,0.75,0.6608850359916687,0.16891798377037048,0.11900129914283752,0.035269591957330704,0.015926070511341095
DH,1,241203_HOBIC24_5Spezies_FISH_Tag1,0,10,0.8333333333333334,0.764346182346344,0.1541193425655365,0.05336111783981323,0.018134482204914093,0.010038940235972404
DH,1,241203_HOBIC24_5Spezies_FISH_Tag1,0,11,0.9166666666666666,0.8129002451896667,0.14714562892913818,0.02051370032131672,0.010083449073135853,0.0093569690361619
DH,1,241203_HOBIC24_5Spezies_FISH_Tag1,0,12,1.0,0.8365550637245178,0.13714437186717987,0.009422700852155685,0.00786061305552721,0.009017243050038815
DH,1,241203_HOBIC24_5Spezies_FISH_Tag1,1,0,0.0,0.701164960861206,0.19539909064769745,0.05742139741778374,0.02451033517718315,0.021504182368516922
DH,1,241203_HOBIC24_5Spezies_FISH_Tag1,1,1,0.09090909090909091,0.6563891768455505,0.2072666436433792,0.07724575698375702,0.032169513404369354,0.026928961277008057
DH,1,241203_HOBIC24_5Spezies_FISH_Tag1,1,2,0.18181818181818182,0.5453932285308838,0.23968546092510223,0.12364409118890762,0.053183864802122116,0.03809329494833946
DH,1,241203_HOBIC24_5Spezies_FISH_Tag1,1,3,0.2727272727272727,0.24745897948741913,0.3509696125984192,0.17576059699058533,0.15411730110645294,0.07169347256422043
DH,1,241203_HOBIC24_5Spezies_FISH_Tag1,1,4,0.36363636363636365,0.10342492908239365,0.40605902671813965,0.18685121834278107,0.2117723673582077,0.09189237654209137
DH,1,241203_HOBIC24_5Spezies_FISH_Tag1,1,5,0.45454545454545453,0.30924707651138306,0.26594704389572144,0.23876802623271942,0.13746951520442963,0.048568304628133774
DH,1,241203_HOBIC24_5Spezies_FISH_Tag1,1,6,0.5454545454545454,0.43896886706352234,0.22975516319274902,0.21006783843040466,0.08397819846868515,0.03722996264696121
DH,1,241203_HOBIC24_5Spezies_FISH_Tag1,1,7,0.6363636363636364,0.5069265365600586,0.23252135515213013,0.1546090990304947,0.07270803302526474,0.03323492780327797
DH,1,241203_HOBIC24_5Spezies_FISH_Tag1,1,8,0.7272727272727273,0.6018034815788269,0.23444882035255432,0.0880754292011261,0.05157347023487091,0.024098791182041168
DH,1,241203_HOBIC24_5Spezies_FISH_Tag1,1,9,0.8181818181818182,0.6775467395782471,0.23463726043701172,0.03824383392930031,0.030025705695152283,0.01954646408557892
DH,1,241203_HOBIC24_5Spezies_FISH_Tag1,1,10,0.9090909090909091,0.7137930393218994,0.229236900806427,0.01902991533279419,0.021741123870015144,0.016199031844735146
DH,1,241203_HOBIC24_5Spezies_FISH_Tag1,1,11,1.0,0.7274584770202637,0.2271169126033783,0.010881591588258743,0.018780652433633804,0.015762388706207275
DH,1,241203_HOBIC24_5Spezies_FISH_Tag1,2,0,0.0,0.7986752390861511,0.14757013320922852,0.029056916013360023,0.015608171001076698,0.009089595638215542
DH,1,241203_HOBIC24_5Spezies_FISH_Tag1,2,1,0.02857142857142857,0.7878109812736511,0.15310384333133698,0.031631387770175934,0.016987208276987076,0.010466670617461205
DH,1,241203_HOBIC24_5Spezies_FISH_Tag1,2,2,0.05714285714285714,0.774541437625885,0.1607089787721634,0.03588898852467537,0.018137410283088684,0.010723172686994076
DH,1,241203_HOBIC24_5Spezies_FISH_Tag1,2,3,0.08571428571428572,0.760550856590271,0.16647498309612274,0.040668439120054245,0.0202986691147089,0.01200706884264946
DH,1,241203_HOBIC24_5Spezies_FISH_Tag1,2,4,0.11428571428571428,0.7381865978240967,0.17786477506160736,0.047272391617298126,0.023297199979424477,0.01337901409715414
DH,1,241203_HOBIC24_5Spezies_FISH_Tag1,2,5,0.14285714285714285,0.7183611392974854,0.18480749428272247,0.055148109793663025,0.02648104354739189,0.01520213857293129
DH,1,241203_HOBIC24_5Spezies_FISH_Tag1,2,6,0.17142857142857143,0.6882668137550354,0.19993114471435547,0.06423517316579819,0.03069843351840973,0.016868403181433678
DH,1,241203_HOBIC24_5Spezies_FISH_Tag1,2,7,0.2,0.6514842510223389,0.2141038179397583,0.07624378055334091,0.03762601688504219,0.02054208144545555
DH,1,241203_HOBIC24_5Spezies_FISH_Tag1,2,8,0.22857142857142856,0.5986669063568115,0.23667345941066742,0.09101254492998123,0.04828735813498497,0.02535969391465187
DH,1,241203_HOBIC24_5Spezies_FISH_Tag1,2,9,0.2571428571428571,0.5129048228263855,0.2721906304359436,0.11072620749473572,0.06976331770420074,0.034414954483509064
DH,1,241203_HOBIC24_5Spezies_FISH_Tag1,2,10,0.2857142857142857,0.3971368074417114,0.3163905441761017,0.12808646261692047,0.10755155235528946,0.050834596157073975
DH,1,241203_HOBIC24_5Spezies_FISH_Tag1,2,11,0.3142857142857143,0.24589130282402039,0.3732996881008148,0.1357881873846054,0.16209770739078522,0.08292319625616074
DH,1,241203_HOBIC24_5Spezies_FISH_Tag1,2,12,0.34285714285714286,0.11915407329797745,0.4126719534397125,0.13787560164928436,0.20842894911766052,0.12186941504478455
DH,1,241203_HOBIC24_5Spezies_FISH_Tag1,2,13,0.37142857142857144,0.06034738942980766,0.42912185192108154,0.13867861032485962,0.22513172030448914,0.1467205137014389
DH,1,241203_HOBIC24_5Spezies_FISH_Tag1,2,14,0.4,0.06202898547053337,0.4243117570877075,0.15084421634674072,0.23148192465305328,0.1313330978155136
DH,1,241203_HOBIC24_5Spezies_FISH_Tag1,2,15,0.42857142857142855,0.11536595225334167,0.3882844150066376,0.17125633358955383,0.2257988303899765,0.09929439425468445
DH,1,241203_HOBIC24_5Spezies_FISH_Tag1,2,16,0.45714285714285713,0.20823857188224792,0.3231751620769501,0.19846604764461517,0.2012168914079666,0.068903349339962
DH,1,241203_HOBIC24_5Spezies_FISH_Tag1,2,17,0.4857142857142857,0.31822893023490906,0.2751644551753998,0.21858073770999908,0.15090517699718475,0.037120576947927475
DH,1,241203_HOBIC24_5Spezies_FISH_Tag1,2,18,0.5142857142857142,0.39427292346954346,0.2329947054386139,0.22591295838356018,0.1188126653432846,0.028006751090288162
DH,1,241203_HOBIC24_5Spezies_FISH_Tag1,2,19,0.5428571428571428,0.44349271059036255,0.2137366682291031,0.22109434008598328,0.0985269695520401,0.023149345070123672
DH,1,241203_HOBIC24_5Spezies_FISH_Tag1,2,20,0.5714285714285714,0.47377198934555054,0.20428688824176788,0.21241246163845062,0.08776810020208359,0.021760493516921997
DH,1,241203_HOBIC24_5Spezies_FISH_Tag1,2,21,0.6,0.4965987205505371,0.2016756683588028,0.19980226457118988,0.08147010207176208,0.02045324631035328
DH,1,241203_HOBIC24_5Spezies_FISH_Tag1,2,22,0.6285714285714286,0.5141037106513977,0.20427829027175903,0.18384228646755219,0.07845359295606613,0.019322169944643974
DH,1,241203_HOBIC24_5Spezies_FISH_Tag1,2,23,0.6571428571428571,0.5343782305717468,0.20490552484989166,0.1677527278661728,0.07517800480127335,0.01778547279536724
DH,1,241203_HOBIC24_5Spezies_FISH_Tag1,2,24,0.6857142857142857,0.553303599357605,0.20903661847114563,0.14926692843437195,0.0718921422958374,0.016500771045684814
DH,1,241203_HOBIC24_5Spezies_FISH_Tag1,2,25,0.7142857142857143,0.580269455909729,0.21213972568511963,0.12707965075969696,0.06584319472312927,0.014667882584035397
DH,1,241203_HOBIC24_5Spezies_FISH_Tag1,2,26,0.7428571428571429,0.610088050365448,0.2140524685382843,0.10274266451597214,0.059002865105867386,0.014113950543105602
DH,1,241203_HOBIC24_5Spezies_FISH_Tag1,2,27,0.7714285714285715,0.6373276710510254,0.21838240325450897,0.07819733023643494,0.05233560502529144,0.013757027685642242
DH,1,241203_HOBIC24_5Spezies_FISH_Tag1,2,28,0.8,0.6559915542602539,0.22402323782444,0.059634730219841,0.046349938958883286,0.01400055456906557
DH,1,241203_HOBIC24_5Spezies_FISH_Tag1,2,29,0.8285714285714286,0.6742628216743469,0.22374412417411804,0.04572134092450142,0.04138701409101486,0.014884699136018753
DH,1,241203_HOBIC24_5Spezies_FISH_Tag1,2,30,0.8571428571428571,0.6850937604904175,0.2250305861234665,0.0354766882956028,0.038693707436323166,0.01570531167089939
DH,1,241203_HOBIC24_5Spezies_FISH_Tag1,2,31,0.8857142857142857,0.6900847554206848,0.22857998311519623,0.028367795050144196,0.03660240396857262,0.01636507920920849
DH,1,241203_HOBIC24_5Spezies_FISH_Tag1,2,32,0.9142857142857143,0.701085090637207,0.22271354496479034,0.023012137040495872,0.03564726933836937,0.01754201576113701
DH,1,241203_HOBIC24_5Spezies_FISH_Tag1,2,33,0.9428571428571428,0.7039642930030823,0.22577613592147827,0.018672257661819458,0.03387312591075897,0.01771410182118416
DH,1,241203_HOBIC24_5Spezies_FISH_Tag1,2,34,0.9714285714285714,0.7057291865348816,0.22788885235786438,0.015560224652290344,0.03266092389822006,0.01816079579293728
DH,1,241203_HOBIC24_5Spezies_FISH_Tag1,2,35,1.0,0.7088985443115234,0.22619615495204926,0.013361658900976181,0.03255593404173851,0.018987713381648064
DH,1,241203_HOBIC24_5Spezies_FISH_Tag1,3,0,0.0,0.3268798887729645,0.3196125030517578,0.09014483541250229,0.1568099409341812,0.10655282437801361
DH,1,241203_HOBIC24_5Spezies_FISH_Tag1,3,1,0.03333333333333333,0.2977345287799835,0.33105987310409546,0.09461043030023575,0.1649555116891861,0.11163973063230515
DH,1,241203_HOBIC24_5Spezies_FISH_Tag1,3,2,0.06666666666666667,0.2512420117855072,0.3455040454864502,0.10618314892053604,0.17847900092601776,0.11859188228845596
DH,1,241203_HOBIC24_5Spezies_FISH_Tag1,3,3,0.1,0.18758104741573334,0.36930063366889954,0.11460289359092712,0.1967518925666809,0.1317635327577591
DH,1,241203_HOBIC24_5Spezies_FISH_Tag1,3,4,0.13333333333333333,0.1427396535873413,0.38342756032943726,0.12681999802589417,0.21149733662605286,0.135515496134758
DH,1,241203_HOBIC24_5Spezies_FISH_Tag1,3,5,0.16666666666666666,0.10315787047147751,0.40012499690055847,0.13482603430747986,0.22017206251621246,0.1417190432548523
DH,1,241203_HOBIC24_5Spezies_FISH_Tag1,3,6,0.2,0.07116713374853134,0.41824284195899963,0.13647592067718506,0.22321920096874237,0.1508949249982834
DH,1,241203_HOBIC24_5Spezies_FISH_Tag1,3,7,0.23333333333333334,0.055528637021780014,0.42650938034057617,0.1430346518754959,0.2255830615758896,0.14934435486793518
DH,1,241203_HOBIC24_5Spezies_FISH_Tag1,3,8,0.26666666666666666,0.053153980523347855,0.42559850215911865,0.15076422691345215,0.22731950879096985,0.1431637555360794
DH,1,241203_HOBIC24_5Spezies_FISH_Tag1,3,9,0.3,0.07513915747404099,0.4071403741836548,0.16735750436782837,0.22946162521839142,0.12090134620666504
DH,1,241203_HOBIC24_5Spezies_FISH_Tag1,3,10,0.3333333333333333,0.12541455030441284,0.36451026797294617,0.18827109038829803,0.22538401186466217,0.09642007201910019
DH,1,241203_HOBIC24_5Spezies_FISH_Tag1,3,11,0.36666666666666664,0.20545127987861633,0.3151879608631134,0.208908349275589,0.2033821940422058,0.06707018613815308
DH,1,241203_HOBIC24_5Spezies_FISH_Tag1,3,12,0.4,0.2715367376804352,0.2835194766521454,0.21600303053855896,0.17858929932117462,0.050351448357105255
DH,1,241203_HOBIC24_5Spezies_FISH_Tag1,3,13,0.43333333333333335,0.319863885641098,0.256241112947464,0.2156839221715927,0.16347748041152954,0.04473363980650902
DH,1,241203_HOBIC24_5Spezies_FISH_Tag1,3,14,0.4666666666666667,0.3609640300273895,0.24284544587135315,0.2076946496963501,0.14839479327201843,0.04010109603404999
DH,1,241203_HOBIC24_5Spezies_FISH_Tag1,3,15,0.5,0.38500112295150757,0.2391625940799713,0.1930670589208603,0.1428227722644806,0.03994645178318024
DH,1,241203_HOBIC24_5Spezies_FISH_Tag1,3,16,0.5333333333333333,0.4333971440792084,0.23081733286380768,0.1657462865114212,0.1313697099685669,0.03866950422525406
DH,1,241203_HOBIC24_5Spezies_FISH_Tag1,3,17,0.5666666666666667,0.45407822728157043,0.24146781861782074,0.13025546073913574,0.13042613863945007,0.04377239570021629
DH,1,241203_HOBIC24_5Spezies_FISH_Tag1,3,18,0.6,0.4859338700771332,0.24138598144054413,0.10239017754793167,0.12338420748710632,0.04690580070018768
DH,1,241203_HOBIC24_5Spezies_FISH_Tag1,3,19,0.6333333333333333,0.5110934376716614,0.24411563575267792,0.07826591283082962,0.11600570380687714,0.050519295036792755
DH,1,241203_HOBIC24_5Spezies_FISH_Tag1,3,20,0.6666666666666666,0.5316423773765564,0.24420249462127686,0.059025999158620834,0.11015675961971283,0.05497237667441368
DH,1,241203_HOBIC24_5Spezies_FISH_Tag1,3,21,0.7,0.5512720346450806,0.24203458428382874,0.04483005404472351,0.10383379459381104,0.05802945792675018
DH,1,241203_HOBIC24_5Spezies_FISH_Tag1,3,22,0.7333333333333333,0.5721651911735535,0.23789849877357483,0.03296495974063873,0.09667081385850906,0.06030048429965973
DH,1,241203_HOBIC24_5Spezies_FISH_Tag1,3,23,0.7666666666666667,0.5842335820198059,0.23449261486530304,0.024651294574141502,0.09303347766399384,0.06358899176120758
DH,1,241203_HOBIC24_5Spezies_FISH_Tag1,3,24,0.8,0.591982901096344,0.2327398657798767,0.018731558695435524,0.0899159237742424,0.0666297972202301
DH,1,241203_HOBIC24_5Spezies_FISH_Tag1,3,25,0.8333333333333334,0.601235032081604,0.23096850514411926,0.014279349707067013,0.08544886112213135,0.06806830316781998
DH,1,241203_HOBIC24_5Spezies_FISH_Tag1,3,26,0.8666666666666667,0.6062430739402771,0.2295994758605957,0.010157636366784573,0.08359825611114502,0.07040165364742279
DH,1,241203_HOBIC24_5Spezies_FISH_Tag1,3,27,0.9,0.6143170595169067,0.22527466714382172,0.007617288734763861,0.08205743879079819,0.07073361426591873
DH,1,241203_HOBIC24_5Spezies_FISH_Tag1,3,28,0.9333333333333333,0.6205717921257019,0.22136934101581573,0.005653209984302521,0.0800267681479454,0.07237885147333145
DH,1,241203_HOBIC24_5Spezies_FISH_Tag1,3,29,0.9666666666666667,0.6245852112770081,0.2190953493118286,0.00438204500824213,0.07948396354913712,0.07245336472988129
DH,1,241203_HOBIC24_5Spezies_FISH_Tag1,3,30,1.0,0.6249257922172546,0.21933722496032715,0.003676272928714752,0.07859143614768982,0.07346929609775543
DH,1,241203_HOBIC24_5Spezies_FISH_Tag1,4,0,0.0,0.47217077016830444,0.32646414637565613,0.06793483346700668,0.06987258046865463,0.0635577067732811
DH,1,241203_HOBIC24_5Spezies_FISH_Tag1,4,1,0.023809523809523808,0.4441499412059784,0.3345891237258911,0.07433506846427917,0.07824829965829849,0.06867767125368118
DH,1,241203_HOBIC24_5Spezies_FISH_Tag1,4,2,0.047619047619047616,0.3866094946861267,0.3551100492477417,0.08147978782653809,0.09424034506082535,0.08256027847528458
DH,1,241203_HOBIC24_5Spezies_FISH_Tag1,4,3,0.07142857142857142,0.29118797183036804,0.3846263885498047,0.09254977852106094,0.12224957346916199,0.10938628017902374
DH,1,241203_HOBIC24_5Spezies_FISH_Tag1,4,4,0.09523809523809523,0.1996893286705017,0.4048137068748474,0.1031372994184494,0.15159444510936737,0.14076519012451172
DH,1,241203_HOBIC24_5Spezies_FISH_Tag1,4,5,0.11904761904761904,0.12894925475120544,0.4158991277217865,0.11399835348129272,0.1745232194662094,0.16663005948066711
DH,1,241203_HOBIC24_5Spezies_FISH_Tag1,4,6,0.14285714285714285,0.07618020474910736,0.42554667592048645,0.12081259489059448,0.18581736087799072,0.19164322316646576
DH,1,241203_HOBIC24_5Spezies_FISH_Tag1,4,7,0.16666666666666666,0.04619027301669121,0.4301866292953491,0.1256038099527359,0.1898067146539688,0.20821253955364227
DH,1,241203_HOBIC24_5Spezies_FISH_Tag1,4,8,0.19047619047619047,0.03954821825027466,0.4252530038356781,0.13657523691654205,0.19346396625041962,0.20515958964824677
DH,1,241203_HOBIC24_5Spezies_FISH_Tag1,4,9,0.21428571428571427,0.06250006705522537,0.4001826047897339,0.15845243632793427,0.19983303546905518,0.1790318489074707
DH,1,241203_HOBIC24_5Spezies_FISH_Tag1,4,10,0.23809523809523808,0.14377041161060333,0.34785711765289307,0.1954766809940338,0.18629485368728638,0.1266009509563446
DH,1,241203_HOBIC24_5Spezies_FISH_Tag1,4,11,0.2619047619047619,0.24449707567691803,0.29950517416000366,0.2259265035390854,0.15122507512569427,0.07884622365236282
DH,1,241203_HOBIC24_5Spezies_FISH_Tag1,4,12,0.2857142857142857,0.31604912877082825,0.26263362169265747,0.23711122572422028,0.12565934658050537,0.05854665860533714
DH,1,241203_HOBIC24_5Spezies_FISH_Tag1,4,13,0.30952380952380953,0.3722251355648041,0.23709876835346222,0.24075177311897278,0.10532701015472412,0.044597286731004715
DH,1,241203_HOBIC24_5Spezies_FISH_Tag1,4,14,0.3333333333333333,0.4070904850959778,0.22151929140090942,0.23891405761241913,0.0939376950263977,0.03853843733668327
DH,1,241203_HOBIC24_5Spezies_FISH_Tag1,4,15,0.35714285714285715,0.42917609214782715,0.20980918407440186,0.23730070888996124,0.08742859214544296,0.03628537431359291
DH,1,241203_HOBIC24_5Spezies_FISH_Tag1,4,16,0.38095238095238093,0.4424210488796234,0.20422784984111786,0.2334837168455124,0.08443852514028549,0.03542885184288025
DH,1,241203_HOBIC24_5Spezies_FISH_Tag1,4,17,0.40476190476190477,0.4556948244571686,0.19838020205497742,0.22935602068901062,0.0823715403676033,0.03419742360711098
DH,1,241203_HOBIC24_5Spezies_FISH_Tag1,4,18,0.42857142857142855,0.4662920832633972,0.19463251531124115,0.22484064102172852,0.08068940788507462,0.03354533389210701
DH,1,241203_HOBIC24_5Spezies_FISH_Tag1,4,19,0.4523809523809524,0.4761642813682556,0.19127032160758972,0.21992738544940948,0.0794290080666542,0.033208929002285004
DH,1,241203_HOBIC24_5Spezies_FISH_Tag1,4,20,0.47619047619047616,0.48858365416526794,0.18967054784297943,0.21305277943611145,0.07673494517803192,0.03195811063051224
DH,1,241203_HOBIC24_5Spezies_FISH_Tag1,4,21,0.5,0.5041428804397583,0.18580996990203857,0.20451484620571136,0.07384920865297318,0.03168298676609993
DH,1,241203_HOBIC24_5Spezies_FISH_Tag1,4,22,0.5238095238095238,0.5150100588798523,0.18401582539081573,0.19707326591014862,0.07208149880170822,0.031819358468055725
DH,1,241203_HOBIC24_5Spezies_FISH_Tag1,4,23,0.5476190476190477,0.5272694230079651,0.1830374151468277,0.1877419799566269,0.06996660679578781,0.031984537839889526
DH,1,241203_HOBIC24_5Spezies_FISH_Tag1,4,24,0.5714285714285714,0.5479860305786133,0.18255425989627838,0.17427405714988708,0.06629504263401031,0.028890544548630714
DH,1,241203_HOBIC24_5Spezies_FISH_Tag1,4,25,0.5952380952380952,0.5695170164108276,0.1823534220457077,0.159784734249115,0.06230538338422775,0.026039479300379753
DH,1,241203_HOBIC24_5Spezies_FISH_Tag1,4,26,0.6190476190476191,0.5917133092880249,0.18476295471191406,0.14223848283290863,0.05760781839489937,0.0236773993819952
DH,1,241203_HOBIC24_5Spezies_FISH_Tag1,4,27,0.6428571428571429,0.6163693070411682,0.18299686908721924,0.12719562649726868,0.05238056182861328,0.021057575941085815
DH,1,241203_HOBIC24_5Spezies_FISH_Tag1,4,28,0.6666666666666666,0.6324059367179871,0.1845366358757019,0.11319281905889511,0.04996636137366295,0.019898172467947006
DH,1,241203_HOBIC24_5Spezies_FISH_Tag1,4,29,0.6904761904761905,0.6503868103027344,0.1813240349292755,0.10244345664978027,0.0475643053650856,0.018281377851963043
DH,1,241203_HOBIC24_5Spezies_FISH_Tag1,4,30,0.7142857142857143,0.6657760143280029,0.17952577769756317,0.09327790886163712,0.044090647250413895,0.017329702153801918
DH,1,241203_HOBIC24_5Spezies_FISH_Tag1,4,31,0.7380952380952381,0.6837876439094543,0.17725518345832825,0.08204887807369232,0.0403943732380867,0.016513854265213013
DH,1,241203_HOBIC24_5Spezies_FISH_Tag1,4,32,0.7619047619047619,0.6988062262535095,0.17945945262908936,0.06892631202936172,0.0369783416390419,0.0158296599984169
DH,1,241203_HOBIC24_5Spezies_FISH_Tag1,4,33,0.7857142857142857,0.7136504054069519,0.18389306962490082,0.05448764190077782,0.032984521239995956,0.014984408393502235
DH,1,241203_HOBIC24_5Spezies_FISH_Tag1,4,34,0.8095238095238095,0.7297952175140381,0.1845620572566986,0.04159686341881752,0.028623243793845177,0.015422705560922623
DH,1,241203_HOBIC24_5Spezies_FISH_Tag1,4,35,0.8333333333333334,0.7436352968215942,0.18426112830638885,0.03006484918296337,0.025739887729287148,0.016298850998282433
DH,1,241203_HOBIC24_5Spezies_FISH_Tag1,4,36,0.8571428571428571,0.7535026669502258,0.18549467623233795,0.020995639264583588,0.02283428981900215,0.017172690480947495
DH,1,241203_HOBIC24_5Spezies_FISH_Tag1,4,37,0.8809523809523809,0.7627487778663635,0.18554486334323883,0.01474391482770443,0.02014496922492981,0.01681758090853691
DH,1,241203_HOBIC24_5Spezies_FISH_Tag1,4,38,0.9047619047619048,0.767874538898468,0.18598118424415588,0.009626079350709915,0.019189495593309402,0.01732870750129223
DH,1,241203_HOBIC24_5Spezies_FISH_Tag1,4,39,0.9285714285714286,0.7745077610015869,0.1837296038866043,0.0069882930256426334,0.01762150228023529,0.017152883112430573
DH,1,241203_HOBIC24_5Spezies_FISH_Tag1,4,40,0.9523809523809523,0.7772604823112488,0.1806154102087021,0.005353480577468872,0.018233221024274826,0.01853742077946663
DH,1,241203_HOBIC24_5Spezies_FISH_Tag1,4,41,0.9761904761904762,0.780880868434906,0.18063339591026306,0.00416449923068285,0.01680218242108822,0.017519062384963036
DH,1,241203_HOBIC24_5Spezies_FISH_Tag1,4,42,1.0,0.7794303297996521,0.18310752511024475,0.003200921230018139,0.016696497797966003,0.01756475493311882
DH,1,241203_HOBIC24_5Spezies_FISH_Tag1,5,0,0.0,0.9071230292320251,0.06130623817443848,0.0038264882750809193,0.027218803763389587,0.000525498588103801
DH,1,241203_HOBIC24_5Spezies_FISH_Tag1,5,1,0.03225806451612903,0.9039454460144043,0.06336511671543121,0.0040347035974264145,0.028115367516875267,0.0005393782630562782
DH,1,241203_HOBIC24_5Spezies_FISH_Tag1,5,2,0.06451612903225806,0.8985387682914734,0.0660957470536232,0.004600910469889641,0.030152739956974983,0.0006118240999057889
DH,1,241203_HOBIC24_5Spezies_FISH_Tag1,5,3,0.0967741935483871,0.8877105712890625,0.07225563377141953,0.005891526583582163,0.03332948312163353,0.0008127794717438519
DH,1,241203_HOBIC24_5Spezies_FISH_Tag1,5,4,0.12903225806451613,0.8749052286148071,0.07782929390668869,0.008247864432632923,0.03800053894519806,0.0010170192690566182
DH,1,241203_HOBIC24_5Spezies_FISH_Tag1,5,5,0.16129032258064516,0.8578481674194336,0.08701573312282562,0.010781186632812023,0.04307224601507187,0.0012827403843402863
DH,1,241203_HOBIC24_5Spezies_FISH_Tag1,5,6,0.1935483870967742,0.8387115001678467,0.09559094160795212,0.014841731637716293,0.04915494844317436,0.0017008655704557896
DH,1,241203_HOBIC24_5Spezies_FISH_Tag1,5,7,0.22580645161290322,0.8080481290817261,0.10937709361314774,0.020953312516212463,0.05935755372047424,0.002263907343149185
DH,1,241203_HOBIC24_5Spezies_FISH_Tag1,5,8,0.25806451612903225,0.7425937652587891,0.13720443844795227,0.034119609743356705,0.08168598264455795,0.0043962206691503525
DH,1,241203_HOBIC24_5Spezies_FISH_Tag1,5,9,0.2903225806451613,0.631340742111206,0.18203727900981903,0.057749126106500626,0.11884614080190659,0.010026708245277405
DH,1,241203_HOBIC24_5Spezies_FISH_Tag1,5,10,0.3225806451612903,0.4620873034000397,0.24598146975040436,0.09264963865280151,0.1736575961112976,0.02562398836016655
DH,1,241203_HOBIC24_5Spezies_FISH_Tag1,5,11,0.3548387096774194,0.27305012941360474,0.31607162952423096,0.12649968266487122,0.2274502068758011,0.05692833289504051
DH,1,241203_HOBIC24_5Spezies_FISH_Tag1,5,12,0.3870967741935484,0.14549915492534637,0.35899341106414795,0.15458132326602936,0.2473972886800766,0.09352877736091614
DH,1,241203_HOBIC24_5Spezies_FISH_Tag1,5,13,0.41935483870967744,0.08474470674991608,0.3791421353816986,0.16940030455589294,0.24854843318462372,0.11816435307264328
DH,1,241203_HOBIC24_5Spezies_FISH_Tag1,5,14,0.45161290322580644,0.07629914581775665,0.37853026390075684,0.18881826102733612,0.2452632337808609,0.11108911782503128
DH,1,241203_HOBIC24_5Spezies_FISH_Tag1,5,15,0.4838709677419355,0.1066705659031868,0.3509190082550049,0.21436068415641785,0.24060864746570587,0.08744115382432938
DH,1,241203_HOBIC24_5Spezies_FISH_Tag1,5,16,0.5161290322580645,0.17540252208709717,0.3028370141983032,0.24025849997997284,0.221709743142128,0.059792183339595795
DH,1,241203_HOBIC24_5Spezies_FISH_Tag1,5,17,0.5483870967741935,0.2813763916492462,0.2475103735923767,0.25468531250953674,0.18183286488056183,0.03459494560956955
DH,1,241203_HOBIC24_5Spezies_FISH_Tag1,5,18,0.5806451612903226,0.3778935968875885,0.20681807398796082,0.24752415716648102,0.14587964117527008,0.021884577348828316
DH,1,241203_HOBIC24_5Spezies_FISH_Tag1,5,19,0.6129032258064516,0.4479324519634247,0.18810699880123138,0.22327478229999542,0.12301413714885712,0.017671650275588036
DH,1,241203_HOBIC24_5Spezies_FISH_Tag1,5,20,0.6451612903225806,0.5058260560035706,0.17760692536830902,0.19090819358825684,0.10976161062717438,0.015897225588560104
DH,1,241203_HOBIC24_5Spezies_FISH_Tag1,5,21,0.6774193548387096,0.5579981803894043,0.16976214945316315,0.15760372579097748,0.10093126446008682,0.013704627752304077
DH,1,241203_HOBIC24_5Spezies_FISH_Tag1,5,22,0.7096774193548387,0.6131603717803955,0.16087159514427185,0.122504323720932,0.09265816956758499,0.010805590078234673
DH,1,241203_HOBIC24_5Spezies_FISH_Tag1,5,23,0.7419354838709677,0.6726173162460327,0.1476588249206543,0.09012318402528763,0.08205263316631317,0.007548029068857431
DH,1,241203_HOBIC24_5Spezies_FISH_Tag1,5,24,0.7741935483870968,0.725872814655304,0.1345662623643875,0.06187363341450691,0.07271882146596909,0.004968361463397741
DH,1,241203_HOBIC24_5Spezies_FISH_Tag1,5,25,0.8064516129032258,0.7692180871963501,0.1243271678686142,0.03985366225242615,0.06371865421533585,0.002882457571104169
DH,1,241203_HOBIC24_5Spezies_FISH_Tag1,5,26,0.8387096774193549,0.8024054169654846,0.1133042648434639,0.025388289242982864,0.05693812295794487,0.001963906455785036
DH,1,241203_HOBIC24_5Spezies_FISH_Tag1,5,27,0.8709677419354839,0.8267331123352051,0.10521495342254639,0.01562795229256153,0.05104196444153786,0.0013820743188261986
DH,1,241203_HOBIC24_5Spezies_FISH_Tag1,5,28,0.9032258064516129,0.8443160057067871,0.09797926247119904,0.009365804493427277,0.04726627096533775,0.0010726527543738484
DH,1,241203_HOBIC24_5Spezies_FISH_Tag1,5,29,0.9354838709677419,0.8568863868713379,0.09215417504310608,0.005778171122074127,0.044173210859298706,0.0010080005740746856
DH,1,241203_HOBIC24_5Spezies_FISH_Tag1,5,30,0.967741935483871,0.8664989471435547,0.08726470917463303,0.0038365074433386326,0.04147128760814667,0.0009285326232202351
DH,1,241203_HOBIC24_5Spezies_FISH_Tag1,5,31,1.0,0.8737667202949524,0.08301455527544022,0.0026173528749495745,0.03985045477747917,0.0007509245770052075
DH,1,241203_HOBIC24_5Spezies_FISH_Tag1,6,0,0.0,0.33741262555122375,0.33402177691459656,0.07170460373163223,0.14951518177986145,0.10734573751688004
DH,1,241203_HOBIC24_5Spezies_FISH_Tag1,6,1,0.037037037037037035,0.2972307801246643,0.34876012802124023,0.07430578768253326,0.16164524853229523,0.11805801838636398
DH,1,241203_HOBIC24_5Spezies_FISH_Tag1,6,2,0.07407407407407407,0.23977209627628326,0.36678820848464966,0.08221203088760376,0.18161112070083618,0.12961655855178833
DH,1,241203_HOBIC24_5Spezies_FISH_Tag1,6,3,0.1111111111111111,0.174318328499794,0.3895670771598816,0.08947835117578506,0.20097701251506805,0.1456591784954071
DH,1,241203_HOBIC24_5Spezies_FISH_Tag1,6,4,0.14814814814814814,0.13076910376548767,0.40466344356536865,0.0974416732788086,0.2147081047296524,0.15241767466068268
DH,1,241203_HOBIC24_5Spezies_FISH_Tag1,6,5,0.18518518518518517,0.0979851484298706,0.4142477512359619,0.10489270091056824,0.22435030341148376,0.15852415561676025
DH,1,241203_HOBIC24_5Spezies_FISH_Tag1,6,6,0.2222222222222222,0.06778296083211899,0.42665114998817444,0.10783196240663528,0.2282799631357193,0.1694539338350296
DH,1,241203_HOBIC24_5Spezies_FISH_Tag1,6,7,0.25925925925925924,0.052535831928253174,0.43038973212242126,0.11314110457897186,0.23184794187545776,0.1720854789018631
DH,1,241203_HOBIC24_5Spezies_FISH_Tag1,6,8,0.2962962962962963,0.0535568930208683,0.4250071942806244,0.12253379821777344,0.2371731400489807,0.16172896325588226
DH,1,241203_HOBIC24_5Spezies_FISH_Tag1,6,9,0.3333333333333333,0.08359291404485703,0.40551045536994934,0.13606944680213928,0.2423141598701477,0.13251294195652008
DH,1,241203_HOBIC24_5Spezies_FISH_Tag1,6,10,0.37037037037037035,0.15734151005744934,0.3543436527252197,0.15643855929374695,0.23558786511421204,0.09628841280937195
DH,1,241203_HOBIC24_5Spezies_FISH_Tag1,6,11,0.4074074074074074,0.261936217546463,0.2982463538646698,0.17511504888534546,0.2032768577337265,0.06142546236515045
DH,1,241203_HOBIC24_5Spezies_FISH_Tag1,6,12,0.4444444444444444,0.3546237647533417,0.2515750229358673,0.18335267901420593,0.16904903948307037,0.04139956831932068
DH,1,241203_HOBIC24_5Spezies_FISH_Tag1,6,13,0.48148148148148145,0.419818639755249,0.22183971107006073,0.1808035522699356,0.1426372081041336,0.03490081802010536
DH,1,241203_HOBIC24_5Spezies_FISH_Tag1,6,14,0.5185185185185185,0.452511191368103,0.2108374834060669,0.17193464934825897,0.13093572854995728,0.03378097340464592
DH,1,241203_HOBIC24_5Spezies_FISH_Tag1,6,15,0.5555555555555556,0.4733589291572571,0.20924393832683563,0.15964104235172272,0.1234353557229042,0.03432067111134529
DH,1,241203_HOBIC24_5Spezies_FISH_Tag1,6,16,0.5925925925925926,0.48531731963157654,0.21187545359134674,0.14682281017303467,0.11964822560548782,0.036336153745651245
DH,1,241203_HOBIC24_5Spezies_FISH_Tag1,6,17,0.6296296296296297,0.48971253633499146,0.22106137871742249,0.1311250925064087,0.11840439587831497,0.039696622639894485
DH,1,241203_HOBIC24_5Spezies_FISH_Tag1,6,18,0.6666666666666666,0.4983735680580139,0.2287733554840088,0.11360209435224533,0.11593890935182571,0.04331212118268013
DH,1,241203_HOBIC24_5Spezies_FISH_Tag1,6,19,0.7037037037037037,0.5092953443527222,0.23609954118728638,0.09536606073379517,0.11285602301359177,0.046383086591959
DH,1,241203_HOBIC24_5Spezies_FISH_Tag1,6,20,0.7407407407407407,0.5194512009620667,0.24439239501953125,0.07617354393005371,0.10891490429639816,0.051067981868982315
DH,1,241203_HOBIC24_5Spezies_FISH_Tag1,6,21,0.7777777777777778,0.5298228859901428,0.25548312067985535,0.057267893105745316,0.1033061221241951,0.054119933396577835
DH,1,241203_HOBIC24_5Spezies_FISH_Tag1,6,22,0.8148148148148148,0.5374495983123779,0.2617400288581848,0.04167657345533371,0.09856224805116653,0.0605715811252594
DH,1,241203_HOBIC24_5Spezies_FISH_Tag1,6,23,0.8518518518518519,0.544566810131073,0.26833778619766235,0.03016635775566101,0.09283577650785446,0.06409326195716858
DH,1,241203_HOBIC24_5Spezies_FISH_Tag1,6,24,0.8888888888888888,0.5454033613204956,0.2736542820930481,0.02088211663067341,0.09064209461212158,0.06941814720630646
DH,1,241203_HOBIC24_5Spezies_FISH_Tag1,6,25,0.9259259259259259,0.546168863773346,0.27982985973358154,0.014723907224833965,0.0871734768152237,0.07210385054349899
DH,1,241203_HOBIC24_5Spezies_FISH_Tag1,6,26,0.9629629629629629,0.5460624098777771,0.2814796268939972,0.011231024749577045,0.08497830480337143,0.07624872028827667
DH,1,241203_HOBIC24_5Spezies_FISH_Tag1,6,27,1.0,0.5463976263999939,0.28549468517303467,0.00778191490098834,0.08299721032381058,0.07732858508825302
DH,6,241018_HOBIC24_5Spezies_FISH,0,0,0.0,0.09533786028623581,0.24667981266975403,0.14510193467140198,0.06957557797431946,0.4433048367500305
DH,6,241018_HOBIC24_5Spezies_FISH,0,1,0.02702702702702703,0.1377011090517044,0.2657510042190552,0.18363997340202332,0.0641893744468689,0.3487185835838318
DH,6,241018_HOBIC24_5Spezies_FISH,0,2,0.05405405405405406,0.14904019236564636,0.2712859809398651,0.21550436317920685,0.06441831588745117,0.2997511327266693
DH,6,241018_HOBIC24_5Spezies_FISH,0,3,0.08108108108108109,0.15178167819976807,0.27574893832206726,0.2416878044605255,0.06620986014604568,0.26457175612449646
DH,6,241018_HOBIC24_5Spezies_FISH,0,4,0.10810810810810811,0.15417082607746124,0.28201964497566223,0.2691977620124817,0.06768040359020233,0.2269313782453537
DH,6,241018_HOBIC24_5Spezies_FISH,0,5,0.13513513513513514,0.15900497138500214,0.2908288240432739,0.28876855969429016,0.07248155027627945,0.18891607224941254
DH,6,241018_HOBIC24_5Spezies_FISH,0,6,0.16216216216216217,0.1698118895292282,0.291818231344223,0.30205783247947693,0.0763639584183693,0.15994803607463837
DH,6,241018_HOBIC24_5Spezies_FISH,0,7,0.1891891891891892,0.18595610558986664,0.2921285033226013,0.3058003783226013,0.081328846514225,0.13478612899780273
DH,6,241018_HOBIC24_5Spezies_FISH,0,8,0.21621621621621623,0.19805824756622314,0.29067155718803406,0.3054754436016083,0.08559811115264893,0.12019667029380798
DH,6,241018_HOBIC24_5Spezies_FISH,0,9,0.24324324324324326,0.2130395621061325,0.28669169545173645,0.30198395252227783,0.08874894678592682,0.10953585803508759
DH,6,241018_HOBIC24_5Spezies_FISH,0,10,0.2702702702702703,0.22014251351356506,0.2851893901824951,0.2883542776107788,0.09209282696247101,0.11422096192836761
DH,6,241018_HOBIC24_5Spezies_FISH,0,11,0.2972972972972973,0.21880990266799927,0.2924292981624603,0.27237799763679504,0.09421445429325104,0.12216833233833313
DH,6,241018_HOBIC24_5Spezies_FISH,0,12,0.32432432432432434,0.2172304391860962,0.2960647642612457,0.2653564512729645,0.09534592181444168,0.12600234150886536
DH,6,241018_HOBIC24_5Spezies_FISH,0,13,0.35135135135135137,0.22045591473579407,0.29352879524230957,0.26390540599823,0.09585552662611008,0.12625445425510406
DH,6,241018_HOBIC24_5Spezies_FISH,0,14,0.3783783783783784,0.2326602339744568,0.27972719073295593,0.26202067732810974,0.09771285206079483,0.12787915766239166
DH,6,241018_HOBIC24_5Spezies_FISH,0,15,0.40540540540540543,0.23554003238677979,0.2732129991054535,0.25144851207733154,0.09792337566614151,0.14187511801719666
DH,6,241018_HOBIC24_5Spezies_FISH,0,16,0.43243243243243246,0.23165453970432281,0.26750969886779785,0.2468983381986618,0.09692441672086716,0.15701304376125336
DH,6,241018_HOBIC24_5Spezies_FISH,0,17,0.4594594594594595,0.24060223996639252,0.2531634569168091,0.2446649670600891,0.0946962833404541,0.16687306761741638
DH,6,241018_HOBIC24_5Spezies_FISH,0,18,0.4864864864864865,0.24385571479797363,0.24111126363277435,0.21834439039230347,0.0949593111872673,0.20172932744026184
DH,6,241018_HOBIC24_5Spezies_FISH,0,19,0.5135135135135135,0.22450459003448486,0.23732183873653412,0.18242675065994263,0.09189898520708084,0.26384782791137695
DH,6,241018_HOBIC24_5Spezies_FISH,0,20,0.5405405405405406,0.20087076723575592,0.2325463742017746,0.15732087194919586,0.08701108396053314,0.32225099205970764
DH,6,241018_HOBIC24_5Spezies_FISH,0,21,0.5675675675675675,0.18272356688976288,0.22346216440200806,0.1393371969461441,0.08079653978347778,0.37368056178092957
DH,6,241018_HOBIC24_5Spezies_FISH,0,22,0.5945945945945946,0.16367419064044952,0.2204200029373169,0.11627379059791565,0.07448877394199371,0.42514318227767944
DH,6,241018_HOBIC24_5Spezies_FISH,0,23,0.6216216216216216,0.15375377237796783,0.21947522461414337,0.10291826725006104,0.07159154862165451,0.45226120948791504
DH,6,241018_HOBIC24_5Spezies_FISH,0,24,0.6486486486486487,0.1432599425315857,0.22662734985351562,0.09052813053131104,0.06739354133605957,0.47219109535217285
DH,6,241018_HOBIC24_5Spezies_FISH,0,25,0.6756756756756757,0.13465546071529388,0.21732594072818756,0.0795333981513977,0.0665879175066948,0.5018972754478455
DH,6,241018_HOBIC24_5Spezies_FISH,0,26,0.7027027027027027,0.12682795524597168,0.21192337572574615,0.06852255016565323,0.06563406437635422,0.5270920395851135
DH,6,241018_HOBIC24_5Spezies_FISH,0,27,0.7297297297297297,0.12352312356233597,0.20963141322135925,0.06892906129360199,0.06451983004808426,0.5333965420722961
DH,6,241018_HOBIC24_5Spezies_FISH,0,28,0.7567567567567568,0.12171310931444168,0.21093061566352844,0.0680558905005455,0.06398323178291321,0.5353171825408936
DH,6,241018_HOBIC24_5Spezies_FISH,0,29,0.7837837837837838,0.12242168933153152,0.2120637148618698,0.06940684467554092,0.06395433843135834,0.5321534276008606
DH,6,241018_HOBIC24_5Spezies_FISH,0,30,0.8108108108108109,0.1258164644241333,0.21314950287342072,0.07158947736024857,0.06531980633735657,0.5241246819496155
DH,6,241018_HOBIC24_5Spezies_FISH,0,31,0.8378378378378378,0.12492009997367859,0.21726496517658234,0.07314268499612808,0.06440499424934387,0.5202672481536865
DH,6,241018_HOBIC24_5Spezies_FISH,0,32,0.8648648648648649,0.1265610009431839,0.21890541911125183,0.07795321196317673,0.06608302891254425,0.5104973316192627
DH,6,241018_HOBIC24_5Spezies_FISH,0,33,0.8918918918918919,0.13027769327163696,0.22448307275772095,0.08276504278182983,0.06771204620599747,0.4947621822357178
DH,6,241018_HOBIC24_5Spezies_FISH,0,34,0.918918918918919,0.13263219594955444,0.22486035525798798,0.09138888865709305,0.06974191218614578,0.48137664794921875
DH,6,241018_HOBIC24_5Spezies_FISH,0,35,0.9459459459459459,0.13522446155548096,0.22642654180526733,0.096086785197258,0.06907472014427185,0.47318747639656067
DH,6,241018_HOBIC24_5Spezies_FISH,0,36,0.972972972972973,0.13950389623641968,0.2250588983297348,0.09233327955007553,0.07067951560020447,0.47242435812950134
DH,6,241018_HOBIC24_5Spezies_FISH,0,37,1.0,0.14070603251457214,0.21844838559627533,0.08388194441795349,0.07331948727369308,0.4836442172527313
DH,6,241018_HOBIC24_5Spezies_FISH,13,0,0.0,0.2343815565109253,0.24384787678718567,0.2813209593296051,0.041042130440473557,0.1994073987007141
DH,6,241018_HOBIC24_5Spezies_FISH,13,1,0.03225806451612903,0.22883126139640808,0.24868640303611755,0.2833912968635559,0.04221631586551666,0.19687464833259583
DH,6,241018_HOBIC24_5Spezies_FISH,13,2,0.06451612903225806,0.22391287982463837,0.25317129492759705,0.2893822491168976,0.042653005570173264,0.19088059663772583
DH,6,241018_HOBIC24_5Spezies_FISH,13,3,0.0967741935483871,0.21905145049095154,0.25748786330223083,0.29343467950820923,0.043990686535835266,0.18603527545928955
DH,6,241018_HOBIC24_5Spezies_FISH,13,4,0.12903225806451613,0.21429656445980072,0.26114821434020996,0.29880568385124207,0.045637696981430054,0.1801118552684784
DH,6,241018_HOBIC24_5Spezies_FISH,13,5,0.16129032258064516,0.20834830403327942,0.2653955817222595,0.3045654296875,0.047551412135362625,0.17413927614688873
DH,6,241018_HOBIC24_5Spezies_FISH,13,6,0.1935483870967742,0.20771890878677368,0.2707843482494354,0.3076273500919342,0.049530286341905594,0.16433916985988617
DH,6,241018_HOBIC24_5Spezies_FISH,13,7,0.22580645161290322,0.20541977882385254,0.27561184763908386,0.3117179572582245,0.05202077701687813,0.1552296280860901
DH,6,241018_HOBIC24_5Spezies_FISH,13,8,0.25806451612903225,0.20523247122764587,0.27959755063056946,0.3134880065917969,0.05350135266780853,0.14818063378334045
DH,6,241018_HOBIC24_5Spezies_FISH,13,9,0.2903225806451613,0.20529836416244507,0.2843574285507202,0.3129013478755951,0.055295176804065704,0.14214767515659332
DH,6,241018_HOBIC24_5Spezies_FISH,13,10,0.3225806451612903,0.20463065803050995,0.2877388000488281,0.3153320848941803,0.05689973384141922,0.1353987157344818
DH,6,241018_HOBIC24_5Spezies_FISH,13,11,0.3548387096774194,0.20344571769237518,0.29109621047973633,0.31454581022262573,0.0592123381793499,0.13169986009597778
DH,6,241018_HOBIC24_5Spezies_FISH,13,12,0.3870967741935484,0.20493878424167633,0.29329732060432434,0.3131841719150543,0.06125066429376602,0.127329021692276
DH,6,241018_HOBIC24_5Spezies_FISH,13,13,0.41935483870967744,0.2070048600435257,0.29461291432380676,0.31346186995506287,0.06462332606315613,0.12029701471328735
DH,6,241018_HOBIC24_5Spezies_FISH,13,14,0.45161290322580644,0.21345321834087372,0.2948986887931824,0.3108659088611603,0.06773283332586288,0.11304934322834015
DH,6,241018_HOBIC24_5Spezies_FISH,13,15,0.4838709677419355,0.22088122367858887,0.2944847345352173,0.30737900733947754,0.07150720059871674,0.10574795305728912
DH,6,241018_HOBIC24_5Spezies_FISH,13,16,0.5161290322580645,0.2298528105020523,0.2920263707637787,0.30302098393440247,0.07447727024555206,0.10062263906002045
DH,6,241018_HOBIC24_5Spezies_FISH,13,17,0.5483870967741935,0.2391120344400406,0.2907913625240326,0.2974441945552826,0.07799194008111954,0.09466049075126648
DH,6,241018_HOBIC24_5Spezies_FISH,13,18,0.5806451612903226,0.24962931871414185,0.2866402864456177,0.29009124636650085,0.08258500695228577,0.09105410426855087
DH,6,241018_HOBIC24_5Spezies_FISH,13,19,0.6129032258064516,0.26223811507225037,0.28253060579299927,0.28090032935142517,0.08541811257600784,0.08891279250383377
DH,6,241018_HOBIC24_5Spezies_FISH,13,20,0.6451612903225806,0.2772647440433502,0.27807924151420593,0.26738840341567993,0.0880589485168457,0.0892087072134018
DH,6,241018_HOBIC24_5Spezies_FISH,13,21,0.6774193548387096,0.2865980565547943,0.2733069360256195,0.2536570727825165,0.09140706062316895,0.09503091871738434
DH,6,241018_HOBIC24_5Spezies_FISH,13,22,0.7096774193548387,0.29008057713508606,0.2694551944732666,0.2368215173482895,0.09418132156133652,0.10946141928434372
DH,6,241018_HOBIC24_5Spezies_FISH,13,23,0.7419354838709677,0.28564125299453735,0.2666577994823456,0.2196464240550995,0.09547914564609528,0.13257533311843872
DH,6,241018_HOBIC24_5Spezies_FISH,13,24,0.7741935483870968,0.2695233225822449,0.26314425468444824,0.2075095772743225,0.09521739184856415,0.16460548341274261
DH,6,241018_HOBIC24_5Spezies_FISH,13,25,0.8064516129032258,0.24519556760787964,0.25458669662475586,0.19516150653362274,0.09388241916894913,0.21117380261421204
DH,6,241018_HOBIC24_5Spezies_FISH,13,26,0.8387096774193549,0.2204555720090866,0.23769472539424896,0.1808919608592987,0.08985955268144608,0.27109822630882263
DH,6,241018_HOBIC24_5Spezies_FISH,13,27,0.8709677419354839,0.1888481080532074,0.22158879041671753,0.16721905767917633,0.08299116045236588,0.3393528461456299
DH,6,241018_HOBIC24_5Spezies_FISH,13,28,0.9032258064516129,0.16632884740829468,0.21020372211933136,0.15831251442432404,0.07741806656122208,0.38773688673973083
DH,6,241018_HOBIC24_5Spezies_FISH,13,29,0.9354838709677419,0.1576160043478012,0.20110484957695007,0.15567728877067566,0.07440795749425888,0.4111939072608948
DH,6,241018_HOBIC24_5Spezies_FISH,13,30,0.967741935483871,0.1519545465707779,0.1998327225446701,0.1522630900144577,0.07257711887359619,0.4233725070953369
DH,6,241018_HOBIC24_5Spezies_FISH,13,31,1.0,0.15071570873260498,0.1971004605293274,0.15098245441913605,0.07229158282279968,0.4289098381996155
DH,6,241018_HOBIC24_5Spezies_FISH,14,0,0.0,0.22765716910362244,0.25574779510498047,0.2903752326965332,0.0438905768096447,0.1823292076587677
DH,6,241018_HOBIC24_5Spezies_FISH,14,1,0.01,0.22671347856521606,0.25697916746139526,0.2914678752422333,0.044383008033037186,0.18045639991760254
DH,6,241018_HOBIC24_5Spezies_FISH,14,2,0.02,0.2272583395242691,0.25888341665267944,0.29027071595191956,0.04414798691868782,0.17943952977657318
DH,6,241018_HOBIC24_5Spezies_FISH,14,3,0.03,0.22747737169265747,0.25821056962013245,0.2908163368701935,0.04454471543431282,0.17895101010799408
DH,6,241018_HOBIC24_5Spezies_FISH,14,4,0.04,0.22843672335147858,0.2593151926994324,0.294116735458374,0.044825486838817596,0.17330583930015564
DH,6,241018_HOBIC24_5Spezies_FISH,14,5,0.05,0.22356289625167847,0.26385214924812317,0.29324254393577576,0.045604534447193146,0.17373788356781006
DH,6,241018_HOBIC24_5Spezies_FISH,14,6,0.06,0.2243814617395401,0.26078134775161743,0.29803594946861267,0.045529089868068695,0.17127211391925812
DH,6,241018_HOBIC24_5Spezies_FISH,14,7,0.07,0.22307196259498596,0.26313209533691406,0.29911866784095764,0.04633057117462158,0.16834667325019836
DH,6,241018_HOBIC24_5Spezies_FISH,14,8,0.08,0.2213011384010315,0.266448438167572,0.30039599537849426,0.04681920260190964,0.16503524780273438
DH,6,241018_HOBIC24_5Spezies_FISH,14,9,0.09,0.22053930163383484,0.2661950886249542,0.30256888270378113,0.04741648584604263,0.1632801741361618
DH,6,241018_HOBIC24_5Spezies_FISH,14,10,0.1,0.21993747353553772,0.26773136854171753,0.3030827045440674,0.04823336377739906,0.161015123128891
DH,6,241018_HOBIC24_5Spezies_FISH,14,11,0.11,0.22063048183918,0.2677856981754303,0.3048233091831207,0.04921180382370949,0.15754875540733337
DH,6,241018_HOBIC24_5Spezies_FISH,14,12,0.12,0.2196262627840042,0.2692831754684448,0.3061745762825012,0.0496349111199379,0.15528109669685364
DH,6,241018_HOBIC24_5Spezies_FISH,14,13,0.13,0.2202351838350296,0.2706553339958191,0.3063048720359802,0.05033276602625847,0.1524718701839447
DH,6,241018_HOBIC24_5Spezies_FISH,14,14,0.14,0.2206992208957672,0.2727854549884796,0.3058706521987915,0.050462763756513596,0.15018188953399658
DH,6,241018_HOBIC24_5Spezies_FISH,14,15,0.15,0.22101829946041107,0.2728286385536194,0.30758291482925415,0.05134297162294388,0.14722710847854614
DH,6,241018_HOBIC24_5Spezies_FISH,14,16,0.16,0.22122716903686523,0.2752651274204254,0.30698591470718384,0.05261996388435364,0.1439017802476883
DH,6,241018_HOBIC24_5Spezies_FISH,14,17,0.17,0.22064664959907532,0.27729713916778564,0.3066103160381317,0.05304640159010887,0.14239944517612457
DH,6,241018_HOBIC24_5Spezies_FISH,14,18,0.18,0.21944904327392578,0.2821425795555115,0.3057766854763031,0.05409985035657883,0.13853192329406738
DH,6,241018_HOBIC24_5Spezies_FISH,14,19,0.19,0.22211115062236786,0.2793724536895752,0.306617796421051,0.05509784072637558,0.13680079579353333
DH,6,241018_HOBIC24_5Spezies_FISH,14,20,0.2,0.22146083414554596,0.28004589676856995,0.3082831799983978,0.055738821625709534,0.13447125256061554
DH,6,241018_HOBIC24_5Spezies_FISH,14,21,0.21,0.2211735099554062,0.27990293502807617,0.30862748622894287,0.056268613785505295,0.1340274214744568
DH,6,241018_HOBIC24_5Spezies_FISH,14,22,0.22,0.22119739651679993,0.28155580163002014,0.30886486172676086,0.05690361559391022,0.13147835433483124
DH,6,241018_HOBIC24_5Spezies_FISH,14,23,0.23,0.22247286140918732,0.28050941228866577,0.3106444776058197,0.05776015296578407,0.12861312925815582
DH,6,241018_HOBIC24_5Spezies_FISH,14,24,0.24,0.22191394865512848,0.2824886739253998,0.3117133378982544,0.05764389410614967,0.12624013423919678
DH,6,241018_HOBIC24_5Spezies_FISH,14,25,0.25,0.22234049439430237,0.28263312578201294,0.31012144684791565,0.058819808065891266,0.126085102558136
DH,6,241018_HOBIC24_5Spezies_FISH,14,26,0.26,0.22364501655101776,0.2829279899597168,0.31033772230148315,0.05953168869018555,0.12355750054121017
DH,6,241018_HOBIC24_5Spezies_FISH,14,27,0.27,0.22374670207500458,0.28365129232406616,0.3115414083003998,0.05962085351347923,0.12143973261117935
DH,6,241018_HOBIC24_5Spezies_FISH,14,28,0.28,0.22558175027370453,0.2832830846309662,0.30998045206069946,0.061234332621097565,0.11992044001817703
DH,6,241018_HOBIC24_5Spezies_FISH,14,29,0.29,0.22624531388282776,0.28370362520217896,0.31027188897132874,0.06084435060620308,0.11893472075462341
DH,6,241018_HOBIC24_5Spezies_FISH,14,30,0.3,0.22826145589351654,0.2821401357650757,0.3099426329135895,0.06191633641719818,0.1177394762635231
DH,6,241018_HOBIC24_5Spezies_FISH,14,31,0.31,0.23053456842899323,0.28288543224334717,0.3088640570640564,0.06217312812805176,0.11554276943206787
DH,6,241018_HOBIC24_5Spezies_FISH,14,32,0.32,0.23015478253364563,0.284225195646286,0.3077510893344879,0.06283910572528839,0.11502984166145325
DH,6,241018_HOBIC24_5Spezies_FISH,14,33,0.33,0.23042407631874084,0.28334102034568787,0.30864188075065613,0.06395944952964783,0.11363359540700912
DH,6,241018_HOBIC24_5Spezies_FISH,14,34,0.34,0.2327958196401596,0.28198689222335815,0.3081513047218323,0.06368379294872284,0.11338221281766891
DH,6,241018_HOBIC24_5Spezies_FISH,14,35,0.35,0.23285765945911407,0.28259873390197754,0.3060435354709625,0.06495212018489838,0.11354794353246689
DH,6,241018_HOBIC24_5Spezies_FISH,14,36,0.36,0.23444321751594543,0.2827622592449188,0.3049831986427307,0.0645386204123497,0.11327273398637772
DH,6,241018_HOBIC24_5Spezies_FISH,14,37,0.37,0.23541559278964996,0.28121522068977356,0.30537888407707214,0.06551464647054672,0.11247568577528
DH,6,241018_HOBIC24_5Spezies_FISH,14,38,0.38,0.2347670942544937,0.2804604172706604,0.30509883165359497,0.06594027578830719,0.11373337358236313
DH,6,241018_HOBIC24_5Spezies_FISH,14,39,0.39,0.2359938770532608,0.2803702652454376,0.30248942971229553,0.066667340695858,0.11447902768850327
DH,6,241018_HOBIC24_5Spezies_FISH,14,40,0.4,0.234980046749115,0.28236129879951477,0.3011331260204315,0.0670129656791687,0.11451255530118942
DH,6,241018_HOBIC24_5Spezies_FISH,14,41,0.41,0.2346651703119278,0.28235384821891785,0.3000589907169342,0.06778208166360855,0.11513988673686981
DH,6,241018_HOBIC24_5Spezies_FISH,14,42,0.42,0.2335382103919983,0.28253647685050964,0.30007123947143555,0.06760788708925247,0.11624617874622345
DH,6,241018_HOBIC24_5Spezies_FISH,14,43,0.43,0.2323218584060669,0.28340446949005127,0.2990480065345764,0.06843602657318115,0.11678965389728546
DH,6,241018_HOBIC24_5Spezies_FISH,14,44,0.44,0.23159641027450562,0.28366848826408386,0.29820412397384644,0.06877361983060837,0.11775737255811691
DH,6,241018_HOBIC24_5Spezies_FISH,14,45,0.45,0.23115485906600952,0.2848756015300751,0.2976874113082886,0.06824865937232971,0.1180334985256195
DH,6,241018_HOBIC24_5Spezies_FISH,14,46,0.46,0.23160973191261292,0.28359588980674744,0.2974904179573059,0.06879132241010666,0.1185125857591629
DH,6,241018_HOBIC24_5Spezies_FISH,14,47,0.47,0.23127619922161102,0.283377081155777,0.2965075671672821,0.06923053413629532,0.11960870027542114
DH,6,241018_HOBIC24_5Spezies_FISH,14,48,0.48,0.23134642839431763,0.28362491726875305,0.2963484525680542,0.06882353127002716,0.11985675245523453
DH,6,241018_HOBIC24_5Spezies_FISH,14,49,0.49,0.23103117942810059,0.2838651239871979,0.2948448359966278,0.06950969994068146,0.1207491084933281
DH,6,241018_HOBIC24_5Spezies_FISH,14,50,0.5,0.23060190677642822,0.2842589020729065,0.29434633255004883,0.06952780485153198,0.12126503884792328
DH,6,241018_HOBIC24_5Spezies_FISH,14,51,0.51,0.23032225668430328,0.2846806049346924,0.29207661747932434,0.07019851356744766,0.12272205948829651
DH,6,241018_HOBIC24_5Spezies_FISH,14,52,0.52,0.23077985644340515,0.2834130525588989,0.2923985421657562,0.07044988870620728,0.1229587197303772
DH,6,241018_HOBIC24_5Spezies_FISH,14,53,0.53,0.2325139194726944,0.2823936343193054,0.2925393581390381,0.07093539834022522,0.12161768227815628
DH,6,241018_HOBIC24_5Spezies_FISH,14,54,0.54,0.2318599820137024,0.283806711435318,0.291381299495697,0.07108831405639648,0.1218637004494667
DH,6,241018_HOBIC24_5Spezies_FISH,14,55,0.55,0.23415137827396393,0.2821291387081146,0.2897743880748749,0.07146000862121582,0.12248504161834717
DH,6,241018_HOBIC24_5Spezies_FISH,14,56,0.56,0.2344040423631668,0.2820947468280792,0.2899443209171295,0.07207109034061432,0.1214858666062355
DH,6,241018_HOBIC24_5Spezies_FISH,14,57,0.57,0.23554928600788116,0.282033234834671,0.2889140546321869,0.07247495651245117,0.12102855741977692
DH,6,241018_HOBIC24_5Spezies_FISH,14,58,0.58,0.23739619553089142,0.28008008003234863,0.28663796186447144,0.07357752323150635,0.12230825424194336
DH,6,241018_HOBIC24_5Spezies_FISH,14,59,0.59,0.23872753977775574,0.2805134952068329,0.2850317656993866,0.07364210486412048,0.1220850870013237
DH,6,241018_HOBIC24_5Spezies_FISH,14,60,0.6,0.23974335193634033,0.2790023982524872,0.2839701175689697,0.07429779320955276,0.12298626452684402
DH,6,241018_HOBIC24_5Spezies_FISH,14,61,0.61,0.2399698793888092,0.27908197045326233,0.28138187527656555,0.0747101679444313,0.12485607713460922
DH,6,241018_HOBIC24_5Spezies_FISH,14,62,0.62,0.24207942187786102,0.278367817401886,0.27949604392051697,0.07530573755502701,0.12475097179412842
DH,6,241018_HOBIC24_5Spezies_FISH,14,63,0.63,0.24444448947906494,0.27745774388313293,0.2780853509902954,0.07559368759393692,0.12441868335008621
DH,6,241018_HOBIC24_5Spezies_FISH,14,64,0.64,0.2464732825756073,0.27666589617729187,0.27485132217407227,0.07574135065078735,0.12626808881759644
DH,6,241018_HOBIC24_5Spezies_FISH,14,65,0.65,0.24732820689678192,0.2754036486148834,0.2711966335773468,0.07672593742609024,0.12934552133083344
DH,6,241018_HOBIC24_5Spezies_FISH,14,66,0.66,0.249098539352417,0.27494698762893677,0.2709409296512604,0.0772579163312912,0.12775564193725586
DH,6,241018_HOBIC24_5Spezies_FISH,14,67,0.67,0.25001853704452515,0.2731650173664093,0.26915082335472107,0.07822307199239731,0.12944254279136658
DH,6,241018_HOBIC24_5Spezies_FISH,14,68,0.68,0.2511863112449646,0.2723551094532013,0.26646292209625244,0.07871713489294052,0.13127851486206055
DH,6,241018_HOBIC24_5Spezies_FISH,14,69,0.69,0.25414860248565674,0.2710206210613251,0.2640615403652191,0.07844050973653793,0.13232873380184174
DH,6,241018_HOBIC24_5Spezies_FISH,14,70,0.7,0.25575461983680725,0.26971253752708435,0.2605447769165039,0.08008777350187302,0.1339002549648285
DH,6,241018_HOBIC24_5Spezies_FISH,14,71,0.71,0.2586574852466583,0.26967814564704895,0.2567174434661865,0.07957139611244202,0.1353754699230194
DH,6,241018_HOBIC24_5Spezies_FISH,14,72,0.72,0.26162663102149963,0.2661111652851105,0.2544010579586029,0.08038492500782013,0.13747623562812805
DH,6,241018_HOBIC24_5Spezies_FISH,14,73,0.73,0.2642558813095093,0.26576322317123413,0.25127077102661133,0.08021191507577896,0.13849817216396332
DH,6,241018_HOBIC24_5Spezies_FISH,14,74,0.74,0.2665407061576843,0.2643149793148041,0.24772819876670837,0.08108367025852203,0.1403324455022812
DH,6,241018_HOBIC24_5Spezies_FISH,14,75,0.75,0.27138546109199524,0.26048970222473145,0.2445654273033142,0.0815858468413353,0.1419735699892044
DH,6,241018_HOBIC24_5Spezies_FISH,14,76,0.76,0.27301791310310364,0.2590838670730591,0.23989097774028778,0.08233656734228134,0.1456707864999771
DH,6,241018_HOBIC24_5Spezies_FISH,14,77,0.77,0.2759667634963989,0.2562448978424072,0.23535118997097015,0.08250454813241959,0.14993257820606232
DH,6,241018_HOBIC24_5Spezies_FISH,14,78,0.78,0.2786206901073456,0.2529081106185913,0.23196659982204437,0.08333458006381989,0.15316997468471527
DH,6,241018_HOBIC24_5Spezies_FISH,14,79,0.79,0.2810898721218109,0.24982190132141113,0.22656428813934326,0.08361995965242386,0.15890398621559143
DH,6,241018_HOBIC24_5Spezies_FISH,14,80,0.8,0.2828044593334198,0.24775949120521545,0.21970298886299133,0.08420143276453018,0.16553156077861786
DH,6,241018_HOBIC24_5Spezies_FISH,14,81,0.81,0.2829186022281647,0.24582694470882416,0.21478766202926636,0.08397569507360458,0.17249102890491486
DH,6,241018_HOBIC24_5Spezies_FISH,14,82,0.82,0.28025275468826294,0.2436831295490265,0.2076576203107834,0.08485060185194016,0.18355590105056763
DH,6,241018_HOBIC24_5Spezies_FISH,14,83,0.83,0.2769886553287506,0.2421259582042694,0.20137707889080048,0.08488836884498596,0.19461992383003235
DH,6,241018_HOBIC24_5Spezies_FISH,14,84,0.84,0.274002343416214,0.23968714475631714,0.19477209448814392,0.08441662788391113,0.20712178945541382
DH,6,241018_HOBIC24_5Spezies_FISH,14,85,0.85,0.2693837285041809,0.23978470265865326,0.1897801011800766,0.08450579643249512,0.2165456861257553
DH,6,241018_HOBIC24_5Spezies_FISH,14,86,0.86,0.26315927505493164,0.23872961103916168,0.18498201668262482,0.08397113531827927,0.229157954454422
DH,6,241018_HOBIC24_5Spezies_FISH,14,87,0.87,0.2547043263912201,0.23709265887737274,0.18177853524684906,0.08413014560937881,0.2422943264245987
DH,6,241018_HOBIC24_5Spezies_FISH,14,88,0.88,0.24385343492031097,0.23716400563716888,0.17822009325027466,0.08396712690591812,0.2567952871322632
DH,6,241018_HOBIC24_5Spezies_FISH,14,89,0.89,0.23466907441616058,0.2332783341407776,0.17617756128311157,0.08315610140562057,0.2727189064025879
DH,6,241018_HOBIC24_5Spezies_FISH,14,90,0.9,0.22394238412380219,0.2347705215215683,0.17305372655391693,0.08206000179052353,0.28617337346076965
DH,6,241018_HOBIC24_5Spezies_FISH,14,91,0.91,0.2111085057258606,0.2334679663181305,0.16954532265663147,0.0820632055401802,0.30381494760513306
DH,6,241018_HOBIC24_5Spezies_FISH,14,92,0.92,0.20397765934467316,0.22799693048000336,0.16627421975135803,0.08141917735338211,0.32033205032348633
DH,6,241018_HOBIC24_5Spezies_FISH,14,93,0.93,0.1933935433626175,0.22731995582580566,0.16355302929878235,0.07988926023244858,0.3358442485332489
DH,6,241018_HOBIC24_5Spezies_FISH,14,94,0.94,0.18319536745548248,0.222635418176651,0.16147002577781677,0.07946871221065521,0.35323044657707214
DH,6,241018_HOBIC24_5Spezies_FISH,14,95,0.95,0.17819060385227203,0.2214280664920807,0.16082946956157684,0.07828963547945023,0.3612622320652008
DH,6,241018_HOBIC24_5Spezies_FISH,14,96,0.96,0.1717037409543991,0.21813319623470306,0.1588340699672699,0.07789070904254913,0.37343835830688477
DH,6,241018_HOBIC24_5Spezies_FISH,14,97,0.97,0.16695213317871094,0.2170209437608719,0.1559215486049652,0.07715371996164322,0.3829517066478729
DH,6,241018_HOBIC24_5Spezies_FISH,14,98,0.98,0.16256287693977356,0.2179395854473114,0.15621094405651093,0.07676170766353607,0.38652485609054565
DH,6,241018_HOBIC24_5Spezies_FISH,14,99,0.99,0.15994295477867126,0.217067152261734,0.152369886636734,0.07547290623188019,0.3951471447944641
DH,6,241018_HOBIC24_5Spezies_FISH,14,100,1.0,0.15778353810310364,0.21544316411018372,0.15157227218151093,0.07542239129543304,0.3997786045074463
DH,10,241018_HOBIC24_5Spezies_FISH,3,0,0.0,0.2421383261680603,0.19358327984809875,0.24760626256465912,0.08618050813674927,0.23049157857894897
DH,10,241018_HOBIC24_5Spezies_FISH,3,1,0.02564102564102564,0.23625923693180084,0.19682030379772186,0.25238513946533203,0.08767445385456085,0.226860910654068
DH,10,241018_HOBIC24_5Spezies_FISH,3,2,0.05128205128205128,0.22707156836986542,0.20173592865467072,0.26066890358924866,0.08941914886236191,0.2211044877767563
DH,10,241018_HOBIC24_5Spezies_FISH,3,3,0.07692307692307693,0.22070659697055817,0.2071145921945572,0.2682792842388153,0.09124137461185455,0.21265816688537598
DH,10,241018_HOBIC24_5Spezies_FISH,3,4,0.10256410256410256,0.2152237743139267,0.21381257474422455,0.2747766375541687,0.09395290911197662,0.20223413407802582
DH,10,241018_HOBIC24_5Spezies_FISH,3,5,0.1282051282051282,0.21237219870090485,0.21742737293243408,0.28096163272857666,0.09594174474477768,0.19329707324504852
DH,10,241018_HOBIC24_5Spezies_FISH,3,6,0.15384615384615385,0.20908701419830322,0.22188208997249603,0.2883050739765167,0.09803350269794464,0.18269237875938416
DH,10,241018_HOBIC24_5Spezies_FISH,3,7,0.1794871794871795,0.2062973976135254,0.2261059731245041,0.29435598850250244,0.10034674406051636,0.17289391160011292
DH,10,241018_HOBIC24_5Spezies_FISH,3,8,0.20512820512820512,0.20648878812789917,0.2292473167181015,0.29932108521461487,0.10243646055459976,0.16250644624233246
DH,10,241018_HOBIC24_5Spezies_FISH,3,9,0.23076923076923078,0.20907554030418396,0.23006349802017212,0.3011815547943115,0.10457734763622284,0.15510204434394836
DH,10,241018_HOBIC24_5Spezies_FISH,3,10,0.2564102564102564,0.21158941090106964,0.23562279343605042,0.29699626564979553,0.10589901357889175,0.14989246428012848
DH,10,241018_HOBIC24_5Spezies_FISH,3,11,0.28205128205128205,0.21638019382953644,0.23815032839775085,0.28894510865211487,0.10666501522064209,0.14985935389995575
DH,10,241018_HOBIC24_5Spezies_FISH,3,12,0.3076923076923077,0.21740533411502838,0.23938488960266113,0.2841736376285553,0.10886877775192261,0.1501673460006714
DH,10,241018_HOBIC24_5Spezies_FISH,3,13,0.3333333333333333,0.21655476093292236,0.24355396628379822,0.2791997790336609,0.10886704921722412,0.1518244445323944
DH,10,241018_HOBIC24_5Spezies_FISH,3,14,0.358974358974359,0.2178782969713211,0.23945501446723938,0.27235424518585205,0.10940749943256378,0.16090495884418488
DH,10,241018_HOBIC24_5Spezies_FISH,3,15,0.38461538461538464,0.21512377262115479,0.23170936107635498,0.26509562134742737,0.10978169739246368,0.1782895177602768
DH,10,241018_HOBIC24_5Spezies_FISH,3,16,0.41025641025641024,0.21433426439762115,0.22456471621990204,0.2623497247695923,0.10938902199268341,0.18936225771903992
DH,10,241018_HOBIC24_5Spezies_FISH,3,17,0.4358974358974359,0.21162372827529907,0.21971897780895233,0.26094117760658264,0.10894513130187988,0.19877104461193085
DH,10,241018_HOBIC24_5Spezies_FISH,3,18,0.46153846153846156,0.2112148553133011,0.21931703388690948,0.25992774963378906,0.10894916206598282,0.20059123635292053
DH,10,241018_HOBIC24_5Spezies_FISH,3,19,0.48717948717948717,0.20966920256614685,0.21637964248657227,0.25995033979415894,0.10971349477767944,0.2042873054742813
DH,10,241018_HOBIC24_5Spezies_FISH,3,20,0.5128205128205128,0.20845191180706024,0.2162015438079834,0.25941625237464905,0.11052010953426361,0.2054101973772049
DH,10,241018_HOBIC24_5Spezies_FISH,3,21,0.5384615384615384,0.20821937918663025,0.2170063704252243,0.25731906294822693,0.1104525476694107,0.2070026844739914
DH,10,241018_HOBIC24_5Spezies_FISH,3,22,0.5641025641025641,0.20601654052734375,0.21920421719551086,0.2571675479412079,0.11202816665172577,0.20558345317840576
DH,10,241018_HOBIC24_5Spezies_FISH,3,23,0.5897435897435898,0.20412521064281464,0.2216637283563614,0.25713101029396057,0.11296969652175903,0.20411042869091034
DH,10,241018_HOBIC24_5Spezies_FISH,3,24,0.6153846153846154,0.20427609980106354,0.22430653870105743,0.25747230648994446,0.11314582824707031,0.20079916715621948
DH,10,241018_HOBIC24_5Spezies_FISH,3,25,0.6410256410256411,0.2045121043920517,0.2277735322713852,0.2545791566371918,0.11452098935842514,0.19861429929733276
DH,10,241018_HOBIC24_5Spezies_FISH,3,26,0.6666666666666666,0.20424042642116547,0.2301349639892578,0.25336429476737976,0.11599647998809814,0.1962638795375824
DH,10,241018_HOBIC24_5Spezies_FISH,3,27,0.6923076923076923,0.2048347443342209,0.23200306296348572,0.2510983943939209,0.11728739738464355,0.19477632641792297
DH,10,241018_HOBIC24_5Spezies_FISH,3,28,0.717948717948718,0.20755746960639954,0.23348857462406158,0.2458869069814682,0.11959730088710785,0.19346974790096283
DH,10,241018_HOBIC24_5Spezies_FISH,3,29,0.7435897435897436,0.20908768475055695,0.23661774396896362,0.24187691509723663,0.12069446593523026,0.19172322750091553
DH,10,241018_HOBIC24_5Spezies_FISH,3,30,0.7692307692307693,0.21310943365097046,0.24349632859230042,0.22864612936973572,0.12250421941280365,0.19224390387535095
DH,10,241018_HOBIC24_5Spezies_FISH,3,31,0.7948717948717948,0.2161397784948349,0.2486790269613266,0.2087661474943161,0.12592825293540955,0.20048674941062927
DH,10,241018_HOBIC24_5Spezies_FISH,3,32,0.8205128205128205,0.2159271538257599,0.2551653981208801,0.1787145435810089,0.12997262179851532,0.22022031247615814
DH,10,241018_HOBIC24_5Spezies_FISH,3,33,0.8461538461538461,0.21274882555007935,0.251839816570282,0.15103235840797424,0.13448406755924225,0.249894917011261
DH,10,241018_HOBIC24_5Spezies_FISH,3,34,0.8717948717948718,0.20947672426700592,0.24292494356632233,0.1377161294221878,0.13533858954906464,0.2745436131954193
DH,10,241018_HOBIC24_5Spezies_FISH,3,35,0.8974358974358975,0.20636802911758423,0.2317262887954712,0.13029681146144867,0.13556116819381714,0.29604771733283997
DH,10,241018_HOBIC24_5Spezies_FISH,3,36,0.9230769230769231,0.20583367347717285,0.224813774228096,0.1284969449043274,0.13545162975788116,0.30540400743484497
DH,10,241018_HOBIC24_5Spezies_FISH,3,37,0.9487179487179487,0.20479370653629303,0.22161486744880676,0.1260737180709839,0.13557380437850952,0.31194397807121277
DH,10,241018_HOBIC24_5Spezies_FISH,3,38,0.9743589743589743,0.20386995375156403,0.22077639400959015,0.1257122904062271,0.13495992124080658,0.31468141078948975
DH,10,241018_HOBIC24_5Spezies_FISH,3,39,1.0,0.203525111079216,0.21927553415298462,0.1256706565618515,0.13537923991680145,0.31614950299263
DH,10,241018_HOBIC24_5Spezies_FISH,15,0,0.0,0.2588047385215759,0.216209277510643,0.23498882353305817,0.07660291343927383,0.21339432895183563
DH,10,241018_HOBIC24_5Spezies_FISH,15,1,0.02702702702702703,0.2548438608646393,0.21390263736248016,0.2416052669286728,0.07681047171354294,0.212837815284729
DH,10,241018_HOBIC24_5Spezies_FISH,15,2,0.05405405405405406,0.250008761882782,0.21487097442150116,0.24595291912555695,0.07691027969121933,0.21225705742835999
DH,10,241018_HOBIC24_5Spezies_FISH,15,3,0.08108108108108109,0.24497844278812408,0.21638663113117218,0.25009793043136597,0.07766827940940857,0.21086877584457397
DH,10,241018_HOBIC24_5Spezies_FISH,15,4,0.10810810810810811,0.23772476613521576,0.2213098108768463,0.25454771518707275,0.07758580893278122,0.20883186161518097
DH,10,241018_HOBIC24_5Spezies_FISH,15,5,0.13513513513513514,0.2307089865207672,0.2243986576795578,0.2600559890270233,0.07842522859573364,0.20641112327575684
DH,10,241018_HOBIC24_5Spezies_FISH,15,6,0.16216216216216217,0.22386090457439423,0.22960887849330902,0.26397407054901123,0.07916475832462311,0.2033914029598236
DH,10,241018_HOBIC24_5Spezies_FISH,15,7,0.1891891891891892,0.21854209899902344,0.2324644774198532,0.269887238740921,0.08000364154577255,0.1991024762392044
DH,10,241018_HOBIC24_5Spezies_FISH,15,8,0.21621621621621623,0.21442195773124695,0.23487989604473114,0.27484312653541565,0.08082829415798187,0.19502678513526917
DH,10,241018_HOBIC24_5Spezies_FISH,15,9,0.24324324324324326,0.2109270989894867,0.23780952394008636,0.27902916073799133,0.08255033940076828,0.18968388438224792
DH,10,241018_HOBIC24_5Spezies_FISH,15,10,0.2702702702702703,0.20764854550361633,0.2419748455286026,0.2834140956401825,0.08274631947278976,0.1842162013053894
DH,10,241018_HOBIC24_5Spezies_FISH,15,11,0.2972972972972973,0.20751617848873138,0.2415708750486374,0.2880876362323761,0.08426167815923691,0.17856360971927643
DH,10,241018_HOBIC24_5Spezies_FISH,15,12,0.32432432432432434,0.2064385861158371,0.2471327930688858,0.28965386748313904,0.08536596596240997,0.17140869796276093
DH,10,241018_HOBIC24_5Spezies_FISH,15,13,0.35135135135135137,0.20655210316181183,0.2472502738237381,0.29252132773399353,0.08774949610233307,0.1659267395734787
DH,10,241018_HOBIC24_5Spezies_FISH,15,14,0.3783783783783784,0.2068072259426117,0.24897469580173492,0.292866587638855,0.08956814557313919,0.16178341209888458
DH,10,241018_HOBIC24_5Spezies_FISH,15,15,0.40540540540540543,0.20783434808254242,0.2500847280025482,0.2943233251571655,0.09159857779741287,0.15615902841091156
DH,10,241018_HOBIC24_5Spezies_FISH,15,16,0.43243243243243246,0.20845365524291992,0.25101882219314575,0.29639098048210144,0.09265989810228348,0.15147672593593597
DH,10,241018_HOBIC24_5Spezies_FISH,15,17,0.4594594594594595,0.20990943908691406,0.24948886036872864,0.2969208359718323,0.09398183971643448,0.14969898760318756
DH,10,241018_HOBIC24_5Spezies_FISH,15,18,0.4864864864864865,0.21179257333278656,0.2479250133037567,0.29444846510887146,0.09603238105773926,0.1498015820980072
DH,10,241018_HOBIC24_5Spezies_FISH,15,19,0.5135135135135135,0.21086552739143372,0.24953106045722961,0.2890133559703827,0.09751860797405243,0.15307147800922394
DH,10,241018_HOBIC24_5Spezies_FISH,15,20,0.5405405405405406,0.21139319241046906,0.25139209628105164,0.28127604722976685,0.09861905872821808,0.15731965005397797
DH,10,241018_HOBIC24_5Spezies_FISH,15,21,0.5675675675675675,0.20855236053466797,0.24879784882068634,0.276528537273407,0.09937147796154022,0.1667497754096985
DH,10,241018_HOBIC24_5Spezies_FISH,15,22,0.5945945945945946,0.20651642978191376,0.24696223437786102,0.2691778838634491,0.1000690758228302,0.17727436125278473
DH,10,241018_HOBIC24_5Spezies_FISH,15,23,0.6216216216216216,0.20788200199604034,0.24247615039348602,0.26354411244392395,0.10073449462652206,0.18536323308944702
DH,10,241018_HOBIC24_5Spezies_FISH,15,24,0.6486486486486487,0.20331496000289917,0.24104930460453033,0.25941434502601624,0.10107875615358353,0.19514261186122894
DH,10,241018_HOBIC24_5Spezies_FISH,15,25,0.6756756756756757,0.20204035937786102,0.2410363405942917,0.2533574402332306,0.10247773677110672,0.20108817517757416
DH,10,241018_HOBIC24_5Spezies_FISH,15,26,0.7027027027027027,0.20335029065608978,0.24108225107192993,0.24995552003383636,0.10279867053031921,0.2028132677078247
DH,10,241018_HOBIC24_5Spezies_FISH,15,27,0.7297297297297297,0.19917599856853485,0.23883271217346191,0.24922394752502441,0.10311314463615417,0.20965419709682465
DH,10,241018_HOBIC24_5Spezies_FISH,15,28,0.7567567567567568,0.19894173741340637,0.238031268119812,0.24595703184604645,0.10433154553174973,0.21273840963840485
DH,10,241018_HOBIC24_5Spezies_FISH,15,29,0.7837837837837838,0.19832977652549744,0.23802444338798523,0.2401907593011856,0.1052590161561966,0.21819597482681274
DH,10,241018_HOBIC24_5Spezies_FISH,15,30,0.8108108108108109,0.19636982679367065,0.23945792019367218,0.2325180172920227,0.10597112774848938,0.2256830930709839
DH,10,241018_HOBIC24_5Spezies_FISH,15,31,0.8378378378378378,0.1944875419139862,0.23673777282238007,0.22815777361392975,0.10674712806940079,0.23386980593204498
DH,10,241018_HOBIC24_5Spezies_FISH,15,32,0.8648648648648649,0.18942755460739136,0.2353033572435379,0.22283528745174408,0.10714013874530792,0.24529367685317993
DH,10,241018_HOBIC24_5Spezies_FISH,15,33,0.8918918918918919,0.18727514147758484,0.23345747590065002,0.21602696180343628,0.1074802577495575,0.25576022267341614
DH,10,241018_HOBIC24_5Spezies_FISH,15,34,0.918918918918919,0.1841672658920288,0.23081693053245544,0.21195955574512482,0.10777520388364792,0.2652810215950012
DH,10,241018_HOBIC24_5Spezies_FISH,15,35,0.9459459459459459,0.18142254650592804,0.22729532420635223,0.2073633372783661,0.10818130522966385,0.275737464427948
DH,10,241018_HOBIC24_5Spezies_FISH,15,36,0.972972972972973,0.17881962656974792,0.22512513399124146,0.20268937945365906,0.10804138332605362,0.2853245139122009
DH,10,241018_HOBIC24_5Spezies_FISH,15,37,1.0,0.17867907881736755,0.22275996208190918,0.2029600441455841,0.1084420457482338,0.28715890645980835
DH,10,241018_HOBIC24_5Spezies_FISH,16,0,0.0,0.2822340130805969,0.18515512347221375,0.2364259660243988,0.07070259749889374,0.22548231482505798
DH,10,241018_HOBIC24_5Spezies_FISH,16,1,0.027777777777777776,0.2747829258441925,0.19068516790866852,0.24180909991264343,0.07111848145723343,0.2216043621301651
DH,10,241018_HOBIC24_5Spezies_FISH,16,2,0.05555555555555555,0.26774078607559204,0.19377906620502472,0.25068262219429016,0.07272223383188248,0.2150753289461136
DH,10,241018_HOBIC24_5Spezies_FISH,16,3,0.08333333333333333,0.261590838432312,0.19895879924297333,0.2576516270637512,0.07429859042167664,0.207500159740448
DH,10,241018_HOBIC24_5Spezies_FISH,16,4,0.1111111111111111,0.2524009644985199,0.20619215071201324,0.2669537365436554,0.07541473954916,0.19903843104839325
DH,10,241018_HOBIC24_5Spezies_FISH,16,5,0.1388888888888889,0.24683164060115814,0.21268567442893982,0.27328383922576904,0.07703041285276413,0.19016842544078827
DH,10,241018_HOBIC24_5Spezies_FISH,16,6,0.16666666666666666,0.24581903219223022,0.21726205945014954,0.2767205536365509,0.07828237116336823,0.18191589415073395
DH,10,241018_HOBIC24_5Spezies_FISH,16,7,0.19444444444444445,0.23947370052337646,0.22509533166885376,0.2805494964122772,0.07924935966730118,0.17563211917877197
DH,10,241018_HOBIC24_5Spezies_FISH,16,8,0.2222222222222222,0.2374005764722824,0.22857235372066498,0.28331971168518066,0.08031443506479263,0.1703929603099823
DH,10,241018_HOBIC24_5Spezies_FISH,16,9,0.25,0.23506474494934082,0.2314075082540512,0.2862709164619446,0.08081639558076859,0.1664404571056366
DH,10,241018_HOBIC24_5Spezies_FISH,16,10,0.2777777777777778,0.2319159209728241,0.23517823219299316,0.2864631116390228,0.08108793199062347,0.16535480320453644
DH,10,241018_HOBIC24_5Spezies_FISH,16,11,0.3055555555555556,0.22938743233680725,0.2353915572166443,0.2873920798301697,0.08218271285295486,0.16564619541168213
DH,10,241018_HOBIC24_5Spezies_FISH,16,12,0.3333333333333333,0.22781626880168915,0.2355383187532425,0.2879469096660614,0.08296415954828262,0.1657344102859497
DH,10,241018_HOBIC24_5Spezies_FISH,16,13,0.3611111111111111,0.22431308031082153,0.23669534921646118,0.2893540561199188,0.08336637914180756,0.1662711501121521
DH,10,241018_HOBIC24_5Spezies_FISH,16,14,0.3888888888888889,0.22029587626457214,0.2373022884130478,0.2918664216995239,0.08394474536180496,0.1665906310081482
DH,10,241018_HOBIC24_5Spezies_FISH,16,15,0.4166666666666667,0.2182844579219818,0.23768740892410278,0.29359179735183716,0.08515848964452744,0.16527783870697021
DH,10,241018_HOBIC24_5Spezies_FISH,16,16,0.4444444444444444,0.2153116911649704,0.2407592535018921,0.29544833302497864,0.08600069582462311,0.16247999668121338
DH,10,241018_HOBIC24_5Spezies_FISH,16,17,0.4722222222222222,0.2133248746395111,0.24273665249347687,0.29622623324394226,0.08703995496034622,0.16067226231098175
DH,10,241018_HOBIC24_5Spezies_FISH,16,18,0.5,0.2125602662563324,0.24429206550121307,0.2953251302242279,0.08914945274591446,0.15867309272289276
DH,10,241018_HOBIC24_5Spezies_FISH,16,19,0.5277777777777778,0.21158583462238312,0.24869541823863983,0.29201769828796387,0.09023547917604446,0.15746554732322693
DH,10,241018_HOBIC24_5Spezies_FISH,16,20,0.5555555555555556,0.2108595222234726,0.25198787450790405,0.2881860136985779,0.09134307503700256,0.1576234996318817
DH,10,241018_HOBIC24_5Spezies_FISH,16,21,0.5833333333333334,0.20835061371326447,0.2575560212135315,0.2854951322078705,0.09286396205425262,0.15573431551456451
DH,10,241018_HOBIC24_5Spezies_FISH,16,22,0.6111111111111112,0.20641623437404633,0.26074114441871643,0.27830666303634644,0.09600478410720825,0.15853114426136017
DH,10,241018_HOBIC24_5Spezies_FISH,16,23,0.6388888888888888,0.20440924167633057,0.2642969787120819,0.27384623885154724,0.09730063378810883,0.16014687716960907
DH,10,241018_HOBIC24_5Spezies_FISH,16,24,0.6666666666666666,0.2029227465391159,0.26432153582572937,0.2714947462081909,0.098364919424057,0.16289609670639038
DH,10,241018_HOBIC24_5Spezies_FISH,16,25,0.6944444444444444,0.20063956081867218,0.2657996118068695,0.26420655846595764,0.10066509246826172,0.16868920624256134
DH,10,241018_HOBIC24_5Spezies_FISH,16,26,0.7222222222222222,0.20043258368968964,0.2655142545700073,0.2524382770061493,0.10361484438180923,0.1780000925064087
DH,10,241018_HOBIC24_5Spezies_FISH,16,27,0.75,0.19813214242458344,0.2625531852245331,0.24111230671405792,0.10685650259256363,0.19134587049484253
DH,10,241018_HOBIC24_5Spezies_FISH,16,28,0.7777777777777778,0.19318237900733948,0.26126644015312195,0.23313091695308685,0.10814498364925385,0.20427529513835907
DH,10,241018_HOBIC24_5Spezies_FISH,16,29,0.8055555555555556,0.19017773866653442,0.2572546601295471,0.22496871650218964,0.10990653932094574,0.21769225597381592
DH,10,241018_HOBIC24_5Spezies_FISH,16,30,0.8333333333333334,0.18647229671478271,0.25130441784858704,0.22029991447925568,0.11187819391489029,0.23004518449306488
DH,10,241018_HOBIC24_5Spezies_FISH,16,31,0.8611111111111112,0.1850462704896927,0.2448299676179886,0.2136097103357315,0.11231118440628052,0.2442028820514679
DH,10,241018_HOBIC24_5Spezies_FISH,16,32,0.8888888888888888,0.1827394664287567,0.23470517992973328,0.2083246409893036,0.11261051148176193,0.26162025332450867
DH,10,241018_HOBIC24_5Spezies_FISH,16,33,0.9166666666666666,0.1818726807832718,0.2232520878314972,0.20351898670196533,0.1122526079416275,0.2791036367416382
DH,10,241018_HOBIC24_5Spezies_FISH,16,34,0.9444444444444444,0.18144255876541138,0.21861369907855988,0.1999780386686325,0.11092829704284668,0.28903743624687195
DH,10,241018_HOBIC24_5Spezies_FISH,16,35,0.9722222222222222,0.18060661852359772,0.21478469669818878,0.19906985759735107,0.11037622392177582,0.2951626181602478
DH,10,241018_HOBIC24_5Spezies_FISH,16,36,1.0,0.17938946187496185,0.21174652874469757,0.19814017415046692,0.11068334430456161,0.30004045367240906
DH,15,241018_HOBIC24_5Spezies_FISH,1,0,0.0,0.07483745366334915,0.14851757884025574,0.24917563796043396,0.12082423269748688,0.4066450893878937
DH,15,241018_HOBIC24_5Spezies_FISH,1,1,0.045454545454545456,0.0731867253780365,0.15150876343250275,0.25470227003097534,0.12199793010950089,0.39860427379608154
DH,15,241018_HOBIC24_5Spezies_FISH,1,2,0.09090909090909091,0.07217196375131607,0.16116972267627716,0.259196937084198,0.1227724701166153,0.3846889138221741
DH,15,241018_HOBIC24_5Spezies_FISH,1,3,0.13636363636363635,0.07100881636142731,0.16910505294799805,0.26337841153144836,0.12417151033878326,0.3723362386226654
DH,15,241018_HOBIC24_5Spezies_FISH,1,4,0.18181818181818182,0.07035074383020401,0.17971166968345642,0.26896604895591736,0.1270870417356491,0.3538844585418701
DH,15,241018_HOBIC24_5Spezies_FISH,1,5,0.22727272727272727,0.07110534608364105,0.19141851365566254,0.2761462330818176,0.13005368411540985,0.33127614855766296
DH,15,241018_HOBIC24_5Spezies_FISH,1,6,0.2727272727272727,0.07286138087511063,0.2027159482240677,0.28290149569511414,0.1325295865535736,0.3089916408061981
DH,15,241018_HOBIC24_5Spezies_FISH,1,7,0.3181818181818182,0.07505503296852112,0.21355611085891724,0.28954246640205383,0.1350998729467392,0.2867465615272522
DH,15,241018_HOBIC24_5Spezies_FISH,1,8,0.36363636363636365,0.07716064900159836,0.22133557498455048,0.29588809609413147,0.14105291664600372,0.26456278562545776
DH,15,241018_HOBIC24_5Spezies_FISH,1,9,0.4090909090909091,0.08131005614995956,0.23261336982250214,0.3040497899055481,0.1461247354745865,0.2359020859003067
DH,15,241018_HOBIC24_5Spezies_FISH,1,10,0.45454545454545453,0.08919508010149002,0.24406109750270844,0.31129974126815796,0.15083952248096466,0.2046046108007431
DH,15,241018_HOBIC24_5Spezies_FISH,1,11,0.5,0.09338432550430298,0.2541560232639313,0.3163211941719055,0.15511879324913025,0.1810196489095688
DH,15,241018_HOBIC24_5Spezies_FISH,1,12,0.5454545454545454,0.10106592625379562,0.2657147943973541,0.31593191623687744,0.15958064794540405,0.15770673751831055
DH,15,241018_HOBIC24_5Spezies_FISH,1,13,0.5909090909090909,0.11187120527029037,0.27696239948272705,0.3128148913383484,0.1634499728679657,0.13490146398544312
DH,15,241018_HOBIC24_5Spezies_FISH,1,14,0.6363636363636364,0.12505756318569183,0.2883774936199188,0.30142396688461304,0.16655100882053375,0.11858994513750076
DH,15,241018_HOBIC24_5Spezies_FISH,1,15,0.6818181818181818,0.13930799067020416,0.29591506719589233,0.2886179983615875,0.16845178604125977,0.10770716518163681
DH,15,241018_HOBIC24_5Spezies_FISH,1,16,0.7272727272727273,0.15010131895542145,0.3001890182495117,0.26620495319366455,0.17386940121650696,0.10963531583547592
DH,15,241018_HOBIC24_5Spezies_FISH,1,17,0.7727272727272727,0.14818036556243896,0.28545957803726196,0.24736112356185913,0.1833038330078125,0.13569505512714386
DH,15,241018_HOBIC24_5Spezies_FISH,1,18,0.8181818181818182,0.14063002169132233,0.26105862855911255,0.23835262656211853,0.1882668137550354,0.17169198393821716
DH,15,241018_HOBIC24_5Spezies_FISH,1,19,0.8636363636363636,0.13370300829410553,0.23299001157283783,0.23277106881141663,0.1917574405670166,0.20877854526042938
DH,15,241018_HOBIC24_5Spezies_FISH,1,20,0.9090909090909091,0.1278509497642517,0.21153216063976288,0.2291913777589798,0.19258542358875275,0.23884008824825287
DH,15,241018_HOBIC24_5Spezies_FISH,1,21,0.9545454545454546,0.12513333559036255,0.20188570022583008,0.22669509053230286,0.19145523011684418,0.25483065843582153
DH,15,241018_HOBIC24_5Spezies_FISH,1,22,1.0,0.12341011315584183,0.19618137180805206,0.22515319287776947,0.19187815487384796,0.2633771300315857
DH,15,241018_HOBIC24_5Spezies_FISH,17,0,0.0,0.29073604941368103,0.23061487078666687,0.24620723724365234,0.06641550362110138,0.16602633893489838
DH,15,241018_HOBIC24_5Spezies_FISH,17,1,0.034482758620689655,0.28146663308143616,0.23614393174648285,0.2514967918395996,0.0673874095082283,0.1635051816701889
DH,15,241018_HOBIC24_5Spezies_FISH,17,2,0.06896551724137931,0.2703149914741516,0.23967045545578003,0.25835198163986206,0.06896306574344635,0.16269952058792114
DH,15,241018_HOBIC24_5Spezies_FISH,17,3,0.10344827586206896,0.25734567642211914,0.24978595972061157,0.2629670202732086,0.07069915533065796,0.1592021882534027
DH,15,241018_HOBIC24_5Spezies_FISH,17,4,0.13793103448275862,0.244711235165596,0.2575242519378662,0.2693159878253937,0.07196255773305893,0.15648600459098816
DH,15,241018_HOBIC24_5Spezies_FISH,17,5,0.1724137931034483,0.23376041650772095,0.2657611668109894,0.2740989029407501,0.07451444119215012,0.15186503529548645
DH,15,241018_HOBIC24_5Spezies_FISH,17,6,0.20689655172413793,0.22254124283790588,0.2737398147583008,0.2772970199584961,0.07766840606927872,0.14875353872776031
DH,15,241018_HOBIC24_5Spezies_FISH,17,7,0.2413793103448276,0.21265514194965363,0.27913039922714233,0.2829557955265045,0.08059152215719223,0.14466707408428192
DH,15,241018_HOBIC24_5Spezies_FISH,17,8,0.27586206896551724,0.20690017938613892,0.2845992147922516,0.2837648093700409,0.08326628804206848,0.1414695382118225
DH,15,241018_HOBIC24_5Spezies_FISH,17,9,0.3103448275862069,0.2025444358587265,0.2886670231819153,0.2844460606575012,0.08561217784881592,0.13873028755187988
DH,15,241018_HOBIC24_5Spezies_FISH,17,10,0.3448275862068966,0.19851669669151306,0.2907451391220093,0.28587833046913147,0.0888165682554245,0.1360432207584381
DH,15,241018_HOBIC24_5Spezies_FISH,17,11,0.3793103448275862,0.19566605985164642,0.29166486859321594,0.2862338125705719,0.0922422707080841,0.13419297337532043
DH,15,241018_HOBIC24_5Spezies_FISH,17,12,0.41379310344827586,0.1939135640859604,0.2931820750236511,0.28479310870170593,0.09538339823484421,0.13272780179977417
DH,15,241018_HOBIC24_5Spezies_FISH,17,13,0.4482758620689655,0.19038435816764832,0.2948429584503174,0.2826874256134033,0.10018205642700195,0.1319032609462738
DH,15,241018_HOBIC24_5Spezies_FISH,17,14,0.4827586206896552,0.1880853921175003,0.29695579409599304,0.2790863513946533,0.10497264564037323,0.1308998465538025
DH,15,241018_HOBIC24_5Spezies_FISH,17,15,0.5172413793103449,0.18366548418998718,0.2942252457141876,0.273095041513443,0.11113312840461731,0.1378810852766037
DH,15,241018_HOBIC24_5Spezies_FISH,17,16,0.5517241379310345,0.17871128022670746,0.28720319271087646,0.264603853225708,0.11704713851213455,0.1524345427751541
DH,15,241018_HOBIC24_5Spezies_FISH,17,17,0.5862068965517241,0.1704574078321457,0.26896190643310547,0.2548051178455353,0.12390659004449844,0.18186891078948975
DH,15,241018_HOBIC24_5Spezies_FISH,17,18,0.6206896551724138,0.1613374799489975,0.25148800015449524,0.24161462485790253,0.12896019220352173,0.2165997326374054
DH,15,241018_HOBIC24_5Spezies_FISH,17,19,0.6551724137931034,0.1548658311367035,0.2362164407968521,0.2350631058216095,0.13117475807666779,0.2426798790693283
DH,15,241018_HOBIC24_5Spezies_FISH,17,20,0.6896551724137931,0.14940151572227478,0.22987383604049683,0.2308383285999298,0.13165977597236633,0.25822651386260986
DH,15,241018_HOBIC24_5Spezies_FISH,17,21,0.7241379310344828,0.14737288653850555,0.22178640961647034,0.2295723855495453,0.13107943534851074,0.2701888680458069
DH,15,241018_HOBIC24_5Spezies_FISH,17,22,0.7586206896551724,0.14547045528888702,0.2162337452173233,0.22964921593666077,0.13041245937347412,0.2782340943813324
DH,15,241018_HOBIC24_5Spezies_FISH,17,23,0.7931034482758621,0.14421473443508148,0.21427534520626068,0.2289804071187973,0.1299125701189041,0.2826170325279236
DH,15,241018_HOBIC24_5Spezies_FISH,17,24,0.8275862068965517,0.14280301332473755,0.21379946172237396,0.2292274534702301,0.12941676378250122,0.28475332260131836
DH,15,241018_HOBIC24_5Spezies_FISH,17,25,0.8620689655172413,0.14336003363132477,0.21300141513347626,0.22879958152770996,0.12872016429901123,0.2861187756061554
DH,15,241018_HOBIC24_5Spezies_FISH,17,26,0.896551724137931,0.14217041432857513,0.21164751052856445,0.22952495515346527,0.12859611213207245,0.2880610227584839
DH,15,241018_HOBIC24_5Spezies_FISH,17,27,0.9310344827586207,0.14303384721279144,0.21049080789089203,0.2285044640302658,0.12909278273582458,0.28887808322906494
DH,15,241018_HOBIC24_5Spezies_FISH,17,28,0.9655172413793104,0.14085602760314941,0.20997916162014008,0.2280511111021042,0.12910017371177673,0.292013555765152
DH,15,241018_HOBIC24_5Spezies_FISH,17,29,1.0,0.1421215981245041,0.21073132753372192,0.2285250872373581,0.12882041931152344,0.2898015081882477
DH,21,241018_HOBIC24_5Spezies_FISH,2,0,0.0,0.398393839597702,0.15149465203285217,0.15497815608978271,0.07805287092924118,0.2170804738998413
DH,21,241018_HOBIC24_5Spezies_FISH,2,1,0.023809523809523808,0.3566519320011139,0.15675903856754303,0.16414055228233337,0.08490348607301712,0.23754504323005676
DH,21,241018_HOBIC24_5Spezies_FISH,2,2,0.047619047619047616,0.2695690989494324,0.17643855512142181,0.17708340287208557,0.09611311554908752,0.28079575300216675
DH,21,241018_HOBIC24_5Spezies_FISH,2,3,0.07142857142857142,0.1304115355014801,0.21407550573349,0.19141723215579987,0.11168789118528366,0.35240787267684937
DH,21,241018_HOBIC24_5Spezies_FISH,2,4,0.09523809523809523,0.03950164467096329,0.2678881585597992,0.23231761157512665,0.12606024742126465,0.3342323303222656
DH,21,241018_HOBIC24_5Spezies_FISH,2,5,0.11904761904761904,0.0509139820933342,0.24201537668704987,0.24938905239105225,0.13211533427238464,0.32556620240211487
DH,21,241018_HOBIC24_5Spezies_FISH,2,6,0.14285714285714285,0.12821727991104126,0.18282902240753174,0.2861349880695343,0.1262848824262619,0.276533842086792
DH,21,241018_HOBIC24_5Spezies_FISH,2,7,0.16666666666666666,0.16399575769901276,0.1763160228729248,0.3006877899169922,0.12227184325456619,0.23672862350940704
DH,21,241018_HOBIC24_5Spezies_FISH,2,8,0.19047619047619047,0.17994005978107452,0.17587706446647644,0.3079661428928375,0.12206142395734787,0.21415536105632782
DH,21,241018_HOBIC24_5Spezies_FISH,2,9,0.21428571428571427,0.19290326535701752,0.17926445603370667,0.308012992143631,0.1234639510512352,0.19635535776615143
DH,21,241018_HOBIC24_5Spezies_FISH,2,10,0.23809523809523808,0.20917633175849915,0.18244723975658417,0.3077266216278076,0.12390294671058655,0.17674681544303894
DH,21,241018_HOBIC24_5Spezies_FISH,2,11,0.2619047619047619,0.22554324567317963,0.1817808896303177,0.3093298077583313,0.1237189993262291,0.1596270352602005
DH,21,241018_HOBIC24_5Spezies_FISH,2,12,0.2857142857142857,0.23473188281059265,0.18813955783843994,0.3063057065010071,0.12403262406587601,0.14679017663002014
DH,21,241018_HOBIC24_5Spezies_FISH,2,13,0.30952380952380953,0.23907066881656647,0.19873474538326263,0.301813542842865,0.12435615807771683,0.13602478802204132
DH,21,241018_HOBIC24_5Spezies_FISH,2,14,0.3333333333333333,0.23930151760578156,0.20783232152462006,0.29698488116264343,0.12593039870262146,0.1299508959054947
DH,21,241018_HOBIC24_5Spezies_FISH,2,15,0.35714285714285715,0.23462259769439697,0.21736980974674225,0.29402321577072144,0.12746062874794006,0.12652376294136047
DH,21,241018_HOBIC24_5Spezies_FISH,2,16,0.38095238095238093,0.2279912233352661,0.22284406423568726,0.28999707102775574,0.12949086725711823,0.12967689335346222
DH,21,241018_HOBIC24_5Spezies_FISH,2,17,0.40476190476190477,0.21353119611740112,0.2278776317834854,0.28492119908332825,0.13429976999759674,0.1393701285123825
DH,21,241018_HOBIC24_5Spezies_FISH,2,18,0.42857142857142855,0.20760075747966766,0.22690890729427338,0.2810055613517761,0.13555386662483215,0.14893093705177307
DH,21,241018_HOBIC24_5Spezies_FISH,2,19,0.4523809523809524,0.20914167165756226,0.22401614487171173,0.2783389985561371,0.13449627161026,0.15400688350200653
DH,21,241018_HOBIC24_5Spezies_FISH,2,20,0.47619047619047616,0.21084491908550262,0.22547100484371185,0.27282479405403137,0.13368140161037445,0.1571778506040573
DH,21,241018_HOBIC24_5Spezies_FISH,2,21,0.5,0.2061513364315033,0.2332952320575714,0.26562681794166565,0.13222287595272064,0.1627037674188614
DH,21,241018_HOBIC24_5Spezies_FISH,2,22,0.5238095238095238,0.198140487074852,0.23742708563804626,0.25711536407470703,0.13328517973423004,0.17403188347816467
DH,21,241018_HOBIC24_5Spezies_FISH,2,23,0.5476190476190477,0.1912112534046173,0.24188128113746643,0.24252323806285858,0.1347496658563614,0.18963459134101868
DH,21,241018_HOBIC24_5Spezies_FISH,2,24,0.5714285714285714,0.18281783163547516,0.24762557446956635,0.2311975359916687,0.13410986959934235,0.20424911379814148
DH,21,241018_HOBIC24_5Spezies_FISH,2,25,0.5952380952380952,0.17024937272071838,0.25374457240104675,0.21857482194900513,0.1354231834411621,0.22200801968574524
DH,21,241018_HOBIC24_5Spezies_FISH,2,26,0.6190476190476191,0.15877486765384674,0.2586280107498169,0.2060079723596573,0.13566292822360992,0.24092619121074677
DH,21,241018_HOBIC24_5Spezies_FISH,2,27,0.6428571428571429,0.1504913866519928,0.2619949281215668,0.19452175498008728,0.1344052255153656,0.25858670473098755
DH,21,241018_HOBIC24_5Spezies_FISH,2,28,0.6666666666666666,0.1475309282541275,0.26248398423194885,0.18632860481739044,0.13340061902999878,0.27025583386421204
DH,21,241018_HOBIC24_5Spezies_FISH,2,29,0.6904761904761905,0.1422545462846756,0.26615193486213684,0.17725127935409546,0.13298873603343964,0.2813534736633301
DH,21,241018_HOBIC24_5Spezies_FISH,2,30,0.7142857142857143,0.1382361799478531,0.2672578692436218,0.17013467848300934,0.13307173550128937,0.29129964113235474
DH,21,241018_HOBIC24_5Spezies_FISH,2,31,0.7380952380952381,0.13397352397441864,0.26880404353141785,0.1652868092060089,0.1325705349445343,0.2993650734424591
DH,21,241018_HOBIC24_5Spezies_FISH,2,32,0.7619047619047619,0.12939314544200897,0.2701197862625122,0.16150547564029694,0.13293145596981049,0.3060501217842102
DH,21,241018_HOBIC24_5Spezies_FISH,2,33,0.7857142857142857,0.1250515729188919,0.26625388860702515,0.1567283272743225,0.1332828402519226,0.318683385848999
DH,21,241018_HOBIC24_5Spezies_FISH,2,34,0.8095238095238095,0.1231096088886261,0.26577916741371155,0.15432420372962952,0.1318768411874771,0.32491010427474976
DH,21,241018_HOBIC24_5Spezies_FISH,2,35,0.8333333333333334,0.12190499156713486,0.2637960612773895,0.15424786508083344,0.1311810463666916,0.3288699984550476
DH,21,241018_HOBIC24_5Spezies_FISH,2,36,0.8571428571428571,0.12061967700719833,0.2659296691417694,0.15378747880458832,0.13149221241474152,0.3281709551811218
DH,21,241018_HOBIC24_5Spezies_FISH,2,37,0.8809523809523809,0.11990875750780106,0.2655876874923706,0.15337222814559937,0.131087526679039,0.3300437927246094
DH,21,241018_HOBIC24_5Spezies_FISH,2,38,0.9047619047619048,0.11976270377635956,0.2651579678058624,0.15259577333927155,0.13095742464065552,0.3315262198448181
DH,21,241018_HOBIC24_5Spezies_FISH,2,39,0.9285714285714286,0.11892011016607285,0.26413509249687195,0.1521388739347458,0.13095179200172424,0.3338541090488434
DH,21,241018_HOBIC24_5Spezies_FISH,2,40,0.9523809523809523,0.1182558611035347,0.2656291723251343,0.15183158218860626,0.1304619014263153,0.33382144570350647
DH,21,241018_HOBIC24_5Spezies_FISH,2,41,0.9761904761904762,0.1177840307354927,0.2671984136104584,0.15157105028629303,0.1300588846206665,0.3333876132965088
DH,21,241018_HOBIC24_5Spezies_FISH,2,42,1.0,0.1181027740240097,0.2657032012939453,0.15244364738464355,0.12939368188381195,0.3343566656112671
DH,21,241018_HOBIC24_5Spezies_FISH,18,0,0.0,0.36433449387550354,0.19064009189605713,0.23019865155220032,0.049281567335128784,0.16554522514343262
DH,21,241018_HOBIC24_5Spezies_FISH,18,1,0.02857142857142857,0.33905547857284546,0.19732391834259033,0.23813460767269135,0.0534626767039299,0.17202328145503998
DH,21,241018_HOBIC24_5Spezies_FISH,18,2,0.05714285714285714,0.2988721430301666,0.20766238868236542,0.24998296797275543,0.06233992055058479,0.1811426281929016
DH,21,241018_HOBIC24_5Spezies_FISH,18,3,0.08571428571428572,0.23927266895771027,0.2245558798313141,0.2605598270893097,0.07677489519119263,0.19883674383163452
DH,21,241018_HOBIC24_5Spezies_FISH,18,4,0.11428571428571428,0.10257076472043991,0.2878146469593048,0.2638215720653534,0.1126057580113411,0.23318736255168915
DH,21,241018_HOBIC24_5Spezies_FISH,18,5,0.14285714285714285,0.03963088244199753,0.30525144934654236,0.26312148571014404,0.12822772562503815,0.26376843452453613
DH,21,241018_HOBIC24_5Spezies_FISH,18,6,0.17142857142857143,0.04984516277909279,0.2845650613307953,0.28302285075187683,0.1335183084011078,0.24904866516590118
DH,21,241018_HOBIC24_5Spezies_FISH,18,7,0.2,0.09032265096902847,0.24633283913135529,0.3187316358089447,0.12809084355831146,0.2165219932794571
DH,21,241018_HOBIC24_5Spezies_FISH,18,8,0.22857142857142856,0.17077834904193878,0.20318928360939026,0.3750312328338623,0.1147012785077095,0.13629981875419617
DH,21,241018_HOBIC24_5Spezies_FISH,18,9,0.2571428571428571,0.2070625126361847,0.1884150356054306,0.38957518339157104,0.10657573491334915,0.10837159305810928
DH,21,241018_HOBIC24_5Spezies_FISH,18,10,0.2857142857142857,0.22398224472999573,0.1845708042383194,0.39153146743774414,0.10308793932199478,0.09682758152484894
DH,21,241018_HOBIC24_5Spezies_FISH,18,11,0.3142857142857143,0.23669853806495667,0.18424859642982483,0.3898870646953583,0.10169338434934616,0.08747251331806183
DH,21,241018_HOBIC24_5Spezies_FISH,18,12,0.34285714285714286,0.24392439424991608,0.18615539371967316,0.3850748538970947,0.10196574032306671,0.08287961035966873
DH,21,241018_HOBIC24_5Spezies_FISH,18,13,0.37142857142857144,0.24756285548210144,0.18903803825378418,0.37948471307754517,0.10268045216798782,0.08123397827148438
DH,21,241018_HOBIC24_5Spezies_FISH,18,14,0.4,0.24818627536296844,0.1920153796672821,0.3715622127056122,0.10272993892431259,0.08550627529621124
DH,21,241018_HOBIC24_5Spezies_FISH,18,15,0.42857142857142855,0.25239843130111694,0.19424641132354736,0.3584827780723572,0.1039971336722374,0.09087527543306351
DH,21,241018_HOBIC24_5Spezies_FISH,18,16,0.45714285714285713,0.2554543614387512,0.20003840327262878,0.3429151475429535,0.10400761663913727,0.09758440405130386
DH,21,241018_HOBIC24_5Spezies_FISH,18,17,0.4857142857142857,0.2557584345340729,0.20525144040584564,0.3297964632511139,0.10395804047584534,0.10523563623428345
DH,21,241018_HOBIC24_5Spezies_FISH,18,18,0.5142857142857142,0.2518497109413147,0.21078704297542572,0.31718680262565613,0.10435754060745239,0.11581890285015106
DH,21,241018_HOBIC24_5Spezies_FISH,18,19,0.5428571428571428,0.2406177520751953,0.2176418900489807,0.305050790309906,0.10563598573207855,0.1310535967350006
DH,21,241018_HOBIC24_5Spezies_FISH,18,20,0.5714285714285714,0.22385045886039734,0.22740700840950012,0.2911766469478607,0.10756514966487885,0.1500007063150406
DH,21,241018_HOBIC24_5Spezies_FISH,18,21,0.6,0.2052685022354126,0.23507563769817352,0.27901458740234375,0.1092577651143074,0.1713835448026657
DH,21,241018_HOBIC24_5Spezies_FISH,18,22,0.6285714285714286,0.18714666366577148,0.2408561408519745,0.26809754967689514,0.11076764762401581,0.1931319385766983
DH,21,241018_HOBIC24_5Spezies_FISH,18,23,0.6571428571428571,0.16723060607910156,0.24899965524673462,0.2576485574245453,0.11094322055578232,0.21517792344093323
DH,21,241018_HOBIC24_5Spezies_FISH,18,24,0.6857142857142857,0.14921174943447113,0.25419536232948303,0.24716241657733917,0.11101924628019333,0.23841120302677155
DH,21,241018_HOBIC24_5Spezies_FISH,18,25,0.7142857142857143,0.1415635645389557,0.2567645311355591,0.2383693903684616,0.10989781469106674,0.2534047067165375
DH,21,241018_HOBIC24_5Spezies_FISH,18,26,0.7428571428571429,0.1393805295228958,0.25813016295433044,0.2304167002439499,0.10950508713722229,0.2625676095485687
DH,21,241018_HOBIC24_5Spezies_FISH,18,27,0.7714285714285715,0.1350780576467514,0.260627418756485,0.2236299365758896,0.10851483047008514,0.2721497416496277
DH,21,241018_HOBIC24_5Spezies_FISH,18,28,0.8,0.13059468567371368,0.26554855704307556,0.21633736789226532,0.10848899930715561,0.279030442237854
DH,21,241018_HOBIC24_5Spezies_FISH,18,29,0.8285714285714286,0.1238938719034195,0.26934802532196045,0.20810943841934204,0.10940878093242645,0.28923988342285156
DH,21,241018_HOBIC24_5Spezies_FISH,18,30,0.8571428571428571,0.11604145169258118,0.2735973298549652,0.20148752629756927,0.10887033492326736,0.30000337958335876
DH,21,241018_HOBIC24_5Spezies_FISH,18,31,0.8857142857142857,0.1043156161904335,0.2754741907119751,0.19427037239074707,0.10924573242664337,0.31669411063194275
DH,21,241018_HOBIC24_5Spezies_FISH,18,32,0.9142857142857143,0.09533245861530304,0.2793366312980652,0.18815593421459198,0.10878321528434753,0.3283917009830475
DH,21,241018_HOBIC24_5Spezies_FISH,18,33,0.9428571428571428,0.08940050005912781,0.2788887619972229,0.1828954517841339,0.10808981209993362,0.34072545170783997
DH,21,241018_HOBIC24_5Spezies_FISH,18,34,0.9714285714285714,0.0873069018125534,0.2803478240966797,0.18062470853328705,0.10676783323287964,0.344952791929245
DH,21,241018_HOBIC24_5Spezies_FISH,18,35,1.0,0.08582832664251328,0.27973929047584534,0.17998921871185303,0.10651890188455582,0.3479243218898773
