{
  "credibility": 0.95,
  "hdi_lower": [
    0.24065271310925285,
    -0.49905018993691297,
    0.0040643818046994795,
    0.019435300653359633,
    0.05965313244320852,
    0.08619592788806729,
    -0.2882385487275181,
    0.023596756407728847,
    0.017045723374199184,
    0.002451423073641268,
    -2.6993871484790564,
    -0.49834737279590247,
    2.842851668524756,
    -0.34244559313512346,
    0.0013838323811103947,
    0.0005423081846653716,
    -0.45699805944771066,
    -0.3986896684501975,
    0.69407440376698,
    0.0027981919661265175
  ],
  "hdi_upper": [
    4.98733875417111,
    2.6856880493014255,
    4.260536330873963,
    2.8692935441384173,
    2.9070424471543097,
    4.313184545379749,
    2.9925489498507067,
    4.506680209544072,
    4.745003464132352,
    2.8218412648053066,
    2.9435337908500294,
    2.755403480683636,
    4.9969951514488695,
    2.948162517274218,
    3.985600067329069,
    0.47522769533365306,
    2.8003329655705533,
    2.9048315521455335,
    4.994614347236675,
    4.390864280130574
  ],
  "et_lower": [
    0.10273580581410606,
    -0.4222240918895423,
    0.0664247843543469,
    0.07605443339105504,
    0.06943667556639971,
    0.13633488260172494,
    -0.3763455503456607,
    0.10245727439280607,
    0.09269002692510456,
    0.0613072185921929,
    -2.7809294409382934,
    -0.4428192777327787,
    2.289128864041638,
    -0.4152886397413238,
    0.05896422427132213,
    0.008697982324569347,
    -0.3961197887117443,
    -0.4142424461102,
    0.3663227478686823,
    0.07533174755939658
  ],
  "et_upper": [
    4.894529152652028,
    2.8274254129489216,
    4.651774583351434,
    2.9425272157493296,
    2.922607385097065,
    4.428716439361152,
    2.946703118874631,
    4.747328874495849,
    4.9023547389981275,
    2.9162910856371695,
    2.9102011486256187,
    2.8849525240898215,
    4.973241142794606,
    2.882713325423366,
    4.551061574624513,
    0.484305631942717,
    2.8721533179118577,
    2.8964614522326544,
    4.916160977870733,
    4.648817698155906
  ],
  "median": [
    2.2648480528327535,
    1.1560920758486288,
    1.676106320531081,
    1.4825734563542388,
    1.475942829179216,
    2.121694370713281,
    1.5064706157981687,
    1.796962083072411,
    2.2106466669596134,
    1.3757175520876828,
    0.584924925627178,
    1.0000508152344936,
    4.414883036672284,
    1.3857040511035466,
    1.3125940122718032,
    0.23085080293007004,
    1.094298976062502,
    1.274260951581255,
    3.4704368023708128,
    1.8590184933621379
  ],
  "param_names": [
    "a11",
    "a12",
    "a22",
    "b1",
    "b2",
    "a33",
    "a34",
    "a44",
    "b3",
    "b4",
    "a13",
    "a14",
    "a23",
    "a24",
    "a55",
    "b5",
    "a15",
    "a25",
    "a35",
    "a45"
  ]
}