{
  "MAP": {
    "n_obs": 6,
    "n_species": 5,
    "rmse_per_species": [
      0.03610597782500981,
      0.12219858493127318,
      0.25205674297880487,
      0.12949681623764112,
      0.06768492490650442
    ],
    "mae_per_species": [
      0.02328332578721222,
      0.11167908078409826,
      0.23387208891253697,
      0.10397633637209223,
      0.057111218548193315
    ],
    "rmse_total": 0.142210697171678,
    "mae_total": 0.10598441008082662,
    "max_abs": 0.37677400750184714,
    "estimate_type": "MAP"
  },
  "Mean": {
    "n_obs": 6,
    "n_species": 5,
    "rmse_per_species": [
      0.031241061753810587,
      0.2064587640743268,
      0.27374530540528264,
      0.08526266512086489,
      0.0836670785707276
    ],
    "mae_per_species": [
      0.02424413587554723,
      0.18526116579098717,
      0.2505747703204108,
      0.06796234153603328,
      0.06585001747637219
    ],
    "rmse_total": 0.16297706558538136,
    "mae_total": 0.11877848619987012,
    "max_abs": 0.3790966978677763,
    "estimate_type": "Mean"
  },
  "species_names": [
    "S. oralis",
    "A. naeslundii",
    "V. dispar",
    "F. nucleatum",
    "P. gingivalis"
  ]
}