{
  "elapsed_time": 286673.65123701096,
  "converged": [
    true
  ],
  "MAP": [
    0.39052852767554125,
    0.4145783888214567,
    0.10850105561309098,
    0.7297341071067847,
    2.367383526396721,
    0.5089376467042865,
    2.852186045412372,
    1.6932743189543908,
    3.828822061766762,
    2.448304215716239,
    -0.6809832655462347,
    -0.16134786608688745,
    4.626015520892774,
    2.5902697892914888,
    0.2852327271717616,
    0.1823885659598739,
    0.4489805558511355,
    -0.4157509569878659,
    4.5303909235469435,
    1.6808404597595024
  ],
  "mean": [
    2.374628592669288,
    1.138455919814829,
    1.8533883959236865,
    1.4751347517421547,
    1.5027515737628396,
    2.1267804475592156,
    1.4113166049887138,
    1.992433793732458,
    2.31610781379009,
    1.41461977613519,
    0.38219605083745556,
    1.0766199737612143,
    4.218031356804114,
    1.3152698591437952,
    1.5757205039859192,
    0.2385601642045291,
    1.1374016969132823,
    1.2596674133057744,
    3.187514124172346,
    2.0239758366678497
  ]
}