{
  "theta_sub": [
    2.374628592669288,
    1.138455919814829,
    1.8533883959236865,
    1.4751347517421547,
    1.5027515737628396,
    2.1267804475592156,
    1.4113166049887138,
    1.992433793732458,
    2.31610781379009,
    1.41461977613519,
    0.38219605083745556,
    1.0766199737612143,
    4.218031356804114,
    1.3152698591437952,
    1.5757205039859192,
    0.2385601642045291,
    1.1374016969132823,
    1.2596674133057744,
    3.187514124172346,
    2.0239758366678497
  ],
  "theta_full": [
    2.374628592669288,
    1.138455919814829,
    1.8533883959236865,
    1.4751347517421547,
    1.5027515737628396,
    2.1267804475592156,
    1.4113166049887138,
    1.992433793732458,
    2.31610781379009,
    1.41461977613519,
    0.38219605083745556,
    1.0766199737612143,
    4.218031356804114,
    1.3152698591437952,
    1.5757205039859192,
    0.2385601642045291,
    1.1374016969132823,
    1.2596674133057744,
    3.187514124172346,
    2.0239758366678497
  ],
  "active_indices": [
    0,
    1,
    2,
    3,
    4,
    5,
    6,
    7,
    8,
    9,
    10,
    11,
    12,
    13,
    14,
    15,
    16,
    17,
    18,
    19
  ]
}