{
  "theta_sub": [
    0.39052852767554125,
    0.4145783888214567,
    0.10850105561309098,
    0.7297341071067847,
    2.367383526396721,
    0.5089376467042865,
    2.852186045412372,
    1.6932743189543908,
    3.828822061766762,
    2.448304215716239,
    -0.6809832655462347,
    -0.16134786608688745,
    4.626015520892774,
    2.5902697892914888,
    0.2852327271717616,
    0.1823885659598739,
    0.4489805558511355,
    -0.4157509569878659,
    4.5303909235469435,
    1.6808404597595024
  ],
  "theta_full": [
    0.39052852767554125,
    0.4145783888214567,
    0.10850105561309098,
    0.7297341071067847,
    2.367383526396721,
    0.5089376467042865,
    2.852186045412372,
    1.6932743189543908,
    3.828822061766762,
    2.448304215716239,
    -0.6809832655462347,
    -0.16134786608688745,
    4.626015520892774,
    2.5902697892914888,
    0.2852327271717616,
    0.1823885659598739,
    0.4489805558511355,
    -0.4157509569878659,
    4.5303909235469435,
    1.6808404597595024
  ],
  "active_indices": [
    0,
    1,
    2,
    3,
    4,
    5,
    6,
    7,
    8,
    9,
    10,
    11,
    12,
    13,
    14,
    15,
    16,
    17,
    18,
    19
  ]
}