{
  "MAP": {
    "n_obs": 6,
    "n_species": 5,
    "rmse_per_species": [
      0.02455724463954204,
      0.03926128672749367,
      0.35617755953725233,
      0.041792302316271776,
      0.1448596157161771
    ],
    "mae_per_species": [
      0.022524606543593628,
      0.03762511168869352,
      0.34956619100317327,
      0.03130636238166146,
      0.14249230943465846
    ],
    "rmse_total": 0.17420554848570746,
    "mae_total": 0.11670291621035607,
    "max_abs": 0.41884662999777694,
    "estimate_type": "MAP"
  },
  "Mean": {
    "n_obs": 6,
    "n_species": 5,
    "rmse_per_species": [
      0.018800231043314238,
      0.1868561950211531,
      0.3040904978103215,
      0.026526516666454166,
      0.14917613911721694
    ],
    "mae_per_species": [
      0.017752637517515553,
      0.1360479764103982,
      0.2870507514136546,
      0.023247189472689733,
      0.14607745136634515
    ],
    "rmse_total": 0.17360696629569292,
    "mae_total": 0.12203520123612062,
    "max_abs": 0.40947332094321587,
    "estimate_type": "Mean"
  },
  "species_names": [
    "S. oralis",
    "A. naeslundii",
    "V. dispar",
    "F. nucleatum",
    "P. gingivalis"
  ]
}