{
  "elapsed_time": 1700176.9256780148,
  "converged": [
    true,
    true
  ],
  "MAP": [
    0.1302429649525013,
    0.6828604185472779,
    2.241314746997964,
    0.9450699025608514,
    0.7284505424039011,
    1.018599514905263,
    0.017223856007707053,
    0.9469634453919344,
    2.1680122538672264,
    1.888550200964171,
    0.5928408874255793,
    0.36105595211141134,
    0.10516615097954025,
    2.634785126451937,
    0.35551430767340436,
    1.864178878909969,
    0.37368536801694446,
    2.615243508312001,
    1.16302291533756,
    2.567425303636448
  ],
  "mean": [
    0.10823699198683279,
    0.35601126285301155,
    2.459050926165311,
    1.4878922969553494,
    1.6660138093756551,
    0.9897052617771459,
    0.2934287166593327,
    1.2689730694983545,
    1.604682078596488,
    1.9947486629935036,
    0.4736949587062252,
    1.4759864720581948,
    0.43900072214226177,
    1.473121817012305,
    0.24316986177083508,
    1.3528573453076858,
    0.4462342837337209,
    2.198212220890941,
    1.29536625517141,
    2.4977079202148507
  ]
}