{
  "theta_sub": [
    0.1302429649525013,
    0.6828604185472779,
    2.241314746997964,
    0.9450699025608514,
    0.7284505424039011,
    1.018599514905263,
    0.017223856007707053,
    0.9469634453919344,
    2.1680122538672264,
    1.888550200964171,
    0.5928408874255793,
    0.36105595211141134,
    0.10516615097954025,
    2.634785126451937,
    0.35551430767340436,
    1.864178878909969,
    0.37368536801694446,
    2.615243508312001,
    1.16302291533756,
    2.567425303636448
  ],
  "theta_full": [
    0.1302429649525013,
    0.6828604185472779,
    2.241314746997964,
    0.9450699025608514,
    0.7284505424039011,
    1.018599514905263,
    0.017223856007707053,
    0.9469634453919344,
    2.1680122538672264,
    1.888550200964171,
    0.5928408874255793,
    0.36105595211141134,
    0.10516615097954025,
    2.634785126451937,
    0.35551430767340436,
    1.864178878909969,
    0.37368536801694446,
    2.615243508312001,
    1.16302291533756,
    2.567425303636448
  ],
  "active_indices": [
    0,
    1,
    2,
    3,
    4,
    5,
    6,
    7,
    8,
    9,
    10,
    11,
    12,
    13,
    14,
    15,
    16,
    17,
    18,
    19
  ]
}