{
  "theta_sub": [
    0.10823699198683279,
    0.35601126285301155,
    2.459050926165311,
    1.4878922969553494,
    1.6660138093756551,
    0.9897052617771459,
    0.2934287166593327,
    1.2689730694983545,
    1.604682078596488,
    1.9947486629935036,
    0.4736949587062252,
    1.4759864720581948,
    0.43900072214226177,
    1.473121817012305,
    0.24316986177083508,
    1.3528573453076858,
    0.4462342837337209,
    2.198212220890941,
    1.29536625517141,
    2.4977079202148507
  ],
  "theta_full": [
    0.10823699198683279,
    0.35601126285301155,
    2.459050926165311,
    1.4878922969553494,
    1.6660138093756551,
    0.9897052617771459,
    0.2934287166593327,
    1.2689730694983545,
    1.604682078596488,
    1.9947486629935036,
    0.4736949587062252,
    1.4759864720581948,
    0.43900072214226177,
    1.473121817012305,
    0.24316986177083508,
    1.3528573453076858,
    0.4462342837337209,
    2.198212220890941,
    1.29536625517141,
    2.4977079202148507
  ],
  "active_indices": [
    0,
    1,
    2,
    3,
    4,
    5,
    6,
    7,
    8,
    9,
    10,
    11,
    12,
    13,
    14,
    15,
    16,
    17,
    18,
    19
  ]
}