{
  "credibility": 0.95,
  "hdi_lower": [
    -0.9971135138558063,
    -0.9383807614397321,
    -0.9617386454669847,
    0.02251819271926858,
    0.0165396362419461,
    1.1583885795016282,
    0.0,
    -0.5019021549021918,
    0.07111620427001597,
    0.01272855649244864,
    -0.9894475120083008,
    -0.9809032420918047,
    0.0,
    0.0,
    -0.9991698835243401,
    0.010801979215575006,
    0.0,
    0.0,
    -2.841428632690615,
    -0.9927352484225169
  ],
  "hdi_upper": [
    0.9013386958162339,
    0.9627502277847255,
    0.9192622851344086,
    2.8388631630557923,
    2.8445703135720706,
    4.950770447709102,
    0.0,
    0.9984569581128038,
    2.912233141282221,
    2.8933905283389545,
    0.8841017029627904,
    0.9070977358953716,
    0.0,
    0.0,
    0.8991117525004331,
    0.19980325938332877,
    0.0,
    0.0,
    -0.025157887057557282,
    0.8537632062642506
  ],
  "et_lower": [
    -0.9476586389765222,
    -0.9534775694674185,
    -0.9379125610520042,
    0.0730325486544749,
    0.07330108852734087,
    1.087029164419093,
    0.0,
    -0.5943792635495629,
    0.06604636125793036,
    0.050739318421613416,
    -0.9509633280001774,
    -0.9529019011879579,
    0.0,
    0.0,
    -0.9432017441425171,
    0.005900584537940689,
    0.0,
    0.0,
    -2.925081126019129,
    -0.9532464975729525
  ],
  "et_upper": [
    0.9532121736536417,
    0.9560549272538104,
    0.9502778720041583,
    2.9044449607326412,
    2.9303409895449546,
    4.917711485737199,
    0.0,
    0.9683534119240749,
    2.909254819851548,
    2.9355446979673356,
    0.9518853470423276,
    0.94459643514139,
    0.0,
    0.0,
    0.9556289311004208,
    0.1963940224486709,
    0.0,
    0.0,
    -0.06371488948898411,
    0.9260918902281791
  ],
  "median": [
    -0.061382316226566536,
    -0.05550710873539694,
    -0.04314806858440495,
    1.5175590501766618,
    1.384881723143012,
    2.9368667286209815,
    0.0,
    0.343142031382889,
    1.4891938516678405,
    1.5429585102057193,
    -0.02868481939287737,
    0.05159774161202457,
    0.0,
    0.0,
    0.027425830016437613,
    0.10128064975427295,
    0.0,
    0.0,
    -1.3482705221117375,
    -0.045340428444696546
  ],
  "param_names": [
    "a11",
    "a12",
    "a22",
    "b1",
    "b2",
    "a33",
    "a44",
    "b3",
    "b4",
    "a13",
    "a14",
    "a55",
    "b5",
    "a35",
    "a45"
  ]
}
