{
  "MAP": {
    "n_obs": 6,
    "n_species": 5,
    "rmse_per_species": [
      0.018937457601077453,
      0.031168720020386495,
      0.5061393936285566,
      0.06674590660210128,
      0.09577930684749887
    ],
    "mae_per_species": [
      0.010322265653022541,
      0.022524790877769277,
      0.4155778706285708,
      0.04764627129689868,
      0.08211211487717596
    ],
    "rmse_total": 0.2328672986312628,
    "mae_total": 0.11563666266668746,
    "max_abs": 0.7317298280955777,
    "estimate_type": "MAP"
  },
  "Mean": {
    "n_obs": 6,
    "n_species": 5,
    "rmse_per_species": [
      0.01915108394106774,
      0.03118068053438982,
      0.4148512037793018,
      0.06586252838428769,
      0.09596840141322736
    ],
    "mae_per_species": [
      0.012699425622482526,
      0.02044292564175605,
      0.3388850362340845,
      0.04409797060927583,
      0.08254434695968457
    ],
    "rmse_total": 0.19338475992012544,
    "mae_total": 0.0997339410134567,
    "max_abs": 0.704553605349209,
    "estimate_type": "Mean"
  },
  "species_names": [
    "S. oralis",
    "A. naeslundii",
    "V. dispar",
    "F. nucleatum",
    "P. gingivalis"
  ]
}
