{
  "elapsed_time": 17.972206592559814,
  "converged": [
    true,
    true
  ],
  "MAP": [
    -0.345638377001215,
    -0.15790901818817615,
    0.7180211449904954,
    0.11744884474693773,
    0.12319204121806487,
    3.9782972757669643,
    0.0,
    0.7822810599474201,
    0.07544089465828074,
    2.9725468047224424,
    -0.8106579803808298,
    0.8570190280212477,
    0.0,
    0.0,
    -0.9424669585326273,
    0.1586588375452624,
    0.0,
    0.0,
    -0.5001406154543528,
    -0.01071866076787531
  ],
  "mean": [
    -0.042179119585953516,
    -0.029304488251997475,
    -0.022783920767421032,
    1.518079570650555,
    1.428840417909717,
    2.9383721424460654,
    0.0,
    0.3034688091462992,
    1.487509188273332,
    1.502913329330362,
    -0.025738149263739164,
    0.01688299734553009,
    0.0,
    0.0,
    0.014588449652674746,
    0.09986509056430941,
    0.0,
    0.0,
    -1.4031455881828183,
    -0.034862303761398775
  ]
}
