{
  "theta_sub": [
    -0.345638377001215,
    -0.15790901818817615,
    0.7180211449904954,
    0.11744884474693773,
    0.12319204121806487,
    3.9782972757669643,
    0.7822810599474201,
    0.07544089465828074,
    2.9725468047224424,
    -0.8106579803808298,
    0.8570190280212477,
    -0.9424669585326273,
    0.1586588375452624,
    -0.5001406154543528,
    -0.01071866076787531
  ],
  "theta_full": [
    -0.345638377001215,
    -0.15790901818817615,
    0.7180211449904954,
    0.11744884474693773,
    0.12319204121806487,
    3.9782972757669643,
    0.0,
    0.7822810599474201,
    0.07544089465828074,
    2.9725468047224424,
    -0.8106579803808298,
    0.8570190280212477,
    0.0,
    0.0,
    -0.9424669585326273,
    0.1586588375452624,
    0.0,
    0.0,
    -0.5001406154543528,
    -0.01071866076787531
  ],
  "active_indices": [
    0,
    1,
    2,
    3,
    4,
    5,
    7,
    8,
    9,
    10,
    11,
    14,
    15,
    18,
    19
  ]
}
