{
  "theta_sub": [
    -0.042179119585953516,
    -0.029304488251997475,
    -0.022783920767421032,
    1.518079570650555,
    1.428840417909717,
    2.9383721424460654,
    0.3034688091462992,
    1.487509188273332,
    1.502913329330362,
    -0.025738149263739164,
    0.01688299734553009,
    0.014588449652674746,
    0.09986509056430941,
    -1.4031455881828183,
    -0.034862303761398775
  ],
  "theta_full": [
    -0.042179119585953516,
    -0.029304488251997475,
    -0.022783920767421032,
    1.518079570650555,
    1.428840417909717,
    2.9383721424460654,
    0.0,
    0.3034688091462992,
    1.487509188273332,
    1.502913329330362,
    -0.025738149263739164,
    0.01688299734553009,
    0.0,
    0.0,
    0.014588449652674746,
    0.09986509056430941,
    0.0,
    0.0,
    -1.4031455881828183,
    -0.034862303761398775
  ],
  "active_indices": [
    0,
    1,
    2,
    3,
    4,
    5,
    7,
    8,
    9,
    10,
    11,
    14,
    15,
    18,
    19
  ]
}
