{
  "0": 0.04939372667845795,
  "1": 1.1205172419069056,
  "2": 1.971887294467145,
  "3": 0.8463892209691881,
  "4": 1.7383313516512064,
  "5": -0.990941498947815,
  "6": -0.36391541332191796,
  "7": 0.19437349287479339,
  "8": 0.5333021792251369,
  "9": -0.06740521461741456,
  "10": 2.578616128291549,
  "11": -0.2935238920901646,
  "12": 1.03443541045992,
  "13": -0.4311218191408299,
  "14": -0.945239659215193,
  "15": -0.9693013413003873,
  "16": -0.9605625623557498,
  "17": 0.8814116746080459,
  "18": 0.3044696063873287,
  "19": -0.6808571003051518
}