{
  "0": 0.2844232052037148,
  "1": 0.7240025395633488,
  "2": 1.2582929182080167,
  "3": 2.4076578813598966,
  "4": 0.04309348575946947,
  "5": 1.0000395052394193,
  "6": 0.7800134862997422,
  "7": 0.38926060832057424,
  "8": 0.37763706131936564,
  "9": 1.1413603262575438,
  "10": -0.7436978597804416,
  "11": 0.41735253239967784,
  "12": 0.3581308269661704,
  "13": 2.2600206523866095,
  "14": 0.29721711667789297,
  "15": 1.2080636076426903,
  "16": -0.44879969394765906,
  "17": 1.9595568605254927,
  "18": 1.0135060093790136,
  "19": 2.198774394453892
}