{
  "credibility": 0.95,
  "hdi_lower": [
    0.00240824071653023,
    -0.4823127767732931,
    0.0004481421068906477,
    0.2207372167216599,
    0.18259092662790088,
    0.0007811364586469693,
    0.30251356975582966,
    0.004291671225730209,
    0.008548077359180395,
    0.19615867058775294,
    -2.466097317821637,
    -0.4825166272574464,
    1.655138042207588,
    0.09104889696478935,
    0.007628940721897237,
    0.007265047357033386,
    -0.492840171789136,
    -0.49166354195711937,
    0.016418424200914217,
    0.0011997023771286308
  ],
  "hdi_upper": [
    4.495087621404694,
    2.8108602412511483,
    3.628810261200183,
    2.9713665916329974,
    2.9984230108828442,
    3.579062450375977,
    2.9994591861789237,
    3.8254963507903055,
    4.7048765011459,
    2.9995640001496504,
    2.997190873591032,
    2.643305359632525,
    4.941550791140393,
    2.9998696991710343,
    4.111420402333806,
    0.4760671202151021,
    2.6176920680431213,
    2.4559012334874053,
    4.049183194698549,
    3.405883180560583
  ],
  "et_lower": [
    0.09216552652871646,
    -0.47192557847988503,
    0.06730361539742452,
    0.11542111389052731,
    0.08165292349411946,
    0.06323898216278072,
    -0.14911402383129588,
    0.08663910658731169,
    0.11301839294896016,
    0.09408192340589489,
    -2.7147269814543167,
    -0.41642427664878323,
    1.6092902825990885,
    -0.20741582202361708,
    0.05169820553108776,
    0.012954477083426941,
    -0.4370293044053564,
    -0.4159582686606002,
    0.11515391498226102,
    0.06962502508343232
  ],
  "et_upper": [
    4.735370361592996,
    2.8862729850718645,
    4.152617335728364,
    2.9246277160824783,
    2.923114797421054,
    3.977254176388985,
    2.9830504175116634,
    4.2901157226732,
    4.836351523486558,
    2.929587216532002,
    2.885562255445314,
    2.7825188494861854,
    4.931340425292932,
    2.9674583275023676,
    4.5880552765928835,
    0.48315210926894636,
    2.782562560108221,
    2.6689949799484514,
    4.428926331898612,
    3.9530945496815915
  ],
  "median": [
    1.779579445085051,
    1.0445818137739695,
    1.213268247950107,
    1.460752796161235,
    1.4243925573409875,
    1.201584316556076,
    2.5628899267342136,
    1.392617534784792,
    2.286355005894329,
    1.645059449610113,
    0.6690231647854683,
    1.0141574321151163,
    3.4253146937255914,
    2.3813222828870746,
    1.299009320685243,
    0.24015102680317735,
    0.89770324364755,
    0.7238310569661759,
    1.7376820860178865,
    1.0684941356880233
  ],
  "param_names": [
    "a11",
    "a12",
    "a22",
    "b1",
    "b2",
    "a33",
    "a34",
    "a44",
    "b3",
    "b4",
    "a13",
    "a14",
    "a23",
    "a24",
    "a55",
    "b5",
    "a15",
    "a25",
    "a35",
    "a45"
  ]
}
