{
  "MAP": {
    "n_obs": 6,
    "n_species": 5,
    "rmse_per_species": [
      0.05256639935433228,
      0.12941863243466334,
      0.24085843650186067,
      0.13851036782553175,
      0.04871767921192922
    ],
    "mae_per_species": [
      0.040880524829169256,
      0.12006362076877804,
      0.21221214155784932,
      0.1271084126453594,
      0.04146525775641338
    ],
    "rmse_total": 0.14077196415438625,
    "mae_total": 0.10834599151151388,
    "max_abs": 0.3786307689846402,
    "estimate_type": "MAP"
  },
  "Mean": {
    "n_obs": 6,
    "n_species": 5,
    "rmse_per_species": [
      0.030765675572217693,
      0.2071984781286035,
      0.279208198815051,
      0.12907687052302375,
      0.054664841198879405
    ],
    "mae_per_species": [
      0.025095150943165678,
      0.18583857157335773,
      0.2624311452028288,
      0.11335933376419471,
      0.04595538652834937
    ],
    "rmse_total": 0.16821654959312743,
    "mae_total": 0.12653591760237928,
    "max_abs": 0.3825020776680989,
    "estimate_type": "Mean"
  },
  "species_names": [
    "S. oralis",
    "A. naeslundii",
    "V. dispar",
    "F. nucleatum",
    "P. gingivalis"
  ]
}
