{
  "elapsed_time": 649207.339799881,
  "converged": [
    true,
    true
  ],
  "MAP": [
    0.8692655277545569,
    1.644678928003736,
    2.088761789269514,
    1.41598490371855,
    1.2119330393849386,
    1.693731647446182,
    2.1558149774308664,
    2.184223461503942,
    1.636579853725273,
    1.4542935024035022,
    2.9397628312051474,
    1.6227089460166804,
    2.333485556733286,
    2.5837321869041068,
    0.9026527918947749,
    0.10932371280530864,
    1.5417041951360577,
    0.9655962717647957,
    2.990016591036317,
    0.5597822150332966
  ],
  "mean": [
    1.9640142486440595,
    1.0832826917913996,
    1.5317227426629458,
    1.5405541398973337,
    1.4863228003726103,
    1.3892950879423094,
    2.2632363105377338,
    1.6678286173463732,
    2.336129834131057,
    1.5525222090359088,
    0.5857784294414832,
    1.0424463156422414,
    3.3459605216212105,
    2.0660336050208983,
    1.6123668774874595,
    0.2402849274806319,
    0.9271816638412985,
    0.8994808423269434,
    1.913632503693952,
    1.3676025280034223
  ]
}
