{
  "theta_sub": [
    0.8692655277545569,
    1.644678928003736,
    2.088761789269514,
    1.41598490371855,
    1.2119330393849386,
    1.693731647446182,
    2.1558149774308664,
    2.184223461503942,
    1.636579853725273,
    1.4542935024035022,
    2.9397628312051474,
    1.6227089460166804,
    2.333485556733286,
    2.5837321869041068,
    0.9026527918947749,
    0.10932371280530864,
    1.5417041951360577,
    0.9655962717647957,
    2.990016591036317,
    0.5597822150332966
  ],
  "theta_full": [
    0.8692655277545569,
    1.644678928003736,
    2.088761789269514,
    1.41598490371855,
    1.2119330393849386,
    1.693731647446182,
    2.1558149774308664,
    2.184223461503942,
    1.636579853725273,
    1.4542935024035022,
    2.9397628312051474,
    1.6227089460166804,
    2.333485556733286,
    2.5837321869041068,
    0.9026527918947749,
    0.10932371280530864,
    1.5417041951360577,
    0.9655962717647957,
    2.990016591036317,
    0.5597822150332966
  ],
  "active_indices": [
    0,
    1,
    2,
    3,
    4,
    5,
    6,
    7,
    8,
    9,
    10,
    11,
    12,
    13,
    14,
    15,
    16,
    17,
    18,
    19
  ]
}
