{
  "theta_sub": [
    1.9640142486440595,
    1.0832826917913996,
    1.5317227426629458,
    1.5405541398973337,
    1.4863228003726103,
    1.3892950879423094,
    2.2632363105377338,
    1.6678286173463732,
    2.336129834131057,
    1.5525222090359088,
    0.5857784294414832,
    1.0424463156422414,
    3.3459605216212105,
    2.0660336050208983,
    1.6123668774874595,
    0.2402849274806319,
    0.9271816638412985,
    0.8994808423269434,
    1.913632503693952,
    1.3676025280034223
  ],
  "theta_full": [
    1.9640142486440595,
    1.0832826917913996,
    1.5317227426629458,
    1.5405541398973337,
    1.4863228003726103,
    1.3892950879423094,
    2.2632363105377338,
    1.6678286173463732,
    2.336129834131057,
    1.5525222090359088,
    0.5857784294414832,
    1.0424463156422414,
    3.3459605216212105,
    2.0660336050208983,
    1.6123668774874595,
    0.2402849274806319,
    0.9271816638412985,
    0.8994808423269434,
    1.913632503693952,
    1.3676025280034223
  ],
  "active_indices": [
    0,
    1,
    2,
    3,
    4,
    5,
    6,
    7,
    8,
    9,
    10,
    11,
    12,
    13,
    14,
    15,
    16,
    17,
    18,
    19
  ]
}
