{
  "credibility": 0.95,
  "hdi_lower": [
    -0.9741330753617312,
    0.004557517365289865,
    -0.9989586921627788,
    0.1814226696903064,
    0.18542575806011907,
    -0.7824919030207558,
    0.0,
    0.0,
    0.028926757269420733,
    0.0,
    0.5825309934300604,
    0.0,
    -0.6417801784973323,
    0.0,
    0.0,
    0.0,
    0.0,
    0.0,
    0.0,
    0.0
  ],
  "hdi_upper": [
    1.2319878518834875,
    1.616715367388713,
    0.8840612136155439,
    2.9280435653409795,
    2.409487497260459,
    1.1421143272221048,
    0.0,
    0.0,
    1.7120449166028122,
    0.0,
    1.9717625233756255,
    0.0,
    1.914341947317861,
    0.0,
    0.0,
    0.0,
    0.0,
    0.0,
    0.0,
    0.0
  ],
  "et_lower": [
    -0.9263622378394284,
    0.0196257019511765,
    -0.996494879022787,
    0.1915474508847855,
    0.21754918296691522,
    -0.7752469968743066,
    0.0,
    0.0,
    0.047742723437385275,
    0.0,
    0.588504488086294,
    0.0,
    -0.638203851666274,
    0.0,
    0.0,
    0.0,
    0.0,
    0.0,
    0.0,
    0.0
  ],
  "et_upper": [
    1.1916349233273018,
    1.570379400318988,
    0.8289775672401031,
    2.9162290555244414,
    2.3965677737412827,
    1.134953242961976,
    0.0,
    0.0,
    1.6643817467584219,
    0.0,
    1.9532370051180337,
    0.0,
    1.8585729025592672,
    0.0,
    0.0,
    0.0,
    0.0,
    0.0,
    0.0,
    0.0
  ],
  "median": [
    0.18676812363076734,
    0.8154546421694213,
    -0.4087775149225263,
    1.1857441479808792,
    1.3297313353896552,
    0.13646170275425773,
    0.0,
    0.0,
    0.48975326528996677,
    0.0,
    1.4314214436515813,
    0.0,
    0.6157029329743913,
    0.0,
    0.0,
    0.0,
    0.0,
    0.0,
    0.0,
    0.0
  ],
  "param_names": [
    "a11",
    "a12",
    "a22",
    "b1",
    "b2",
    "a33",
    "b3",
    "a13",
    "a23"
  ]
}
