{
  "MAP": {
    "n_obs": 6,
    "n_species": 5,
    "rmse_per_species": [
      0.13896278412350097,
      0.0648010310081211,
      0.2702971355176434,
      0.013995347363573387,
      0.013995347363573387
    ],
    "mae_per_species": [
      0.12578657775165028,
      0.054900209362723086,
      0.21879818126712292,
      0.013617313916443644,
      0.013617313916443644
    ],
    "rmse_total": 0.1392566766483874,
    "mae_total": 0.08534391924287672,
    "max_abs": 0.4355506893181809,
    "estimate_type": "MAP"
  },
  "Mean": {
    "n_obs": 6,
    "n_species": 5,
    "rmse_per_species": [
      0.16958627761245096,
      0.029767517671129885,
      0.1848898196171991,
      0.016549733886627175,
      0.016549733886627175
    ],
    "mae_per_species": [
      0.14954272543495015,
      0.028229629428307024,
      0.13144672692207016,
      0.016370817553199603,
      0.016370817553199603
    ],
    "rmse_total": 0.11347038683662368,
    "mae_total": 0.0683921433783453,
    "max_abs": 0.3214056952743476,
    "estimate_type": "Mean"
  },
  "species_names": [
    "S. oralis",
    "A. naeslundii",
    "V. dispar",
    "F. nucleatum",
    "P. gingivalis"
  ]
}
