name,index,MAP,mean,median,hdi_lower,hdi_upper,et_lower,et_upper,rhat,ess
a11,0,0.649505625202907,0.1755918765535566,0.18676812363076734,-0.9741330753617312,1.2319878518834875,-0.9263622378394284,1.1916349233273018,,50.0
a12,1,0.6908596369646214,0.7940101665536821,0.8154546421694213,0.004557517365289865,1.616715367388713,0.0196257019511765,1.570379400318988,,50.0
a22,2,-0.07568327114031881,-0.3627573196947553,-0.4087775149225263,-0.9989586921627788,0.8840612136155439,-0.996494879022787,0.8289775672401031,,36.53243564598188
b1,3,2.6012986607411492,1.3692284584282113,1.1857441479808792,0.1814226696903064,2.9280435653409795,0.1915474508847855,2.9162290555244414,,23.54868250515737
b2,4,1.611830578660576,1.305256939821453,1.3297313353896552,0.18542575806011907,2.409487497260459,0.21754918296691522,2.3965677737412827,,50.0
a33,5,0.9114491608935014,0.16143564267233287,0.13646170275425773,-0.7824919030207558,1.1421143272221048,-0.7752469968743066,1.134953242961976,,33.10879848958372
b3,8,0.14254950729346502,0.6140867389987491,0.48975326528996677,0.028926757269420733,1.7120449166028122,0.047742723437385275,1.6643817467584219,,36.56761804279553
a13,10,1.4605890107966797,1.3801268958458277,1.4314214436515813,0.5825309934300604,1.9717625233756255,0.588504488086294,1.9532370051180337,,34.99907216526184
a23,12,1.5602084695516738,0.6605697517343568,0.6157029329743913,-0.6417801784973323,1.914341947317861,-0.638203851666274,1.8585729025592672,,31.723608431059795
