{
  "elapsed_time": 7617.02082824707,
  "converged": [
    true
  ],
  "MAP": [
    0.649505625202907,
    0.6908596369646214,
    -0.07568327114031881,
    2.6012986607411492,
    1.611830578660576,
    0.9114491608935014,
    0.0,
    0.0,
    0.14254950729346502,
    0.0,
    1.4605890107966797,
    0.0,
    1.5602084695516738,
    0.0,
    0.0,
    0.0,
    0.0,
    0.0,
    0.0,
    0.0
  ],
  "mean": [
    0.1755918765535566,
    0.7940101665536821,
    -0.3627573196947553,
    1.3692284584282113,
    1.305256939821453,
    0.16143564267233287,
    0.0,
    0.0,
    0.6140867389987491,
    0.0,
    1.3801268958458277,
    0.0,
    0.6605697517343568,
    0.0,
    0.0,
    0.0,
    0.0,
    0.0,
    0.0,
    0.0
  ]
}
