{
  "theta_sub": [
    0.649505625202907,
    0.6908596369646214,
    -0.07568327114031881,
    2.6012986607411492,
    1.611830578660576,
    0.9114491608935014,
    0.14254950729346502,
    1.4605890107966797,
    1.5602084695516738
  ],
  "theta_full": [
    0.649505625202907,
    0.6908596369646214,
    -0.07568327114031881,
    2.6012986607411492,
    1.611830578660576,
    0.9114491608935014,
    0.0,
    0.0,
    0.14254950729346502,
    0.0,
    1.4605890107966797,
    0.0,
    1.5602084695516738,
    0.0,
    0.0,
    0.0,
    0.0,
    0.0,
    0.0,
    0.0
  ],
  "active_indices": [
    0,
    1,
    2,
    3,
    4,
    5,
    8,
    10,
    12
  ]
}
