{
  "theta_sub": [
    0.1755918765535566,
    0.7940101665536821,
    -0.3627573196947553,
    1.3692284584282113,
    1.305256939821453,
    0.16143564267233287,
    0.6140867389987491,
    1.3801268958458277,
    0.6605697517343568
  ],
  "theta_full": [
    0.1755918765535566,
    0.7940101665536821,
    -0.3627573196947553,
    1.3692284584282113,
    1.305256939821453,
    0.16143564267233287,
    0.0,
    0.0,
    0.6140867389987491,
    0.0,
    1.3801268958458277,
    0.0,
    0.6605697517343568,
    0.0,
    0.0,
    0.0,
    0.0,
    0.0,
    0.0,
    0.0
  ],
  "active_indices": [
    0,
    1,
    2,
    3,
    4,
    5,
    8,
    10,
    12
  ]
}
