{
  "results": {
    "Dieckow self (TMCMC Np=1000)": 0.1006172651702688,
    "Heine CS A + Dieckow b": 0.10242849017862068,
    "Heine CH A + Dieckow b": 0.10241697610937234,
    "Heine DS A + Dieckow b": 0.10272848339185214,
    "Heine DH A + Dieckow b": 0.10269326989958756,
    "Heine CS A+b (fixed)": 0.11203882349463327,
    "Heine CH A+b (fixed)": 0.10953388744842828,
    "Heine DS A+b (fixed)": 0.11684918094230706,
    "Heine DH A+b (fixed)": 0.13571594391334893
  },
  "A_corr_labels": [
    "CS",
    "CH",
    "DS",
    "DH",
    "Dieckow"
  ],
  "A_corr_matrix": [
    [
      1.0,
      0.11542944967300525,
      -0.01234654684762522,
      0.4556547695010061,
      -0.051661821728569375
    ],
    [
      0.11542944967300525,
      1.0,
      -0.0370059300094551,
      -0.0858696085608703,
      -0.21551151077429703
    ],
    [
      -0.012346546847625218,
      -0.037005930009455096,
      1.0,
      0.08034763589430713,
      -0.18764820487021902
    ],
    [
      0.4556547695010061,
      -0.08586960856087031,
      0.08034763589430713,
      1.0,
      0.39709771068297545
    ],
    [
      -0.051661821728569375,
      -0.21551151077429703,
      -0.18764820487021902,
      0.3970977106829754,
      0.9999999999999999
    ]
  ]
}