{
  "credibility": 0.95,
  "hdi_lower": [
    0.03736322176589957,
    -0.45244953909398955,
    0.26844001333267475,
    0.2751613761329583,
    0.13266171681174477,
    0.4327470547220276,
    -0.30022342940639724,
    0.015522765350408751,
    0.013305949061185984,
    0.3732979779722201,
    -2.8432082896642004,
    -0.4870838781292752,
    0.24949457135201492,
    -0.4790242925991439,
    0.028107118434467226,
    0.009979975639905603,
    -0.4858941881983121,
    -0.29212345881646584,
    0.40192893265451124,
    0.012721732683903753
  ],
  "hdi_upper": [
    4.698785866007171,
    2.8431995655783813,
    4.935514435840288,
    2.981935519129357,
    2.942143314799253,
    4.991007106087267,
    2.9988780957273,
    4.68484636027906,
    4.647544626073735,
    2.992321314172958,
    2.852728891780659,
    2.726264604822646,
    4.967884153553776,
    2.7928497191810973,
    4.695124214317398,
    0.4779739514875536,
    2.803251640774792,
    2.995654351838347,
    4.998938558183976,
    4.700195130295462
  ],
  "et_lower": [
    0.13929252345504659,
    -0.415828263471889,
    0.16376955356801465,
    0.15232212096027956,
    0.09063839791335458,
    0.1917204514801175,
    -0.384467708647017,
    0.11381910468427354,
    0.1638155676803504,
    0.17847577489273522,
    -2.8284454060908604,
    -0.4083996413174393,
    0.14508276431831668,
    -0.42829850247922124,
    0.09818488938775687,
    0.011800005902785958,
    -0.4333258054412746,
    -0.41138978531586823,
    0.22199412465198118,
    0.09615349512331635
  ],
  "et_upper": [
    4.849983057098297,
    2.8834407203652352,
    4.8652758267699925,
    2.912896879141615,
    2.9277155854849797,
    4.882091602315834,
    2.918799066918628,
    4.831214116758766,
    4.835367071199294,
    2.956256367344316,
    2.881347111215988,
    2.8433016480008044,
    4.879646259678327,
    2.8635506351899713,
    4.828590124889786,
    0.48608964256958953,
    2.8880302004929783,
    2.92800114766618,
    4.922088549418409,
    4.828499404325237
  ],
  "median": [
    2.3034710647352554,
    1.13988531145387,
    2.3743523317137347,
    1.670726903321837,
    1.4122877377255172,
    2.857345769340652,
    1.2657425144564178,
    2.21812240472141,
    1.7897598219228457,
    1.9477438439917734,
    0.30672002326656544,
    0.9300948424005329,
    2.840091815874941,
    1.309611219616623,
    2.3268789741954152,
    0.22574004182434015,
    1.096310496703735,
    1.3451077003632568,
    3.1624516437393537,
    2.1118466429436764
  ],
  "param_names": [
    "a11",
    "a12",
    "a22",
    "b1",
    "b2",
    "a33",
    "a34",
    "a44",
    "b3",
    "b4",
    "a13",
    "a14",
    "a23",
    "a24",
    "a55",
    "b5",
    "a15",
    "a25",
    "a35",
    "a45"
  ]
}
