{
  "MAP": {
    "n_obs": 6,
    "n_species": 5,
    "rmse_per_species": [
      0.03742154980865916,
      0.12261438892808155,
      0.48780616889544276,
      0.08652365151434593,
      0.09436992152292624
    ],
    "mae_per_species": [
      0.02718909850856466,
      0.10473333492542332,
      0.4232252982713052,
      0.07014109257783151,
      0.07099567337962263
    ],
    "rmse_total": 0.23271508053169104,
    "mae_total": 0.13925689953254947,
    "max_abs": 0.7537495334194011,
    "estimate_type": "MAP"
  },
  "Mean": {
    "n_obs": 6,
    "n_species": 5,
    "rmse_per_species": [
      0.031015044987401423,
      0.12253058671986142,
      0.3361898989502985,
      0.09116646710251874,
      0.23441803444570186
    ],
    "mae_per_species": [
      0.024322155206675522,
      0.10639811172571244,
      0.3122080347775795,
      0.07953088087406403,
      0.20680924824116453
    ],
    "rmse_total": 0.19609307251967717,
    "mae_total": 0.14585368616503921,
    "max_abs": 0.47757782244594027,
    "estimate_type": "Mean"
  },
  "species_names": [
    "S. oralis",
    "A. naeslundii",
    "V. dispar",
    "F. nucleatum",
    "P. gingivalis"
  ]
}
