{
  "elapsed_time": 12.47888469696045,
  "converged": [
    true,
    true
  ],
  "MAP": [
    0.606566850233509,
    2.4758315494339693,
    0.4919275760869386,
    2.9594514033768213,
    0.2148838257270831,
    4.3341293570395,
    2.704823160793727,
    0.14053648778501326,
    1.014377894467355,
    2.1674913649451772,
    -1.4358370162199492,
    1.8397745122526628,
    3.1025169926528084,
    1.9655358106135568,
    0.9787039683162995,
    0.01018584213018614,
    1.251821800642482,
    -0.131056041499916,
    3.955247245510243,
    1.345486093741179
  ],
  "mean": [
    2.404121954780651,
    1.1616396847830246,
    2.438395794616751,
    1.6614957369098717,
    1.4474420165294812,
    2.7734782934851077,
    1.2853235108109926,
    2.281440445043096,
    2.1138057244377464,
    1.8319852262853822,
    0.18853351526922502,
    1.0648543310334255,
    2.6980509504771772,
    1.2652320628138973,
    2.383490275058649,
    0.23026945475129953,
    1.153262961007112,
    1.3169761629192422,
    2.933391342801509,
    2.219117003844043
  ]
}
