{
  "theta_sub": [
    0.606566850233509,
    2.4758315494339693,
    0.4919275760869386,
    2.9594514033768213,
    0.2148838257270831,
    4.3341293570395,
    2.704823160793727,
    0.14053648778501326,
    1.014377894467355,
    2.1674913649451772,
    -1.4358370162199492,
    1.8397745122526628,
    3.1025169926528084,
    1.9655358106135568,
    0.9787039683162995,
    0.01018584213018614,
    1.251821800642482,
    -0.131056041499916,
    3.955247245510243,
    1.345486093741179
  ],
  "theta_full": [
    0.606566850233509,
    2.4758315494339693,
    0.4919275760869386,
    2.9594514033768213,
    0.2148838257270831,
    4.3341293570395,
    2.704823160793727,
    0.14053648778501326,
    1.014377894467355,
    2.1674913649451772,
    -1.4358370162199492,
    1.8397745122526628,
    3.1025169926528084,
    1.9655358106135568,
    0.9787039683162995,
    0.01018584213018614,
    1.251821800642482,
    -0.131056041499916,
    3.955247245510243,
    1.345486093741179
  ],
  "active_indices": [
    0,
    1,
    2,
    3,
    4,
    5,
    6,
    7,
    8,
    9,
    10,
    11,
    12,
    13,
    14,
    15,
    16,
    17,
    18,
    19
  ]
}
