{
  "theta_sub": [
    2.404121954780651,
    1.1616396847830246,
    2.438395794616751,
    1.6614957369098717,
    1.4474420165294812,
    2.7734782934851077,
    1.2853235108109926,
    2.281440445043096,
    2.1138057244377464,
    1.8319852262853822,
    0.18853351526922502,
    1.0648543310334255,
    2.6980509504771772,
    1.2652320628138973,
    2.383490275058649,
    0.23026945475129953,
    1.153262961007112,
    1.3169761629192422,
    2.933391342801509,
    2.219117003844043
  ],
  "theta_full": [
    2.404121954780651,
    1.1616396847830246,
    2.438395794616751,
    1.6614957369098717,
    1.4474420165294812,
    2.7734782934851077,
    1.2853235108109926,
    2.281440445043096,
    2.1138057244377464,
    1.8319852262853822,
    0.18853351526922502,
    1.0648543310334255,
    2.6980509504771772,
    1.2652320628138973,
    2.383490275058649,
    0.23026945475129953,
    1.153262961007112,
    1.3169761629192422,
    2.933391342801509,
    2.219117003844043
  ],
  "active_indices": [
    0,
    1,
    2,
    3,
    4,
    5,
    6,
    7,
    8,
    9,
    10,
    11,
    12,
    13,
    14,
    15,
    16,
    17,
    18,
    19
  ]
}
