{
  "full_cohort": {
    "rmse": 0.07501956678280568,
    "r": 0.9196250759088447,
    "label": "Full cohort"
  },
  "ct1_train": {
    "rmse": 0.06663663891587138,
    "r": 0.9525063531758031,
    "label": "CT1 in-sample"
  },
  "ct2_train": {
    "rmse": 0.05160437550903762,
    "r": 0.933219945692389,
    "label": "CT2 in-sample"
  },
  "ct1_to_ct2": {
    "rmse": 0.08978817039261108,
    "r": 0.8205804120770777,
    "label": "CT1\u2192CT2 predict"
  },
  "ct2_to_ct1": {
    "rmse": 0.1373178090060597,
    "r": 0.8099532833438716,
    "label": "CT2\u2192CT1 predict"
  },
  "loo_ct1_mean": 0.07081553527050806,
  "loo_ct2_mean": 0.10113137792303957,
  "loo_ct1_per": {
    "D": 0.06456014183723821,
    "E": 0.03769182666404178,
    "G": 0.044169281897441216,
    "K": 0.12421930085817218,
    "L": 0.08343712509564692
  },
  "loo_ct2_per": {
    "A": 0.1415200631902855,
    "B": 0.14813341599836258,
    "C": 0.06838453507469568,
    "F": 0.050839933655113995,
    "H": 0.0967789416967401
  },
  "ct1_patients": [
    "D",
    "E",
    "G",
    "K",
    "L"
  ],
  "ct2_patients": [
    "A",
    "B",
    "C",
    "F",
    "H"
  ]
}