{
  "rmse": 0.04501602063634709,
  "r": 0.9622420942429456,
  "sign_agreement": "19/19",
  "kegg_weight": 2.0,
  "hmdb_weight": 2.0,
  "sigma": 0.15,
  "patients": [
    "A",
    "B",
    "C",
    "E",
    "F",
    "G",
    "H",
    "K"
  ],
  "guilds": [
    "Actinobacteria",
    "Coriobacteriia",
    "Bacilli",
    "Clostridia",
    "Negativicutes",
    "Bacteroidia",
    "Flavobacteriia",
    "Fusobacteriia",
    "Betaproteobacteria",
    "Gammaproteobacteria",
    "Other"
  ],
  "A": [
    [
      -1.0476031080579769,
      0.12016475701641066,
      -1.2681863846734536,
      0.11678181151015529,
      0.03544262553670309,
      0.704787750964344,
      0.33671621901823207,
      0.16774943381357513,
      1.301121152148381,
      0.440769923840422,
      -0.05933437736940811
    ],
    [
      0.015083056541678254,
      0.001434297694467262,
      -0.03256279541704283,
      0.0022823227343497124,
      -0.021638858244098613,
      0.007392773584881264,
      0.007981414408255288,
      0.002575860293725324,
      0.009588588926603163,
      -0.009236125628341413,
      -0.0006011916793250264
    ],
    [
      4.513226421853878,
      -0.05994667957200412,
      -0.08984177981495378,
      -0.1028807172586161,
      0.8911043764320027,
      -0.5466407741291277,
      0.0015736813994481995,
      -0.5906034334805782,
      0.008225345844321476,
      0.008183801901573275,
      0.14910294302401242
    ],
    [
      -0.2453283738260433,
      -0.001672302203179506,
      -0.005739656860620901,
      -0.0026910783610251815,
      -0.021938341933723488,
      -0.003907278721775879,
      0.04047909985992175,
      0.006531882601444282,
      0.10453519282265324,
      -0.00878629520345834,
      -0.011628010977081256
    ],
    [
      0.0065742357736209385,
      -0.031812383053401935,
      0.04040430618824149,
      -0.0052527932288494675,
      -0.1930761845664821,
      0.00042388143427043437,
      0.23308968750858905,
      0.16041459265340044,
      0.3836017418917413,
      0.14217573553113863,
      -0.01752930856746414
    ],
    [
      0.00724787659198743,
      0.0031310498650106056,
      -0.01660764716957613,
      0.008222865717786798,
      0.001973632633901787,
      -0.0009897114456381157,
      0.05155222806904021,
      0.009311997745600846,
      0.1776502826036104,
      0.053640843517103534,
      -0.02080565716598638
    ],
    [
      -0.3330554333606103,
      -0.010126671338772467,
      0.22133062423907787,
      0.007292096789329327,
      0.00830860019782551,
      -0.005151781643940016,
      0.012808888424879995,
      0.03175435744540529,
      0.1472413575547442,
      0.042685759611688835,
      -0.005923588545416866
    ],
    [
      -0.3167217721239511,
      -0.008286517789783052,
      0.053803171671609924,
      0.006673923960115628,
      -0.01701191553710808,
      -0.008154181651101119,
      0.06254917206426656,
      -0.00144235037964915,
      0.13838257127709014,
      0.01316368526138373,
      -0.011170771599467088
    ],
    [
      0.0008522296083460509,
      -0.008372471272707144,
      0.42336097995311095,
      -0.011219319758870853,
      0.02700728005467882,
      -0.04608791031669111,
      0.07511371433888962,
      0.048409523367127325,
      0.03835971854746818,
      0.07361640878842,
      -0.007799116165485404
    ],
    [
      -0.72601872425383,
      -0.01744840266821716,
      0.15782619706525075,
      -0.03580361567212394,
      0.06208930679719765,
      -0.08052352871419875,
      0.1440059405627599,
      0.13705008721743686,
      0.1569843176547638,
      0.01089932706121826,
      -0.007170656862276887
    ],
    [
      -0.11173735895084703,
      0.0004042151498984739,
      0.057351738070685894,
      0.005577394812838974,
      -0.006614323217730162,
      -0.007955605178421941,
      0.017352689475766767,
      0.004100934942091163,
      0.05056821952059608,
      0.022291676651644356,
      -0.007158677096667289
    ]
  ],
  "b_all": [
    [
      0.7350702576300477,
      -3.0663026140153797,
      0.6192990439316832,
      -3.651898777822611,
      0.8394358477041991,
      -1.3750973223422038,
      2.7069360206213386,
      2.961498516643827,
      1.706622427939136,
      1.3849540434228473,
      -0.6601344590940474
    ],
    [
      1.5023207639975966,
      0.6894502481033893,
      -0.37896574034559183,
      -0.2167624807756519,
      -0.030133159305677608,
      -0.06789193888999837,
      -0.23826360011110778,
      -0.1775463839030601,
      -0.43186533787895354,
      0.6150716986671926,
      0.7695989770537907
    ],
    [
      0.537691378151639,
      0.7458124369336188,
      -0.8194942726363684,
      -0.09435971494100082,
      0.543656126397493,
      0.01360583568881333,
      -0.03554258376401113,
      0.46095861598480414,
      -0.1230744138890158,
      0.26700713871692777,
      0.44072319247801733
    ],
    [
      5.265574381008603,
      4.623653278532771,
      3.8191876918905883,
      -7.106496209810856,
      3.8152689884094895,
      -17.419836754593852,
      5.499003215784404,
      0.16332767420870747,
      5.606983263220726,
      4.206367342561215,
      -6.444658456863913
    ],
    [
      1.0260490445786203,
      -0.49927163376503136,
      -1.4876118429379679,
      -0.18618999939136996,
      1.1565632383456943,
      0.17483146274283687,
      0.8674606366969845,
      0.7895386917010695,
      0.9111757821047516,
      -0.8139780139051112,
      0.1398453510746593
    ],
    [
      2.0575806127520546,
      0.29442540488618285,
      -0.3314555237334301,
      0.2099085963625537,
      0.12807238190951314,
      0.25960551845968455,
      -0.015720737791220456,
      -0.15976237615513836,
      -0.21727242500527766,
      -0.3410639757228334,
      0.23656530082795563
    ],
    [
      1.2969895918782886,
      0.17203778058035163,
      -0.6336378528637222,
      -0.027881738800398348,
      0.42907493349373327,
      0.679706731969018,
      -0.17498911733379208,
      -0.1432651370256829,
      0.09736504959550504,
      -0.3818162855578675,
      0.5922544322768505
    ],
    [
      9.750701009466502,
      -0.10756753753334382,
      7.925413280496587,
      -8.016122612703196,
      4.536740982195291,
      10.058603934103994,
      -1.802082767782878,
      -12.472823121394038,
      9.853801531899597,
      -16.111309934666327,
      -1.96485546303972
    ]
  ],
  "model": "gLV KEGG/HMDB prior best (kegg=2.0,hmdb=2.0,sigma=0.15)"
}