{
  "glv": {
    "rmse": 0.07501956678280568,
    "r": 0.9196250759088447,
    "loo_rmse": 0.05884785076559886,
    "loo_w3": 0.1345968566390192,
    "label": "gLV (ref)"
  },
  "dtglv": {
    "rmse": 0.08077095917130239,
    "r": 0.9043437947983062,
    "loo_rmse": 0.27674858465678626,
    "label": "DT-gLV"
  },
  "cr": {
    "rmse": 0.07616559227990514,
    "r": 0.9143686041408033,
    "loo_rmse": 0.16270807713696533,
    "C": [
      [
        0.20689001297344944,
        -0.04489344480351074,
        -0.057906950080418775
      ],
      [
        -0.13235899696213402,
        0.17616309819568618,
        -0.20035842052262642
      ],
      [
        0.19626567510843962,
        0.006723538611149531,
        -0.21517523538684433
      ],
      [
        -0.2941615140515917,
        -0.11861978059257976,
        0.4583669948681197
      ],
      [
        0.05905780944532868,
        0.0036537231035027457,
        -0.06686372083045179
      ],
      [
        0.027544406180935028,
        0.0017549040212384247,
        -0.030969279891268575
      ],
      [
        -0.09739420819018485,
        -0.014249695474617281,
        0.1217846603700781
      ],
      [
        0.005493555626479591,
        0.0037203891348134093,
        -0.02693888533620019
      ],
      [
        -0.02413907820613795,
        -0.017672100482868457,
        0.07744052107539935
      ],
      [
        0.053700900986008625,
        0.0034451127290669064,
        -0.0602299467572287
      ]
    ],
    "P": [
      [
        0.05567423436271662,
        -0.07525628774098175,
        0.026892259388371295,
        0.016729407358590093,
        0.011585240154541819,
        0.0043847377593179875,
        -0.01689506823152469,
        0.030500301882516102,
        -0.04850634633950914,
        -0.003243602523950212
      ],
      [
        0.3245189660032894,
        -0.3624268245753306,
        0.08378321216048208,
        0.029565509131803634,
        0.013055303713689442,
        0.008711236829188717,
        -0.060841241805300504,
        0.02154225370463964,
        -0.05088906074231834,
        -0.004366882723738009
      ],
      [
        0.07038729097831252,
        -0.09117221858617604,
        0.02967073219551344,
        0.01899059255400396,
        0.010826898167090274,
        0.004249722614969272,
        -0.018966589056033847,
        0.02675848266390976,
        -0.046216350810196115,
        -0.003222475804789518
      ]
    ],
    "label": "CR (K=3)"
  },
  "hoi": {
    "rmse": 0.07670086789356455,
    "r": 0.9140569674733832,
    "loo_rmse": 0.16270611967029378,
    "c_vals": [
      -0.00015062486176789118,
      -0.003688340653662605,
      -4.681750803314825e-06,
      -9.582673679244947e-05,
      8.602665716344985e-08,
      -7.479206627395418e-07,
      2.293477380100558e-06,
      -1.0650875633117451e-05,
      -6.1002767780536776e-05,
      -6.18915595150614e-09
    ],
    "label": "HOI-gLV"
  },
  "sde": {
    "rmse": 0.07497176853048956,
    "r": 0.9193467750945198,
    "loo_rmse": 0.1345968566390192,
    "coverage_95": 0.09,
    "sigma": [
      0.12438122256557246,
      0.17134293386823016,
      0.0401065630087708,
      0.054035644725386626,
      0.012907379441718622,
      0.019945040647451562,
      0.013672395353125862,
      0.03836257013854801,
      0.05368709757560435,
      0.008700011557910538
    ],
    "label": "SDE-gLV"
  }
}