{
  "credibility": 0.95,
  "hdi_lower": [
    0.006242153917600746,
    -0.4131272229671001,
    0.0007309274004398958,
    0.04792407802807119,
    0.007074250942350702,
    0.010286900779393093,
    -0.26560762465399534,
    0.028116729778995708,
    0.2861045470231657,
    0.008370373947040655,
    -2.4866277178919667,
    -0.49289236794942515,
    2.250865854804044,
    -0.49004924712282527,
    0.018189376682775205,
    0.016089904659265852,
    -0.4903259568195937,
    -0.3587183664317706,
    0.15651037278035562,
    8.168586425827407e-05
  ],
  "hdi_upper": [
    4.632505173940227,
    2.8601835345151834,
    4.063451678327301,
    2.852168886533317,
    2.832408162297511,
    4.135412377851791,
    2.9961836596937768,
    4.546090684393132,
    4.97988254957791,
    2.8227335750011138,
    2.9942454483003935,
    2.7457971928483897,
    4.993694574749654,
    2.7781360449662937,
    4.653534287371577,
    0.4871314027025302,
    2.728840565654399,
    2.961320354184439,
    2.978770941111158,
    2.8010225214561113
  ],
  "et_lower": [
    0.0978492894124275,
    -0.40087717879442086,
    0.05388468749851522,
    0.08159124007153866,
    0.057362468770894244,
    0.23552990266331553,
    -0.37669178802214354,
    0.084436441806365,
    0.11679138955147203,
    0.08068987754090112,
    -2.7871570923042586,
    -0.41110088206800344,
    1.8501286990113026,
    -0.4399767803158419,
    0.12970702890022665,
    0.01632469834090961,
    -0.40500725863420906,
    -0.41205909132766083,
    0.08838383880456802,
    0.05356675331435167
  ],
  "et_upper": [
    4.816588254307745,
    2.89303557216645,
    4.422541615086211,
    2.9114306571072173,
    2.9240984047208034,
    4.42498344185023,
    2.9517932586005275,
    4.764415905752275,
    4.867958867140508,
    2.915805143400632,
    2.885535505349326,
    2.857110715293153,
    4.9648643469744895,
    2.899651632288369,
    4.829162948239073,
    0.48805923389943334,
    2.8484135594814926,
    2.913045530472885,
    2.9415159899685817,
    2.8850536677506597
  ],
  "median": [
    2.1878177946373762,
    0.8989994668100738,
    1.4604196259286444,
    1.428146299493939,
    1.3719399105636563,
    2.2096695372614032,
    1.7024498309455955,
    1.8026868055140848,
    2.6229022219868465,
    1.3785883393461305,
    0.7338380716344419,
    0.9679037428496446,
    4.20376578705228,
    1.030747478724983,
    2.2668161825489452,
    0.25835236687558216,
    0.9339876732453746,
    1.1786625963991755,
    1.604071839723976,
    1.4179989055543225
  ],
  "param_names": [
    "a11",
    "a12",
    "a22",
    "b1",
    "b2",
    "a33",
    "a34",
    "a44",
    "b3",
    "b4",
    "a13",
    "a14",
    "a23",
    "a24",
    "a55",
    "b5",
    "a15",
    "a25",
    "a35",
    "a45"
  ]
}