{
  "MAP": {
    "n_obs": 6,
    "n_species": 5,
    "rmse_per_species": [
      0.041736862217909995,
      0.08796206928341933,
      0.26701421878214315,
      0.10750935990750275,
      0.10772022906958673
    ],
    "mae_per_species": [
      0.03588272199528709,
      0.0685970402375519,
      0.2470542100976774,
      0.09246372187112056,
      0.0983376400721546
    ],
    "rmse_total": 0.14417891284843373,
    "mae_total": 0.10846706685475832,
    "max_abs": 0.38061344765165134,
    "estimate_type": "MAP"
  },
  "Mean": {
    "n_obs": 6,
    "n_species": 5,
    "rmse_per_species": [
      0.031741907273163485,
      0.2042087567400742,
      0.2913460335667878,
      0.08808391758566471,
      0.061990626246843504
    ],
    "mae_per_species": [
      0.02512740827334635,
      0.18070340743626542,
      0.2683163411435136,
      0.07502408050684976,
      0.05061309304424255
    ],
    "rmse_total": 0.16684896796892618,
    "mae_total": 0.11995686608084352,
    "max_abs": 0.38178011633633724,
    "estimate_type": "Mean"
  },
  "species_names": [
    "S. oralis",
    "A. naeslundii",
    "V. dispar",
    "F. nucleatum",
    "P. gingivalis"
  ]
}