{
  "elapsed_time": 269469.92520070076,
  "converged": [
    true
  ],
  "MAP": [
    0.2113451670220119,
    2.8601835345151834,
    0.4147140956132134,
    0.7960249530004648,
    2.695518580180564,
    0.9788450795847332,
    2.5536329770400723,
    0.6194815226364863,
    0.8917740068517358,
    0.703432717317094,
    2.8545069851518674,
    0.8989633383828153,
    1.811434935632623,
    2.9481623391353367,
    0.6400271659942807,
    0.4836127687307372,
    0.2492109486383678,
    2.3764888143415255,
    2.9564086792097886,
    1.3446768989366125
  ],
  "mean": [
    2.248070017652511,
    1.041806846381206,
    1.6856057855686786,
    1.4751811667245023,
    1.4376711560228488,
    2.2370561100091173,
    1.5217340289579533,
    1.9849888150674888,
    2.5843574503121665,
    1.410787876401167,
    0.4498260519204644,
    1.0530225052920699,
    3.9702827199407955,
    1.0963850732190306,
    2.3274708042711603,
    0.2535986109947315,
    1.061413593865509,
    1.2149227660672477,
    1.5670750324326115,
    1.4251724181828167
  ]
}