{
  "theta_sub": [
    2.248070017652511,
    1.041806846381206,
    1.6856057855686786,
    1.4751811667245023,
    1.4376711560228488,
    2.2370561100091173,
    1.5217340289579533,
    1.9849888150674888,
    2.5843574503121665,
    1.410787876401167,
    0.4498260519204644,
    1.0530225052920699,
    3.9702827199407955,
    1.0963850732190306,
    2.3274708042711603,
    0.2535986109947315,
    1.061413593865509,
    1.2149227660672477,
    1.5670750324326115,
    1.4251724181828167
  ],
  "theta_full": [
    2.248070017652511,
    1.041806846381206,
    1.6856057855686786,
    1.4751811667245023,
    1.4376711560228488,
    2.2370561100091173,
    1.5217340289579533,
    1.9849888150674888,
    2.5843574503121665,
    1.410787876401167,
    0.4498260519204644,
    1.0530225052920699,
    3.9702827199407955,
    1.0963850732190306,
    2.3274708042711603,
    0.2535986109947315,
    1.061413593865509,
    1.2149227660672477,
    1.5670750324326115,
    1.4251724181828167
  ],
  "active_indices": [
    0,
    1,
    2,
    3,
    4,
    5,
    6,
    7,
    8,
    9,
    10,
    11,
    12,
    13,
    14,
    15,
    16,
    17,
    18,
    19
  ]
}