{
  "theta_sub": [
    0.2113451670220119,
    2.8601835345151834,
    0.4147140956132134,
    0.7960249530004648,
    2.695518580180564,
    0.9788450795847332,
    2.5536329770400723,
    0.6194815226364863,
    0.8917740068517358,
    0.703432717317094,
    2.8545069851518674,
    0.8989633383828153,
    1.811434935632623,
    2.9481623391353367,
    0.6400271659942807,
    0.4836127687307372,
    0.2492109486383678,
    2.3764888143415255,
    2.9564086792097886,
    1.3446768989366125
  ],
  "theta_full": [
    0.2113451670220119,
    2.8601835345151834,
    0.4147140956132134,
    0.7960249530004648,
    2.695518580180564,
    0.9788450795847332,
    2.5536329770400723,
    0.6194815226364863,
    0.8917740068517358,
    0.703432717317094,
    2.8545069851518674,
    0.8989633383828153,
    1.811434935632623,
    2.9481623391353367,
    0.6400271659942807,
    0.4836127687307372,
    0.2492109486383678,
    2.3764888143415255,
    2.9564086792097886,
    1.3446768989366125
  ],
  "active_indices": [
    0,
    1,
    2,
    3,
    4,
    5,
    6,
    7,
    8,
    9,
    10,
    11,
    12,
    13,
    14,
    15,
    16,
    17,
    18,
    19
  ]
}