{
  "credibility": 0.95,
  "hdi_lower": [
    0.044218971281925756,
    -0.49726495304506635,
    0.33703655016889167,
    0.17722783654683916,
    0.1611036862372318,
    0.41760127660862123,
    -0.44240541350841056,
    0.2435748985550461,
    0.012598588483140105,
    0.4021774389579311,
    -2.7387231825503733,
    -0.49877860418063946,
    0.3196659066390355,
    -0.480616577173242,
    0.17623812099543057,
    0.0018615669649648427,
    -0.4084794953721288,
    -0.32944899599800714,
    0.47478239251264753,
    0.00766242899792724
  ],
  "hdi_upper": [
    4.654622718059099,
    2.7450510207116587,
    4.942483658823493,
    2.9447993153822165,
    2.990416795693988,
    4.9946421485036065,
    2.808157910392396,
    4.91710499601478,
    4.6050418092523575,
    2.989157850450829,
    2.940645251658755,
    2.735746569771641,
    4.997236440582061,
    2.806396123448286,
    4.869996572727654,
    0.4677577891951946,
    2.8554566898474514,
    2.963169146810964,
    4.945951600027028,
    4.557047090356845
  ],
  "et_lower": [
    0.11981372487053318,
    -0.40157674485864925,
    0.17845471065422525,
    0.17918455177623946,
    0.09172238203893292,
    0.22374345217563574,
    -0.3832171120766839,
    0.12606125292316914,
    0.17262396605270744,
    0.23177191315110118,
    -2.83228790746998,
    -0.41011838325342675,
    0.11969115683795893,
    -0.4037377746755435,
    0.1761720102502405,
    0.010695643956115945,
    -0.40519904975943016,
    -0.36353666909509247,
    0.29735875983759524,
    0.1276577208459415
  ],
  "et_upper": [
    4.8083470259135455,
    2.869572479323377,
    4.829004105166415,
    2.945162655225351,
    2.946850040115531,
    4.8971649463126035,
    2.8714939863832427,
    4.872690261949349,
    4.81548250368896,
    2.969077887182913,
    2.9091820634543644,
    2.8590232859147044,
    4.917080190702855,
    2.9285895595888563,
    4.8676070437815895,
    0.4857741383130692,
    2.868324504362503,
    2.937576578355384,
    4.881116592006365,
    4.8146324837398335
  ],
  "median": [
    2.1822871613062738,
    1.0998355224342171,
    2.4329835248973426,
    1.7357744146165066,
    1.4996878038224786,
    2.9379322234392387,
    1.2296849983334939,
    2.364902723299385,
    1.9409829259636369,
    1.896611823552882,
    0.01761810650001161,
    0.9977767232183812,
    2.799147181369146,
    1.2923201837642422,
    2.412835960916095,
    0.21759928546557178,
    0.9821201098240016,
    1.3997660203099307,
    3.182080738769109,
    1.8193759028599972
  ],
  "param_names": [
    "a11",
    "a12",
    "a22",
    "b1",
    "b2",
    "a33",
    "a34",
    "a44",
    "b3",
    "b4",
    "a13",
    "a14",
    "a23",
    "a24",
    "a55",
    "b5",
    "a15",
    "a25",
    "a35",
    "a45"
  ]
}
