{
  "elapsed_time": 9.077805995941162,
  "converged": [
    true,
    true
  ],
  "MAP": [
    4.854445157377685,
    1.9888727109255941,
    1.9532190329827506,
    2.2451291660869996,
    0.6780806710237298,
    4.974319572681647,
    -0.048989802589953835,
    1.8948122361123014,
    0.9298053053253438,
    1.9882716404712237,
    0.9096839811024977,
    1.2894356871379469,
    3.9213481487929926,
    0.6039542320290825,
    3.4606813303743573,
    0.07500568077401375,
    0.12050051397586692,
    0.34173981334670933,
    3.314556165971672,
    0.9479042497443162
  ],
  "mean": [
    2.225743121177715,
    1.1578398339595686,
    2.4773508335846994,
    1.6997208040211078,
    1.5067923485402168,
    2.777682408047843,
    1.2253425128885624,
    2.3670938736420535,
    2.0728476217717184,
    1.8030588439727753,
    0.06474076049910718,
    1.0875800217391707,
    2.776980752083964,
    1.277139027718189,
    2.4759467681236793,
    0.22685232441434514,
    1.099510892633799,
    1.368199299292277,
    2.9363107030233935,
    2.069805074052102
  ]
}
