{
  "theta_sub": [
    4.854445157377685,
    1.9888727109255941,
    1.9532190329827506,
    2.2451291660869996,
    0.6780806710237298,
    4.974319572681647,
    -0.048989802589953835,
    1.8948122361123014,
    0.9298053053253438,
    1.9882716404712237,
    0.9096839811024977,
    1.2894356871379469,
    3.9213481487929926,
    0.6039542320290825,
    3.4606813303743573,
    0.07500568077401375,
    0.12050051397586692,
    0.34173981334670933,
    3.314556165971672,
    0.9479042497443162
  ],
  "theta_full": [
    4.854445157377685,
    1.9888727109255941,
    1.9532190329827506,
    2.2451291660869996,
    0.6780806710237298,
    4.974319572681647,
    -0.048989802589953835,
    1.8948122361123014,
    0.9298053053253438,
    1.9882716404712237,
    0.9096839811024977,
    1.2894356871379469,
    3.9213481487929926,
    0.6039542320290825,
    3.4606813303743573,
    0.07500568077401375,
    0.12050051397586692,
    0.34173981334670933,
    3.314556165971672,
    0.9479042497443162
  ],
  "active_indices": [
    0,
    1,
    2,
    3,
    4,
    5,
    6,
    7,
    8,
    9,
    10,
    11,
    12,
    13,
    14,
    15,
    16,
    17,
    18,
    19
  ]
}
