{
  "theta_sub": [
    2.225743121177715,
    1.1578398339595686,
    2.4773508335846994,
    1.6997208040211078,
    1.5067923485402168,
    2.777682408047843,
    1.2253425128885624,
    2.3670938736420535,
    2.0728476217717184,
    1.8030588439727753,
    0.06474076049910718,
    1.0875800217391707,
    2.776980752083964,
    1.277139027718189,
    2.4759467681236793,
    0.22685232441434514,
    1.099510892633799,
    1.368199299292277,
    2.9363107030233935,
    2.069805074052102
  ],
  "theta_full": [
    2.225743121177715,
    1.1578398339595686,
    2.4773508335846994,
    1.6997208040211078,
    1.5067923485402168,
    2.777682408047843,
    1.2253425128885624,
    2.3670938736420535,
    2.0728476217717184,
    1.8030588439727753,
    0.06474076049910718,
    1.0875800217391707,
    2.776980752083964,
    1.277139027718189,
    2.4759467681236793,
    0.22685232441434514,
    1.099510892633799,
    1.368199299292277,
    2.9363107030233935,
    2.069805074052102
  ],
  "active_indices": [
    0,
    1,
    2,
    3,
    4,
    5,
    6,
    7,
    8,
    9,
    10,
    11,
    12,
    13,
    14,
    15,
    16,
    17,
    18,
    19
  ]
}
