{
  "credibility": 0.95,
  "hdi_lower": [
    -0.8436258964321506,
    -0.8198340869009577,
    -0.9939627388323728,
    0.07418344732028836,
    5.15587861338318e-06,
    -0.9889928326487141,
    0.0,
    0.0,
    0.05351974911233626,
    0.0,
    -0.9468339863963533,
    0.0,
    -0.8333779833652246,
    0.0,
    0.0,
    0.0,
    0.0,
    0.0,
    0.0,
    0.0
  ],
  "hdi_upper": [
    1.9748812817955255,
    1.9736053922156795,
    1.8316266132514052,
    2.8284158356542264,
    2.855643525430569,
    1.85469562150339,
    0.0,
    0.0,
    2.892602977090662,
    0.0,
    1.8672887772737954,
    0.0,
    1.999473956777925,
    0.0,
    0.0,
    0.0,
    0.0,
    0.0,
    0.0,
    0.0
  ],
  "et_lower": [
    -0.9062596663292785,
    -0.9164679359138395,
    -0.94309306861653,
    0.1200482489829037,
    0.049271843736021524,
    -0.9306779999578442,
    0.0,
    0.0,
    0.06561764514107425,
    0.0,
    -0.9088393356351645,
    0.0,
    -0.9190339703798335,
    0.0,
    0.0,
    0.0,
    0.0,
    0.0,
    0.0,
    0.0
  ],
  "et_upper": [
    1.9371893105704296,
    1.9262347281387318,
    1.908351263808095,
    2.8913704064046257,
    2.9302397165376495,
    1.9167966507275849,
    0.0,
    0.0,
    2.9105970971675967,
    0.0,
    1.9087190994989494,
    0.0,
    1.9374470300559596,
    0.0,
    0.0,
    0.0,
    0.0,
    0.0,
    0.0,
    0.0
  ],
  "median": [
    0.6998135158568647,
    0.5729490468010947,
    0.33476038139655473,
    1.4202575577537706,
    1.318842671113865,
    0.5734374137731688,
    0.0,
    0.0,
    1.335423702001568,
    0.0,
    0.43179052210687974,
    0.0,
    0.43946498690332414,
    0.0,
    0.0,
    0.0,
    0.0,
    0.0,
    0.0,
    0.0
  ],
  "param_names": [
    "a11",
    "a12",
    "a22",
    "b1",
    "b2",
    "a33",
    "b3",
    "a13",
    "a23"
  ]
}
