{
  "MAP": {
    "n_obs": 6,
    "n_species": 5,
    "rmse_per_species": [
      0.35223373175912875,
      0.11660136241978507,
      0.13982981190184898,
      0.013632861394721694,
      0.013632861394721694
    ],
    "mae_per_species": [
      0.2664080412486726,
      0.09626898844029792,
      0.0865533049461576,
      0.013080339347266295,
      0.013080339347266295
    ],
    "rmse_total": 0.17753228755538175,
    "mae_total": 0.09507820266593213,
    "max_abs": 0.642133944141344,
    "estimate_type": "MAP"
  },
  "Mean": {
    "n_obs": 6,
    "n_species": 5,
    "rmse_per_species": [
      0.13408108850566802,
      0.052147925034153005,
      0.1407753958595984,
      0.018410555115596392,
      0.018410555115596392
    ],
    "mae_per_species": [
      0.12052758325744238,
      0.045282515375062234,
      0.0801079309135717,
      0.018282834097657703,
      0.018282834097657703
    ],
    "rmse_total": 0.090766462461625,
    "mae_total": 0.05649673954827834,
    "max_abs": 0.32503097815684273,
    "estimate_type": "Mean"
  },
  "species_names": [
    "S. oralis",
    "A. naeslundii",
    "V. dispar",
    "F. nucleatum",
    "P. gingivalis"
  ]
}
