{
  "elapsed_time": 18.443445682525635,
  "converged": [
    true,
    true
  ],
  "MAP": [
    1.7064212924075388,
    1.946314537378076,
    -0.03346690356462345,
    1.3543132739802326,
    0.08103216686988102,
    1.2115919879574664,
    0.0,
    0.0,
    1.2143413400333922,
    0.0,
    -0.14456833594672303,
    0.0,
    1.316929214929341,
    0.0,
    0.0,
    0.0,
    0.0,
    0.0,
    0.0,
    0.0
  ],
  "mean": [
    0.6435728146883432,
    0.5482763649700062,
    0.38661432931053613,
    1.4480804854533162,
    1.4026177422146568,
    0.5099903252728106,
    0.0,
    0.0,
    1.3986419674965918,
    0.0,
    0.4572693570396166,
    0.0,
    0.4772816569592845,
    0.0,
    0.0,
    0.0,
    0.0,
    0.0,
    0.0,
    0.0
  ]
}
