{
  "theta_sub": [
    1.7064212924075388,
    1.946314537378076,
    -0.03346690356462345,
    1.3543132739802326,
    0.08103216686988102,
    1.2115919879574664,
    1.2143413400333922,
    -0.14456833594672303,
    1.316929214929341
  ],
  "theta_full": [
    1.7064212924075388,
    1.946314537378076,
    -0.03346690356462345,
    1.3543132739802326,
    0.08103216686988102,
    1.2115919879574664,
    0.0,
    0.0,
    1.2143413400333922,
    0.0,
    -0.14456833594672303,
    0.0,
    1.316929214929341,
    0.0,
    0.0,
    0.0,
    0.0,
    0.0,
    0.0,
    0.0
  ],
  "active_indices": [
    0,
    1,
    2,
    3,
    4,
    5,
    8,
    10,
    12
  ]
}
