{
  "theta_sub": [
    0.6435728146883432,
    0.5482763649700062,
    0.38661432931053613,
    1.4480804854533162,
    1.4026177422146568,
    0.5099903252728106,
    1.3986419674965918,
    0.4572693570396166,
    0.4772816569592845
  ],
  "theta_full": [
    0.6435728146883432,
    0.5482763649700062,
    0.38661432931053613,
    1.4480804854533162,
    1.4026177422146568,
    0.5099903252728106,
    0.0,
    0.0,
    1.3986419674965918,
    0.0,
    0.4572693570396166,
    0.0,
    0.4772816569592845,
    0.0,
    0.0,
    0.0,
    0.0,
    0.0,
    0.0,
    0.0
  ],
  "active_indices": [
    0,
    1,
    2,
    3,
    4,
    5,
    8,
    10,
    12
  ]
}
