{
  "credibility": 0.95,
  "hdi_lower": [
    -0.9720727762434224,
    -0.9948803247050355,
    -0.9953787830297527,
    0.21193872611019715,
    0.10190421806728078,
    -0.965371457845852,
    0.0,
    0.0,
    0.0023499323286211293,
    0.0,
    -0.7456921511115155,
    0.0,
    -0.6847338191172732,
    0.0,
    0.0,
    0.0,
    0.0,
    0.0,
    0.0,
    0.0
  ],
  "hdi_upper": [
    1.2877158354654994,
    1.494360558758451,
    0.5899357145779651,
    2.985133841370042,
    2.922542260555123,
    1.0336155742016455,
    0.0,
    0.0,
    1.5442845236124854,
    0.0,
    1.9931216892424608,
    0.0,
    1.9722666968329086,
    0.0,
    0.0,
    0.0,
    0.0,
    0.0,
    0.0,
    0.0
  ],
  "et_lower": [
    -0.8238195625186094,
    -0.7571212725822184,
    -0.9759433622564594,
    0.13662146487498675,
    0.08372428796906105,
    -0.9376578614579689,
    0.0,
    0.0,
    0.04616241199371464,
    0.0,
    -0.8125535470089368,
    0.0,
    -0.7980881565425479,
    0.0,
    0.0,
    0.0,
    0.0,
    0.0,
    0.0,
    0.0
  ],
  "et_upper": [
    1.5008162705266226,
    1.74303401763861,
    0.8840367403726822,
    2.9229837473946314,
    2.921568459379779,
    1.1445628149100622,
    0.0,
    0.0,
    1.7156199372934826,
    0.0,
    1.9535050089689183,
    0.0,
    1.9134922492459945,
    0.0,
    0.0,
    0.0,
    0.0,
    0.0,
    0.0,
    0.0
  ],
  "median": [
    0.31667886176156457,
    0.5105879308912467,
    -0.4698412314108911,
    1.6622047264569666,
    1.428730086945734,
    0.17660450682954432,
    0.0,
    0.0,
    0.6907980570789863,
    0.0,
    0.8582420171116559,
    0.0,
    0.7843885608602111,
    0.0,
    0.0,
    0.0,
    0.0,
    0.0,
    0.0,
    0.0
  ],
  "param_names": [
    "a11",
    "a12",
    "a22",
    "b1",
    "b2",
    "a33",
    "b3",
    "a13",
    "a23"
  ]
}
