{
  "MAP": {
    "n_obs": 6,
    "n_species": 5,
    "rmse_per_species": [
      0.12470677121070517,
      0.07805545925122294,
      0.21097538449142894,
      0.016325983425401914,
      0.016325983425401914
    ],
    "mae_per_species": [
      0.1127363225344552,
      0.06526600315756885,
      0.15448844338179987,
      0.016135455020026182,
      0.016135455020026182
    ],
    "rmse_total": 0.11548863306459017,
    "mae_total": 0.07295233582277527,
    "max_abs": 0.37077094162902413,
    "estimate_type": "MAP"
  },
  "Mean": {
    "n_obs": 6,
    "n_species": 5,
    "rmse_per_species": [
      0.13076753252569775,
      0.024352845393161595,
      0.14429835509617178,
      0.01878894259254282,
      0.01878894259254282
    ],
    "mae_per_species": [
      0.11644307384074733,
      0.022636717500387843,
      0.08652270024365431,
      0.01863545857388352,
      0.01863545857388352
    ],
    "rmse_total": 0.08856779623831144,
    "mae_total": 0.0525746817465113,
    "max_abs": 0.32458667360833326,
    "estimate_type": "Mean"
  },
  "species_names": [
    "S. oralis",
    "A. naeslundii",
    "V. dispar",
    "F. nucleatum",
    "P. gingivalis"
  ]
}
