{
  "elapsed_time": 6288.203412294388,
  "converged": [
    true,
    true
  ],
  "MAP": [
    0.1314989574839569,
    1.1866646205681182,
    -0.687585069161429,
    1.9327598227781786,
    0.725716239522235,
    0.7809894419673935,
    0.0,
    0.0,
    0.278470591745547,
    0.0,
    0.5647197709964928,
    0.0,
    1.1869645339120418,
    0.0,
    0.0,
    0.0,
    0.0,
    0.0,
    0.0,
    0.0
  ],
  "mean": [
    0.314501141285582,
    0.4885675355735173,
    -0.34313101931709483,
    1.607053451551728,
    1.4006481321533295,
    0.13086247287924452,
    0.0,
    0.0,
    0.7316342181376044,
    0.0,
    0.7733601597636487,
    0.0,
    0.6876019927607889,
    0.0,
    0.0,
    0.0,
    0.0,
    0.0,
    0.0,
    0.0
  ]
}
