{
  "theta_sub": [
    0.1314989574839569,
    1.1866646205681182,
    -0.687585069161429,
    1.9327598227781786,
    0.725716239522235,
    0.7809894419673935,
    0.278470591745547,
    0.5647197709964928,
    1.1869645339120418
  ],
  "theta_full": [
    0.1314989574839569,
    1.1866646205681182,
    -0.687585069161429,
    1.9327598227781786,
    0.725716239522235,
    0.7809894419673935,
    0.0,
    0.0,
    0.278470591745547,
    0.0,
    0.5647197709964928,
    0.0,
    1.1869645339120418,
    0.0,
    0.0,
    0.0,
    0.0,
    0.0,
    0.0,
    0.0
  ],
  "active_indices": [
    0,
    1,
    2,
    3,
    4,
    5,
    8,
    10,
    12
  ]
}
