{
  "theta_sub": [
    0.314501141285582,
    0.4885675355735173,
    -0.34313101931709483,
    1.607053451551728,
    1.4006481321533295,
    0.13086247287924452,
    0.7316342181376044,
    0.7733601597636487,
    0.6876019927607889
  ],
  "theta_full": [
    0.314501141285582,
    0.4885675355735173,
    -0.34313101931709483,
    1.607053451551728,
    1.4006481321533295,
    0.13086247287924452,
    0.0,
    0.0,
    0.7316342181376044,
    0.0,
    0.7733601597636487,
    0.0,
    0.6876019927607889,
    0.0,
    0.0,
    0.0,
    0.0,
    0.0,
    0.0,
    0.0
  ],
  "active_indices": [
    0,
    1,
    2,
    3,
    4,
    5,
    8,
    10,
    12
  ]
}
