{
  "credibility": 0.95,
  "hdi_lower": [
    -0.9168925454800473,
    -0.8943076178574714,
    -0.8844305130240897,
    1.034442759628039,
    0.02200168856133422,
    -0.9046393663096592,
    0.0,
    -0.7051902854743257,
    0.006600481113816059,
    0.18967196394240826,
    -0.9870502319665793,
    -0.9870100501521368,
    0.0,
    0.0,
    -0.9475139437212059,
    0.0,
    0.0,
    0.0,
    0.0,
    -0.9172522578715556
  ],
  "hdi_upper": [
    0.9686122270971489,
    0.9942684554949741,
    0.9913804986915831,
    9.559066347011003,
    2.841619974823484,
    0.9972951166770625,
    0.0,
    0.9993752702500338,
    2.8128137981975923,
    2.9964849255613863,
    0.9055435508928871,
    0.8800396616710047,
    0.0,
    0.0,
    0.9533948649105297,
    0.0,
    0.0,
    0.0,
    0.0,
    0.9533530637212686
  ],
  "et_lower": [
    -0.9510188970290333,
    -0.9463606138998676,
    -0.9513370547791503,
    1.1806518029076858,
    0.06666269737274697,
    -0.9572044531691444,
    0.0,
    -0.8007658331100262,
    0.05528322117821942,
    0.08484884750686615,
    -0.9464280106927278,
    -0.9553862131803639,
    0.0,
    0.0,
    -0.9449283520997516,
    0.0,
    0.0,
    0.0,
    0.0,
    -0.9423463366721532
  ],
  "et_upper": [
    0.9512241164797883,
    0.9587804109482252,
    0.962959445711575,
    9.768272944365588,
    2.8963613999525477,
    0.9623428812199105,
    0.0,
    0.9594590688630407,
    2.9292588097998578,
    2.9335124378996325,
    0.94590239492771,
    0.9345314020269132,
    0.0,
    0.0,
    0.9565080057841658,
    0.0,
    0.0,
    0.0,
    0.0,
    0.9366666220702223
  ],
  "median": [
    0.018684129165369767,
    0.09331387700040583,
    0.035097754772702716,
    4.952510197858592,
    1.391963794533774,
    0.0481250875830006,
    0.0,
    0.11722735369252235,
    1.4299267627738252,
    1.6782771025859828,
    -0.032957022122251045,
    -0.035426540398455164,
    0.0,
    0.0,
    -0.012023110741225307,
    0.0,
    0.0,
    0.0,
    0.0,
    0.046725871473281555
  ],
  "param_names": [
    "a11",
    "a12",
    "a22",
    "b1",
    "b2",
    "a33",
    "a44",
    "b3",
    "b4",
    "a13",
    "a14",
    "a55",
    "a45"
  ]
}
