{
  "MAP": {
    "n_obs": 6,
    "n_species": 5,
    "rmse_per_species": [
      0.20024542402787102,
      0.04975754649973877,
      0.04329733454503829,
      0.019411736946706223,
      0.011990707095454413
    ],
    "mae_per_species": [
      0.18247258332428798,
      0.03792155206470201,
      0.03463119808110627,
      0.017347365053719355,
      0.011965399397571385
    ],
    "rmse_total": 0.09483595841706625,
    "mae_total": 0.056867619584277405,
    "max_abs": 0.36206266468864573,
    "estimate_type": "MAP"
  },
  "Mean": {
    "n_obs": 6,
    "n_species": 5,
    "rmse_per_species": [
      0.18945447880134486,
      0.040086456856243145,
      0.058414558544001266,
      0.030048989781087266,
      0.02214953804012966
    ],
    "mae_per_species": [
      0.1683534570040975,
      0.031998014829659506,
      0.04950405382728481,
      0.029136653084720004,
      0.021569888249084405
    ],
    "rmse_total": 0.09198448568462211,
    "mae_total": 0.06011241339896924,
    "max_abs": 0.3580537787637683,
    "estimate_type": "Mean"
  },
  "species_names": [
    "S. oralis",
    "A. naeslundii",
    "V. dispar",
    "F. nucleatum",
    "P. gingivalis"
  ]
}
