{
  "elapsed_time": 16.961835145950317,
  "converged": [
    true,
    true
  ],
  "MAP": [
    0.8681210068834186,
    -0.08401203604664276,
    -0.6691676346000857,
    5.272817895069153,
    0.1484719403636401,
    0.6384186930360576,
    0.0,
    -0.12995169668556783,
    0.07470430333940736,
    2.285577966501565,
    -0.9063649008680297,
    -0.8651684746384687,
    0.0,
    0.0,
    -0.9988038151224372,
    0.0,
    0.0,
    0.0,
    0.0,
    0.030874888859724114
  ],
  "mean": [
    0.026321468735105408,
    0.05566324470131177,
    0.023682730015341016,
    5.135157900962576,
    1.4347648419809087,
    0.042397234513331446,
    0.0,
    0.13097166525476367,
    1.4573904871396621,
    1.6070767487889988,
    -0.012702367929112016,
    -0.023086296560484543,
    0.0,
    0.0,
    -0.007524443927070753,
    0.0,
    0.0,
    0.0,
    0.0,
    0.021415261366778817
  ]
}
