{
  "theta_sub": [
    0.026321468735105408,
    0.05566324470131177,
    0.023682730015341016,
    5.135157900962576,
    1.4347648419809087,
    0.042397234513331446,
    0.13097166525476367,
    1.4573904871396621,
    1.6070767487889988,
    -0.012702367929112016,
    -0.023086296560484543,
    -0.007524443927070753,
    0.021415261366778817
  ],
  "theta_full": [
    0.026321468735105408,
    0.05566324470131177,
    0.023682730015341016,
    5.135157900962576,
    1.4347648419809087,
    0.042397234513331446,
    0.0,
    0.13097166525476367,
    1.4573904871396621,
    1.6070767487889988,
    -0.012702367929112016,
    -0.023086296560484543,
    0.0,
    0.0,
    -0.007524443927070753,
    0.0,
    0.0,
    0.0,
    0.0,
    0.021415261366778817
  ],
  "active_indices": [
    0,
    1,
    2,
    3,
    4,
    5,
    7,
    8,
    9,
    10,
    11,
    14,
    19
  ]
}
