{
  "theta_sub": [
    0.8681210068834186,
    -0.08401203604664276,
    -0.6691676346000857,
    5.272817895069153,
    0.1484719403636401,
    0.6384186930360576,
    -0.12995169668556783,
    0.07470430333940736,
    2.285577966501565,
    -0.9063649008680297,
    -0.8651684746384687,
    -0.9988038151224372,
    0.030874888859724114
  ],
  "theta_full": [
    0.8681210068834186,
    -0.08401203604664276,
    -0.6691676346000857,
    5.272817895069153,
    0.1484719403636401,
    0.6384186930360576,
    0.0,
    -0.12995169668556783,
    0.07470430333940736,
    2.285577966501565,
    -0.9063649008680297,
    -0.8651684746384687,
    0.0,
    0.0,
    -0.9988038151224372,
    0.0,
    0.0,
    0.0,
    0.0,
    0.030874888859724114
  ],
  "active_indices": [
    0,
    1,
    2,
    3,
    4,
    5,
    7,
    8,
    9,
    10,
    11,
    14,
    19
  ]
}
