condition,t_day,species,phi_ode,coverage_interp,biovol_interp_um3,biovol_pred_um3,R_spatial,phi_integral,coverage_integral
DH,0.0,S.oralis,0.2665611865339063,0.3466815948486328,96802.09438317265,99926.00462067938,1.30057042196027,0.0,0.0
DH,0.05,S.oralis,0.265640507957197,0.34880466461181636,98426.5060073016,100015.81293637044,1.3130703118065852,0.013305042362277584,0.01738715648651123
DH,0.1,S.oralis,0.26470368839751185,0.35092773437499997,100050.91763143055,100096.50268463088,1.3257379846101858,0.026563647271145307,0.03488046646118164
DH,0.15000000000000002,S.oralis,0.26375078313869066,0.35305080413818357,101675.32925555951,100168.01557648217,1.338577273351774,0.03977500905955037,0.05247992992401124
DH,0.2,S.oralis,0.26278185479773897,0.3551738739013672,103299.74087968847,100230.2964820368,1.351592080719354,0.05293832500796111,0.070185546875
DH,0.25,S.oralis,0.26179696759349436,0.3572969436645508,104924.15250381743,100283.29129510233,1.364786410434456,0.06605279556774195,0.08799731731414795
DH,0.30000000000000004,S.oralis,0.26079618778482583,0.35942001342773433,106548.56412794639,100326.94711486812,1.3781643684311817,0.07911762445219997,0.1059152412414551
DH,0.35000000000000003,S.oralis,0.25977958923929256,0.36154308319091794,108172.97575207535,100361.2144139586,1.3917301364961636,0.09213201887780292,0.1239393186569214
DH,0.4,S.oralis,0.25874724853127357,0.36366615295410154,109797.3873762043,100386.04519894703,1.4054880004265897,0.10509518982206707,0.14206954956054688
DH,0.45,S.oralis,0.2576992441890648,0.36578922271728515,111421.79900033324,100401.39273917925,1.419442357576022,0.11800635214007553,0.16030593395233153
DH,0.5,S.oralis,0.25663566063923726,0.36791229248046875,113046.2106244622,100407.21312597708,1.4335976986365015,0.1308647247607831,0.1786484718322754
DH,0.55,S.oralis,0.25555658766280326,0.3700353622436523,114670.62224859116,100403.46510726349,1.4479586131111566,0.14366953096833412,0.19709716320037843
DH,0.6000000000000001,S.oralis,0.2544621168982561,0.37215843200683596,116295.03387272012,100390.10875178094,1.4625298120727317,0.1564199985823606,0.21565200805664064
DH,0.65,S.oralis,0.25335234369804277,0.3742815017700195,117919.44549684908,100367.10619975116,1.4773161215200985,0.16911536009726807,0.234313006401062
DH,0.7000000000000001,S.oralis,0.25222737143717533,0.3764045715332031,119543.85712097803,100334.42340721817,1.4923224604390637,0.18175485297564853,0.2530801582336426
DH,0.75,S.oralis,0.25108730510859517,0.3785276412963867,121168.26874510698,100292.02765351706,1.507553881040197,0.19433771988929277,0.2719534635543823
DH,0.8,S.oralis,0.24993225235528949,0.3806507110595703,122792.68036923594,100239.88796846873,1.5230155671083974,0.2068632088258899,0.2909329223632813
DH,0.8500000000000001,S.oralis,0.2487623296461047,0.38277378082275393,124417.0919933649,100177.9776411094,1.5387128001546584,0.21933057337592476,0.3100185346603394
DH,0.9,S.oralis,0.24757765608627832,0.3848968505859375,126041.50361749384,100106.27178927792,1.5546509998939677,0.23173907301923433,0.32921030044555666
DH,0.9500000000000001,S.oralis,0.24637835289678042,0.3870199203491211,127665.9152416228,100024.7471698217,1.5708357321118307,0.24408797324381082,0.34850821971893314
DH,1.0,S.oralis,0.24516454889261344,0.3891429901123047,129290.32686575176,99933.38442896922,1.5872726781666808,0.25637654578854563,0.36791229248046875
DH,1.05,S.oralis,0.2439363778502407,0.3891429901123047,129290.32686575176,99432.76029927205,1.5952642797344903,0.26860406895711697,0.38736944198608403
DH,1.1,S.oralis,0.24269397596133124,0.3891429901123047,129290.32686575176,98926.3354260982,1.6034307756131012,0.2807698278024063,0.4068265914916993
DH,1.1500000000000001,S.oralis,0.24143748386235686,0.3891429901123047,129290.32686575176,98414.16713534843,1.611775370945112,0.2928731142979985,0.4262837409973146
DH,1.2000000000000002,S.oralis,0.24016705067181163,0.3891429901123047,129290.32686575176,97896.31621034503,1.6203013236985149,0.3049132276613527,0.44574089050292987
DH,1.25,S.oralis,0.2388828271672941,0.3891429901123047,129290.32686575176,97372.84411069051,1.629011991890822,0.3168894746073303,0.46519804000854503
DH,1.3,S.oralis,0.23758496741695706,0.3891429901123047,129290.32686575176,96843.81363727518,1.637910825516861,0.3288011694719366,0.4846551895141603
DH,1.35,S.oralis,0.23627363503265958,0.3891429901123047,129290.32686575176,96309.29148117194,1.6470013256388691,0.34064763453317704,0.5041123390197756
DH,1.4000000000000001,S.oralis,0.23494899606563796,0.3891429901123047,129290.32686575176,95769.34532778682,1.656287094768387,0.3524282003106345,0.5235694885253909
DH,1.4500000000000002,S.oralis,0.2336112189105842,0.3891429901123047,129290.32686575176,95224.04381775962,1.665771840612034,0.3641422056850401,0.5430266380310061
DH,1.5,S.oralis,0.2322604807689725,0.3891429901123047,129290.32686575176,94673.45918152953,1.6754593326592735,0.37578899817702893,0.5624837875366213
DH,1.55,S.oralis,0.2308969631237085,0.3891429901123047,129290.32686575176,94117.66539472256,1.6853534357825752,0.38736793427434596,0.5819409370422366
DH,1.6,S.oralis,0.22952085042462303,0.3891429901123047,129290.32686575176,93556.7376423356,1.6954581223987892,0.3988783796130543,0.6013980865478519
DH,1.6500000000000001,S.oralis,0.22813233201694022,0.3891429901123047,129290.32686575176,92990.75310481405,1.7057774611421954,0.4103197091740934,0.6208552360534672
DH,1.7000000000000002,S.oralis,0.22673160561888372,0.3891429901123047,129290.32686575176,92419.79237558521,1.7163155928354359,0.42169130761498896,0.6403123855590824
DH,1.75,S.oralis,0.22531887061186,0.3891429901123047,129290.32686575176,91843.936726019,1.7270767825862763,0.43299256952075754,0.6597695350646976
DH,1.8,S.oralis,0.22389433017878693,0.3891429901123047,129290.32686575176,91263.26897704825,1.7380654070228634,0.44422289954052374,0.6792266845703129
DH,1.85,S.oralis,0.22245819699220384,0.3891429901123047,129290.32686575176,90677.87581774253,1.7492859124716469,0.45538171271979855,0.6986838340759282
DH,1.9000000000000001,S.oralis,0.22101068584393135,0.3891429901123047,129290.32686575176,90087.84480102774,1.7607428737047648,0.46646843479070194,0.7181409835815434
DH,1.9500000000000002,S.oralis,0.219552014088452,0.3891429901123047,129290.32686575176,89493.26452441586,1.77244099412146,0.4774825022890115,0.7375981330871587
DH,2.0,S.oralis,0.21808240823305147,0.3891429901123047,129290.32686575176,88894.2273162625,1.7843850554715588,0.48842336284704907,0.7570552825927739
DH,2.0500000000000003,S.oralis,0.21660209829808097,0.3891429901123047,129290.32686575176,88290.82693691066,1.7965799646907317,0.49929047551032746,0.7765124320983893
DH,2.1,S.oralis,0.21511131689285143,0.3891429901123047,129290.32686575176,87683.15820200878,1.8090307647837038,0.5100833108901007,0.7959695816040044
DH,2.15,S.oralis,0.21361030332187267,0.3891429901123047,129290.32686575176,87071.31865628627,1.8217426035200912,0.5208013513954688,0.8154267311096196
DH,2.2,S.oralis,0.21209930220503795,0.3891429901123047,129290.32686575176,86455.40801111633,1.8347207466817468,0.5314440915336416,0.834883880615235
DH,2.25,S.oralis,0.21057856020893043,0.3891429901123047,129290.32686575176,85835.526812139,1.847970608813202,0.5420110380939908,0.8543410301208502
DH,2.3000000000000003,S.oralis,0.2090483308564782,0.3891429901123047,129290.32686575176,85211.77839976114,1.8614977145140192,0.552501710370626,0.8737981796264656
DH,2.35,S.oralis,0.20750887215111932,0.3891429901123047,129290.32686575176,84584.26794072436,1.8753077209581162,0.5629156404458159,0.8932553291320807
DH,2.4000000000000004,S.oralis,0.2059604442110656,0.3891429901123047,129290.32686575176,83953.10146378921,1.8894064421103889,0.5732523733548706,0.9127124786376961
DH,2.45,S.oralis,0.20440331420949906,0.3891429901123047,129290.32686575176,83318.38787344629,1.9037998068537207,0.5835114673153846,0.9321696281433113
DH,2.5,S.oralis,0.2028377529397412,0.3891429901123047,129290.32686575176,82680.23754981878,1.9184938921499037,0.5936924939941156,0.9516267776489264
DH,2.5500000000000003,S.oralis,0.20126403344703142,0.3891429901123047,129290.32686575176,82038.76179095115,1.9334949391974656,0.603795038653785,0.9710839271545418
DH,2.6,S.oralis,0.19968243569922015,0.3891429901123047,129290.32686575176,81394.074716666,1.9488093118939478,0.6138187003824412,0.990541076660157
DH,2.6500000000000004,S.oralis,0.19809324255242808,0.3891429901123047,129290.32686575176,80746.29162409571,1.964443537286804,0.6237630923387325,1.0099982261657723
DH,2.7,S.oralis,0.19649673926964958,0.3891429901123047,129290.32686575176,80095.52879145675,1.980404313876626,0.6336278418842844,1.0294553756713873
DH,2.75,S.oralis,0.194893217620859,0.3891429901123047,129290.32686575176,79441.90514932504,1.9966984734652744,0.6434125908065471,1.0489125251770024
DH,2.8000000000000003,S.oralis,0.1932829716596779,0.3891429901123047,129290.32686575176,78785.54055913142,2.013333025516011,0.6531169955385606,1.0683696746826177
DH,2.85,S.oralis,0.19166629796916318,0.3891429901123047,129290.32686575176,78126.55591334899,2.0303151583535732,0.6627407272792816,1.0878268241882327
DH,2.9000000000000004,S.oralis,0.19004349899520706,0.3891429901123047,129290.32686575176,77465.07449424574,2.0476522068356515,0.6722834722033909,1.107283973693848
DH,2.95,S.oralis,0.18841487898193146,0.3891429901123047,129290.32686575176,76801.22031707973,2.0653516973551893,0.6817449316528194,1.126741123199463
DH,3.0,S.oralis,0.18678074474717857,0.3891429901123047,129290.32686575176,76135.11844620266,2.0834213432387703,0.6911248222460471,1.1461982727050781
DH,3.0500000000000003,S.oralis,0.18514140815809926,0.3891429901123047,129290.32686575176,75466.89600415336,2.101869019922333,0.7004228760686791,1.1656554222106934
DH,3.1,S.oralis,0.18349718249871622,0.3891429901123047,129290.32686575176,74796.6806910125,2.120702807603202,0.7096388408350995,1.1851125717163085
DH,3.1500000000000004,S.oralis,0.18184838355464347,0.3891429901123047,129290.32686575176,74124.60122655342,2.139930982643964,0.7187724799864336,1.2045697212219237
DH,3.2,S.oralis,0.18019533123830878,0.3891429901123047,129290.32686575176,73450.78801271135,2.159562001069063,0.7278235728562573,1.2240268707275388
DH,3.25,S.oralis,0.17853834657942336,0.3891429901123047,129290.32686575176,72775.37190684593,2.1796045363240393,0.7367919148017006,1.2434840202331539
DH,3.3000000000000003,S.oralis,0.17687775289376673,0.3891429901123047,129290.32686575176,72098.48469815846,2.2000674688920605,0.7456773172885304,1.2629411697387691
DH,3.35,S.oralis,0.17521387665075686,0.3891429901123047,129290.32686575176,71420.25946132878,2.220959878012172,0.7544796080271434,1.2823983192443842
DH,3.4000000000000004,S.oralis,0.17354704519015213,0.3891429901123047,129290.32686575176,70740.82962580278,2.242291072636404,0.7631986310731662,1.3018554687499995
DH,3.45,S.oralis,0.1718775877662085,0.3891429901123047,129290.32686575176,70060.3294014093,2.264070581684129,0.7718342468970752,1.3213126182556145
DH,3.5,S.oralis,0.1702058358155966,0.3891429901123047,129290.32686575176,69378.8938875677,2.2863081529936946,0.7803863324866204,1.3407697677612296
DH,3.5500000000000003,S.oralis,0.16853212141573104,0.3891429901123047,129290.32686575176,68696.658444876,2.309013776384954,0.7888547814174036,1.3602269172668449
DH,3.6,S.oralis,0.16685677803530796,0.3891429901123047,129290.32686575176,68013.75900104293,2.3321976769200203,0.7972395039036796,1.37968406677246
DH,3.6500000000000004,S.oralis,0.16518014040572818,0.3891429901123047,129290.32686575176,67330.33199847797,2.3558703192554606,0.8055404268647055,1.3991412162780752
DH,3.7,S.oralis,0.16350254362218966,0.3891429901123047,129290.32686575176,66646.51402788064,2.380042423141192,0.8137574939654034,1.4185983657836903
DH,3.75,S.oralis,0.1618243235562124,0.3891429901123047,129290.32686575176,65962.44199639301,2.4047249607512144,0.8218906656448635,1.4380555152893053
DH,3.8000000000000003,S.oralis,0.16014581644949213,0.3891429901123047,129290.32686575176,65278.25296204732,2.429929165430526,0.8299399191450061,1.4575126647949206
DH,3.85,S.oralis,0.15846735867005407,0.3891429901123047,129290.32686575176,64594.0840343699,2.4556665383849925,0.8379052485229948,1.4769698143005356
DH,3.9000000000000004,S.oralis,0.15678928651191737,0.3891429901123047,129290.32686575176,63910.07229272091,2.4819488548583095,0.845786664652544,1.496426963806151
DH,3.95,S.oralis,0.15511193590694503,0.3891429901123047,129290.32686575176,63226.3546688393,2.5087881718255383,0.8535841952130155,1.515884113311766
DH,4.0,S.oralis,0.15343564267013327,0.3891429901123047,129290.32686575176,62543.06804682705,2.5361968271538555,0.8612978846774425,1.535341262817381
DH,4.05,S.oralis,0.1517607414726137,0.3891429901123047,129290.32686575176,61860.34884452681,2.5641874593932994,0.8689277942810112,1.554798412322996
DH,4.1000000000000005,S.oralis,0.15008756608610824,0.3891429901123047,129290.32686575176,61178.333113166,2.5927730075191278,0.8764740019699794,1.5742555618286116
DH,4.15,S.oralis,0.1484164498480723,0.3891429901123047,129290.32686575176,60497.15672695738,2.6219667059187444,0.8839366023683338,1.5937127113342267
DH,4.2,S.oralis,0.14674772376748213,0.3891429901123047,129290.32686575176,59816.954610984605,2.6517821205110574,0.8913157067087226,1.6131698608398417
DH,4.25,S.oralis,0.1450817175778686,0.3891429901123047,129290.32686575176,59137.8611704374,2.682233134601835,0.8986114427423564,1.6326270103454568
DH,4.3,S.oralis,0.1434187601490223,0.3891429901123047,129290.32686575176,58460.01045842968,2.7133339439551523,0.9058239546855287,1.6520841598510718
DH,4.3500000000000005,S.oralis,0.14175917681936248,0.3891429901123047,129290.32686575176,57783.535088626326,2.7450991099375006,0.9129534031097384,1.6715413093566873
DH,4.4,S.oralis,0.1401032913975473,0.3891429901123047,129290.32686575176,57108.56705113463,2.7775435268547675,0.9199999648151611,1.6909984588623024
DH,4.45,S.oralis,0.13845142626660378,0.3891429901123047,129290.32686575176,56435.23775494959,2.8106824220284023,0.9269638327567649,1.7104556083679174
DH,4.5,S.oralis,0.13680389914091928,0.3891429901123047,129290.32686575176,55763.67670604647,2.8445314245864832,0.9338452158919529,1.7299127578735325
DH,4.55,S.oralis,0.13516102602904795,0.3891429901123047,129290.32686575176,55094.012715072924,2.879106511285824,0.940644339021202,1.7493699073791475
DH,4.6000000000000005,S.oralis,0.13352312081847278,0.3891429901123047,129290.32686575176,54426.3737280907,2.9144240168064375,0.9473614426923902,1.768827056884763
DH,4.65,S.oralis,0.13189049172333134,0.3891429901123047,129290.32686575176,53760.885378606064,2.950500714855289,0.9539967830059353,1.788284206390378
DH,4.7,S.oralis,0.13026344521716235,0.3891429901123047,129290.32686575176,53097.6725906266,2.9873537389062905,0.9605506314294476,1.8077413558959932
DH,4.75,S.oralis,0.12864228435603078,0.3891429901123047,129290.32686575176,52436.85889513745,3.025000621376649,0.9670232746687775,1.8271985054016082
DH,4.800000000000001,S.oralis,0.1270273065100949,0.3891429901123047,129290.32686575176,51778.565505448096,3.0634593521935334,0.9734150144404307,1.8466556549072237
DH,4.8500000000000005,S.oralis,0.12541880675858513,0.3891429901123047,129290.32686575176,51122.91270104555,3.1027483052151363,0.9797261672721477,1.8661128044128388
DH,4.9,S.oralis,0.1238170752299691,0.3891429901123047,129290.32686575176,50470.01874339877,3.1428863053786236,0.9859570643218615,1.8855699539184538
DH,4.95,S.oralis,0.12222239679551102,0.3891429901123047,129290.32686575176,49819.99975104808,3.183892644188411,0.9921080511224984,1.905027103424069
DH,5.0,S.oralis,0.12063505391389666,0.3891429901123047,129290.32686575176,49172.97085912441,3.2257870120409255,0.9981794873902337,1.924484252929684
DH,5.050000000000001,S.oralis,0.11905532144807901,0.3891429901123047,129290.32686575176,48529.0441066043,3.2685896386581352,1.0041717467742832,1.9439414024352994
DH,5.1000000000000005,S.oralis,0.11748347094117988,0.3891429901123047,129290.32686575176,47888.3301792427,3.312321188630321,1.0100852165840146,1.9633985519409145
DH,5.15,S.oralis,0.11591976936119296,0.3891429901123047,129290.32686575176,47250.93789789183,3.3570027982007016,1.015920297591574,1.9828557014465296
DH,5.2,S.oralis,0.11436447602619682,0.3891429901123047,129290.32686575176,46616.972965163885,3.4026561711625027,1.0216774037262588,2.0023128509521446
DH,5.25,S.oralis,0.11281784738248632,0.3891429901123047,129290.32686575176,45986.53991308148,3.449303449240556,1.027356961811476,2.0217700004577597
DH,5.300000000000001,S.oralis,0.11128013286385394,0.3891429901123047,129290.32686575176,45359.740415247856,3.4969673390703355,1.0329594113176346,2.041227149963375
DH,5.3500000000000005,S.oralis,0.10975157563142685,0.3891429901123047,129290.32686575176,44736.67358841749,3.545671101972548,1.0384852040300165,2.0606842994689902
DH,5.4,S.oralis,0.10823241553603814,0.3891429901123047,129290.32686575176,44117.437200010754,3.595438466239643,1.0439348038092031,2.0801414489746053
DH,5.45,S.oralis,0.106722882955913,0.3891429901123047,129290.32686575176,43502.12515624632,3.64629383440718,1.049308686271502,2.0995985984802203
DH,5.5,S.oralis,0.10522320439696908,0.3891429901123047,129290.32686575176,42890.829784922185,3.698262111883696,1.054607338455324,2.1190557479858354
DH,5.550000000000001,S.oralis,0.10373360052534264,0.3891429901123047,129290.32686575176,42283.64103343866,3.7513687767661654,1.059831258578382,2.138512897491451
DH,5.6000000000000005,S.oralis,0.10225428307460735,0.3891429901123047,129290.32686575176,41680.64520812639,3.8056400026625385,1.0649809556683807,2.157970046997066
DH,5.65,S.oralis,0.10078546055534843,0.3891429901123047,129290.32686575176,41081.92730156918,3.8611024642646616,1.0700569492591296,2.177427196502681
DH,5.7,S.oralis,0.09932733281967891,0.3891429901123047,129290.32686575176,40487.56877700521,3.9177835452278145,1.0750597690935053,2.196884346008296
DH,5.75,S.oralis,0.09788009303276765,0.3891429901123047,129290.32686575176,39897.64837195655,3.975711281578267,1.0799899547398164,2.216341495513911
DH,5.800000000000001,S.oralis,0.09644393030374321,0.3891429901123047,129290.32686575176,39312.24317063186,4.034914264554824,1.0848480553232291,2.2357986450195266
DH,5.8500000000000005,S.oralis,0.09501902314536627,0.3891429901123047,129290.32686575176,38731.425937973785,4.095421919008454,1.089634629159457,2.2552557945251417
DH,5.9,S.oralis,0.09360554595250507,0.3891429901123047,129290.32686575176,38155.26776039955,4.157264253442351,1.0943502433869037,2.2747129440307567
DH,5.95,S.oralis,0.0922036663970805,0.3891429901123047,129290.32686575176,37583.836983934714,4.220471975988867,1.0989954736956433,2.294170093536372
DH,6.0,S.oralis,0.09081354267549795,0.3891429901123047,129290.32686575176,37017.198092218,4.2850766377744,1.1035709039224577,2.313627243041987
DH,6.050000000000001,S.oralis,0.08943532961504899,0.3891429901123047,129290.32686575176,36455.414195578036,4.351110369775222,1.1080771257297215,2.3330843925476024
DH,6.1000000000000005,S.oralis,0.08806917237472371,0.3891429901123047,129290.32686575176,35898.544463373626,4.418606188968691,1.1125147382794658,2.3525415420532174
DH,6.15,S.oralis,0.086715209783684,0.3891429901123047,129290.32686575176,35346.6454848142,4.487597862970567,1.116884347833426,2.3719986915588325
DH,6.2,S.oralis,0.08537357508942454,0.3891429901123047,129290.32686575176,34799.77157392344,4.558119883168731,1.1211865674552537,2.3914558410644475
DH,6.25,S.oralis,0.08404439228397764,0.3891429901123047,129290.32686575176,34257.97327203566,4.63020767402814,1.1254220166395887,2.4109129905700626
DH,6.300000000000001,S.oralis,0.08272778077142051,0.3891429901123047,129290.32686575176,33721.299250353964,4.703897366563225,1.1295913209659738,2.430370140075678
DH,6.3500000000000005,S.oralis,0.08142385068544959,0.3891429901123047,129290.32686575176,33189.7944013111,4.77922607241473,1.1336951117523955,2.449827289581293
DH,6.4,S.oralis,0.08013270734130086,0.3891429901123047,129290.32686575176,32663.501653250543,4.85623165650536,1.1377340257030641,2.469284439086908
DH,6.45,S.oralis,0.07885444741332426,0.3891429901123047,129290.32686575176,32142.460412338565,4.934952978271078,1.1417087045719299,2.4887415885925233
DH,6.5,S.oralis,0.07758916187067282,0.3891429901123047,129290.32686575176,31626.707759202778,5.015429742119603,1.1456197948040299,2.5081987380981383
DH,6.550000000000001,S.oralis,0.07633693425208991,0.3891429901123047,129290.32686575176,31116.277745705065,5.097702624881755,1.149467947207099,2.527655887603754
DH,6.6000000000000005,S.oralis,0.07509784146264566,0.3891429901123047,129290.32686575176,30611.20171970534,5.1818132523272045,1.1532538165999673,2.547113037109369
DH,6.65,S.oralis,0.07387195390653661,0.3891429901123047,129290.32686575176,30111.508379193067,5.267804214366003,1.156978061484197,2.566570186614984
DH,6.7,S.oralis,0.072659334646136,0.3891429901123047,129290.32686575176,29617.22342950131,5.35571915167543,1.1606413436980136,2.586027336120599
DH,6.75,S.oralis,0.07146004123166629,0.3891429901123047,129290.32686575176,29128.370329113503,5.445602652967162,1.1642443280949586,2.605484485626214
DH,6.800000000000001,S.oralis,0.07027412318224334,0.3891429901123047,129290.32686575176,28644.96926289268,5.537500469456333,1.1677876822053064,2.6249416351318295
DH,6.8500000000000005,S.oralis,0.06910162536834538,0.3891429901123047,129290.32686575176,28167.038520835376,5.631459289676367,1.1712720759190711,2.6443987846374446
DH,6.9,S.oralis,0.06794258425716516,0.3891429901123047,129290.32686575176,27694.592967611094,5.727527063724633,1.1746981811597088,2.6638559341430597
DH,6.95,S.oralis,0.06679703212062447,0.3891429901123047,129290.32686575176,27227.64575782306,5.825752698257257,1.1780666715691535,2.6833130836486747
DH,7.0,S.oralis,0.06566499303399942,0.3891429901123047,129290.32686575176,26766.20670497748,5.926186421900902,1.1813782221980191,2.7027702331542898
DH,7.050000000000001,S.oralis,0.06454648667715979,0.3891429901123047,129290.32686575176,26310.283830935605,6.028879496705521,1.1846335091907982,2.7222273826599053
DH,7.1000000000000005,S.oralis,0.06344152544217437,0.3891429901123047,129290.32686575176,25859.882186922736,6.133884508609436,1.1878332094937816,2.7416845321655203
DH,7.15,S.oralis,0.06235011664662018,0.3891429901123047,129290.32686575176,25415.004755712038,6.2412552059499475,1.1909780005460013,2.7611416816711354
DH,7.2,S.oralis,0.06127226146237694,0.3891429901123047,129290.32686575176,24975.65201498231,6.351046637167954,1.1940685599987262,2.7805988311767504
DH,7.25,S.oralis,0.06020795537582796,0.3891429901123047,129290.32686575176,24541.82212490396,6.463315149687614,1.1971055654196814,2.8000559806823655
DH,7.300000000000001,S.oralis,0.05915718867818995,0.3891429901123047,129290.32686575176,24113.511128006066,6.578118379309898,1.200089694021032,2.819513130187981
DH,7.3500000000000005,S.oralis,0.058119945518631734,0.3891429901123047,129290.32686575176,23690.712563210906,6.695515397335595,1.2030216223759524,2.838970279693596
DH,7.4,S.oralis,0.057096205773885716,0.3891429901123047,129290.32686575176,23273.418227920487,6.815566548386799,1.2059020261582654,2.858427429199211
DH,7.45,S.oralis,0.05608594282312866,0.3891429901123047,129290.32686575176,22861.617271018797,6.9383337521756046,1.2087315798731908,2.877884578704826
DH,7.5,S.oralis,0.055089126499857685,0.3891429901123047,129290.32686575176,22455.297396108403,7.063880203533632,1.2115109566062654,2.8973417282104412
DH,7.550000000000001,S.oralis,0.05410572010482553,0.3891429901123047,129290.32686575176,22054.443643930303,7.192270786866362,1.2142408277713825,2.9167988777160567
DH,7.6000000000000005,S.oralis,0.053135683727149274,0.3891429901123047,129290.32686575176,21659.039746106286,7.3235717095605,1.2169218628671818,2.936256027221672
DH,7.65,S.oralis,0.05217897137363226,0.3891429901123047,129290.32686575176,21269.066955000028,7.457850928601313,1.2195547292447013,2.955713176727287
DH,7.7,S.oralis,0.05123553363969446,0.3891429901123047,129290.32686575176,20884.5051324353,7.595177847641627,1.2221400918700345,2.975170326232902
DH,7.75,S.oralis,0.05030531598153171,0.3891429901123047,129290.32686575176,20505.3320453977,7.7356236119293715,1.2246786131105651,2.994627475738517
DH,7.800000000000001,S.oralis,0.049388260033203985,0.3891429901123047,129290.32686575176,20131.52390290296,7.879260979242472,1.2271709525109336,3.0140846252441325
DH,7.8500000000000005,S.oralis,0.048484303174756264,0.3891429901123047,129290.32686575176,19763.05517995547,8.026164441503514,1.2296177665911325,3.0335417747497475
DH,7.9,S.oralis,0.04759337869064889,0.3891429901123047,129290.32686575176,19399.898682127226,8.176410265841522,1.2320197086377676,3.0529989242553626
DH,7.95,S.oralis,0.046715416393536435,0.3891429901123047,129290.32686575176,19042.025799821102,8.330076453437043,1.234377428514872,3.0724560737609776
DH,8.0,S.oralis,0.045850341805539874,0.3891429901123047,129290.32686575176,18689.406174542983,8.487242947124255,1.236691572469849,3.0919132232665927
DH,8.05,S.oralis,0.04499807768365815,0.3891429901123047,129290.32686575176,18342.008320686346,8.647991428612269,1.238962782957079,3.111370372772208
DH,8.1,S.oralis,0.044158542425644716,0.3891429901123047,129290.32686575176,17999.7989757395,8.812405680453644,1.2411916984598117,3.130827522277823
DH,8.15,S.oralis,0.043331652173455255,0.3891429901123047,129290.32686575176,17662.743957687882,8.980571258962788,1.2433789533247892,3.1502846717834383
DH,8.200000000000001,S.oralis,0.042517318891392736,0.3891429901123047,129290.32686575176,17330.807381632167,9.152575944554286,1.2455251776014105,3.169741821289054
DH,8.25,S.oralis,0.041715452500161516,0.3891429901123047,129290.32686575176,17003.952529666276,9.328509384161611,1.2476309968861992,3.1891989707946684
DH,8.3,S.oralis,0.04092595924495477,0.3891429901123047,129290.32686575176,16682.14118568109,9.508463510486369,1.249697032179827,3.208656120300284
DH,8.35,S.oralis,0.040148743195443294,0.3891429901123047,129290.32686575176,16365.334246786282,9.692532297162186,1.251723899740837,3.2281132698058985
DH,8.4,S.oralis,0.03938370550825967,0.3891429901123047,129290.32686575176,16053.491422685893,9.880812003093322,1.2537122109584298,3.247570419311514
DH,8.450000000000001,S.oralis,0.0386307450089218,0.3891429901123047,129290.32686575176,15746.571472880594,10.073401121889619,1.2556625722213592,3.2670275688171295
DH,8.5,S.oralis,0.03788975817731403,0.3891429901123047,129290.32686575176,15444.532200749538,10.270400467884187,1.257575584801015,3.286484718322744
DH,8.55,S.oralis,0.03716063915042738,0.3891429901123047,129290.32686575176,15147.330454667339,10.471913266535653,1.2594518447342087,3.3059418678283596
DH,8.6,S.oralis,0.03644328024145197,0.3891429901123047,129290.32686575176,14854.922339595261,10.678045102802757,1.2612919427190057,3.3253990173339742
DH,8.65,S.oralis,0.03573757138331966,0.3891429901123047,129290.32686575176,14567.262990259416,10.888904171421544,1.263096464009625,3.3448561668395898
DH,8.700000000000001,S.oralis,0.035043401354588076,0.3891429901123047,129290.32686575176,14284.307070842666,11.10460101103616,1.2648659883280726,3.3643133163452053
DH,8.75,S.oralis,0.03436065634655857,0.3891429901123047,129290.32686575176,14006.008190916687,11.325249034460883,1.2666010897706013,3.38377046585082
DH,8.8,S.oralis,0.03368922162125524,0.3891429901123047,129290.32686575176,13732.319581263391,11.550964118054488,1.2683023367197965,3.4032276153564354
DH,8.85,S.oralis,0.03302898081052757,0.3891429901123047,129290.32686575176,13463.19380817683,11.781864912654838,1.269970291780591,3.42268476486205
DH,8.9,S.oralis,0.03237981587699769,0.3891429901123047,129290.32686575176,13198.582757544613,12.01807297455166,1.2716055116977791,3.4421419143676655
DH,8.950000000000001,S.oralis,0.031741608071305286,0.3891429901123047,129290.32686575176,12938.438025037778,12.259712527422126,1.2732085472964867,3.461599063873281
DH,9.0,S.oralis,0.031114236947779025,0.3891429901123047,129290.32686575176,12682.710514881137,12.506910928441785,1.2747799434219638,3.4810562133788956
DH,9.05,S.oralis,0.030497581352278903,0.3891429901123047,129290.32686575176,12431.350842515207,12.759798412119864,1.2763202388794652,3.500513362884511
DH,9.1,S.oralis,0.02989151919105732,0.3891429901123047,129290.32686575176,12184.309240379911,13.018508280727499,1.2778299663930486,3.5199705123901257
DH,9.15,S.oralis,0.029295927286609843,0.3891429901123047,129290.32686575176,11941.535499156817,13.283177088242178,1.2793096525549903,3.539427661895741
DH,9.200000000000001,S.oralis,0.02871068211773712,0.3891429901123047,129290.32686575176,11702.979269431398,13.553944434914584,1.280759817790099,3.5588848114013567
DH,9.25,S.oralis,0.028135659198137927,0.3891429901123047,129290.32686575176,11468.589808396619,13.830953359644722,1.2821809763229959,3.5783419609069713
DH,9.3,S.oralis,0.027570733552498117,0.3891429901123047,129290.32686575176,11238.316173915171,14.114350253732926,1.2835736361417618,3.597799110412587
DH,9.35,S.oralis,0.02701577995518869,0.3891429901123047,129290.32686575176,11012.107321817006,14.404284857138293,1.284938298979454,3.6172562599182014
DH,9.4,S.oralis,0.026470672619896215,0.3891429901123047,129290.32686575176,10789.91197938724,14.700910539757581,1.286275460293831,3.636713409423817
DH,9.450000000000001,S.oralis,0.02593528551328965,0.3891429901123047,129290.32686575176,10571.678773222253,15.004384274578419,1.2875856092471607,3.6561705589294324
DH,9.5,S.oralis,0.025409492483947464,0.3891429901123047,129290.32686575176,10357.356281782677,15.314866692364955,1.2888692286970915,3.675627708435047
DH,9.55,S.oralis,0.024893167208120483,0.3891429901123047,129290.32686575176,10146.893013285353,15.632522244311325,1.2901267951893933,3.6950848579406625
DH,9.600000000000001,S.oralis,0.02438618335147127,0.3891429901123047,129290.32686575176,9940.237471631168,15.957519243733024,1.2913587789533831,3.714542007446278
DH,9.65,S.oralis,0.02388841458128319,0.3891429901123047,129290.32686575176,9737.338161381667,16.290029997101694,1.292565643901702,3.7339991569518927
DH,9.700000000000001,S.oralis,0.02339973470500197,0.3891429901123047,129290.32686575176,9538.143644231053,16.63023085595585,1.293747847633859,3.753456306457508
DH,9.75,S.oralis,0.022920017777634256,0.3891429901123047,129290.32686575176,9342.602582783707,16.97830228090124,1.294905841445925,3.7729134559631228
DH,9.8,S.oralis,0.022449137972868804,0.3891429901123047,129290.32686575176,9150.663688020926,17.33442908064481,1.2960400703396875,3.7923706054687383
DH,9.850000000000001,S.oralis,0.02198696970725432,0.3891429901123047,129290.32686575176,8962.275769918002,17.69880048472127,1.2971509730316906,3.8118277549743538
DH,9.9,S.oralis,0.02153338817565644,0.3891429901123047,129290.32686575176,8777.387955705899,18.07160986176026,1.2982389819787634,3.8312849044799684
DH,9.950000000000001,S.oralis,0.021088268718845744,0.3891429901123047,129290.32686575176,8595.949432089006,18.453055359852424,1.299304523401126,3.850742053985584
DH,10.0,S.oralis,0.020651486809328698,0.3891429901123047,129290.32686575176,8417.909439469579,18.843340128736923,1.3003480172893302,3.8701992034911985
DH,10.05,S.oralis,0.0202229190925776,0.3891429901123047,129290.32686575176,8243.217696371385,19.24267156145284,1.3013698774368778,3.889656352996814
DH,10.100000000000001,S.oralis,0.019802442748549285,0.3891429901123047,129290.32686575176,8071.824139183495,19.651261970739093,1.302370511482906,3.9091135025024295
DH,10.15,S.oralis,0.019389935295377542,0.3891429901123047,129290.32686575176,7903.678842141861,20.069328968058716,1.3033503209340043,3.928570652008044
DH,10.200000000000001,S.oralis,0.018985274620758722,0.3891429901123047,129290.32686575176,7738.732030122634,20.497095664173916,1.3043097011819076,3.9480278015136596
DH,10.25,S.oralis,0.018588340330262573,0.3891429901123047,129290.32686575176,7576.934628237394,20.934789400146936,1.305249041555683,3.9674849510192742
DH,10.3,S.oralis,0.018199012266710914,0.3891429901123047,129290.32686575176,7418.237658305839,21.382643431924784,1.3061687253706074,3.9869421005248897
DH,10.350000000000001,S.oralis,0.017817170801106518,0.3891429901123047,129290.32686575176,7262.592357443522,21.840896877305422,1.3070691299473027,4.006399250030506
DH,10.4,S.oralis,0.01744269757932038,0.3891429901123047,129290.32686575176,7109.950482424714,22.30979401796559,1.3079506266568133,4.025856399536121
DH,10.450000000000001,S.oralis,0.01707547519585885,0.3891429901123047,129290.32686575176,6960.264176704151,22.78958480796363,1.3088135809761927,4.045313549041737
DH,10.5,S.oralis,0.01671538668697205,0.3891429901123047,129290.32686575176,6813.485763799108,23.28052574551579,1.3096583525232635,4.064770698547352
DH,10.55,S.oralis,0.016362316637281084,0.3891429901123047,129290.32686575176,6669.568198370113,23.78287859468831,1.31048529510637,4.084227848052968
DH,10.600000000000001,S.oralis,0.016016150380431863,0.3891429901123047,129290.32686575176,6528.464740393393,24.29691160915609,1.3112947567818127,4.103684997558584
DH,10.65,S.oralis,0.015676773945197654,0.3891429901123047,129290.32686575176,6390.128933191314,24.822899881867137,1.3120870798899535,4.123142147064199
DH,10.700000000000001,S.oralis,0.015344075071714857,0.3891429901123047,129290.32686575176,6254.515017667971,25.361123970883572,1.3128626011153763,4.142599296569815
DH,10.75,S.oralis,0.015017942095856813,0.3891429901123047,129290.32686575176,6121.577477560321,25.911871788323275,1.3136216515445656,4.16205644607543
DH,10.8,S.oralis,0.01469826436960107,0.3891429901123047,129290.32686575176,5991.271210787277,26.47543821004674,1.3143645567062021,4.181513595581046
DH,10.850000000000001,S.oralis,0.014384932894720242,0.3891429901123047,129290.32686575176,5863.551787753251,27.052124119058863,1.3150916366378103,4.200970745086662
DH,10.9,S.oralis,0.014077839273453506,0.3891429901123047,129290.32686575176,5738.375023623396,27.642238453887536,1.3158032059420146,4.220427894592277
DH,10.950000000000001,S.oralis,0.013776876399613596,0.3891429901123047,129290.32686575176,5615.697260030973,28.246097215709874,1.3164995738338412,4.239885044097893
DH,11.0,S.oralis,0.013481938683973018,0.3891429901123047,129290.32686575176,5495.475456948741,28.864023137481546,1.3171810442109309,4.259342193603508
DH,11.05,S.oralis,0.013192921061431748,0.3891429901123047,129290.32686575176,5377.666787993042,29.49634795056322,1.317847915704566,4.278799343109124
DH,11.100000000000001,S.oralis,0.012909720268308451,0.3891429901123047,129290.32686575176,5262.22916107017,30.1434099286873,1.3185004817378094,4.2982564926147395
DH,11.15,S.oralis,0.012632234128272577,0.3891429901123047,129290.32686575176,5149.120927309742,30.805555546295032,1.319139030597724,4.317713642120355
DH,11.200000000000001,S.oralis,0.01236036117955979,0.3891429901123047,129290.32686575176,5038.300729111131,31.48314069946651,1.3197638454804197,4.3371707916259705
DH,11.25,S.oralis,0.01209400198107733,0.3891429901123047,129290.32686575176,4929.728032535008,32.17652773012362,1.3203752045594357,4.356627941131586
DH,11.3,S.oralis,0.01183305786231531,0.3891429901123047,129290.32686575176,4823.3626177451815,32.88608867126449,1.3209733810555204,4.3760850906372015
DH,11.350000000000001,S.oralis,0.011577431178508783,0.3891429901123047,129290.32686575176,4719.1646830171485,33.6122049971389,1.321558643281541,4.3955422401428175
DH,11.4,S.oralis,0.01132702623524166,0.3891429901123047,129290.32686575176,4617.095221622922,34.35526518880729,1.3221312547168846,4.4149993896484325
DH,11.450000000000001,S.oralis,0.011081747987519657,0.3891429901123047,129290.32686575176,4517.11549155027,35.115668624711574,1.3226914740724536,4.4344565391540485
DH,11.5,S.oralis,0.010841502712256503,0.3891429901123047,129290.32686575176,4419.187289619931,35.893823987367725,1.3232395553399479,4.4539136886596635
DH,11.55,S.oralis,0.010606198423004337,0.3891429901123047,129290.32686575176,4323.273120537019,36.69014802403396,1.3237757478683294,4.4733708381652795
DH,11.600000000000001,S.oralis,0.010375743728904601,0.3891429901123047,129290.32686575176,4229.335731779328,37.50506954294135,1.324300296422127,4.492827987670895
DH,11.65,S.oralis,0.010150048928103745,0.3891429901123047,129290.32686575176,4137.338559292816,38.339026035119346,1.3248134412385524,4.5122851371765105
DH,11.700000000000001,S.oralis,0.009929025683604494,0.3891429901123047,129290.32686575176,4047.2455953628782,39.19246485129805,1.3253154181038451,4.531742286682126
DH,11.75,S.oralis,0.00971258629159346,0.3891429901123047,129290.32686575176,3959.0210903718034,40.065846359493335,1.325806458403225,4.5511994361877415
DH,11.8,S.oralis,0.009500645074099541,0.3891429901123047,129290.32686575176,3872.6301204708457,40.95963874844437,1.3262867891873673,4.570656585693357
DH,11.850000000000001,S.oralis,0.009293117266355705,0.3891429901123047,129290.32686575176,3788.0381340493095,41.87432257216174,1.3267566332458787,4.590113735198973
DH,11.9,S.oralis,0.009089918998469271,0.3891429901123047,129290.32686575176,3705.210944263032,42.81039139928923,1.3272162091524993,4.609570884704588
DH,11.950000000000001,S.oralis,0.00889096841823039,0.3891429901123047,129290.32686575176,3624.115186710878,43.76834691195063,1.3276657313379168,4.629028034210204
DH,12.0,S.oralis,0.008696184349114839,0.3891429901123047,129290.32686575176,3544.7177724130647,44.74870523552258,1.3281054101571004,4.648485183715819
DH,12.05,S.oralis,0.008505486799418057,0.3891429901123047,129290.32686575176,3466.9860953431544,45.75199506969192,1.3285354519358137,4.667942333221435
DH,12.100000000000001,S.oralis,0.008318797567818852,0.3891429901123047,129290.32686575176,3390.8882792664745,46.77875461445278,1.3289560590449947,4.687399482727051
DH,12.15,S.oralis,0.008136039102736598,0.3891429901123047,129290.32686575176,3316.3927127940437,47.829537837571905,1.3293674299617586,4.706856632232666
DH,12.200000000000001,S.oralis,0.007957135236486267,0.3891429901123047,129290.32686575176,3243.4683486370777,48.904910944324165,1.329769759320239,4.726313781738282
DH,12.25,S.oralis,0.007782011313861143,0.3891429901123047,129290.32686575176,3172.084756019569,50.00545160081841,1.3301632379839978,4.745770931243897
DH,12.3,S.oralis,0.007610593331380318,0.3891429901123047,129290.32686575176,3102.2117698204183,51.13175453847652,1.3305480531001288,4.765228080749513
DH,12.350000000000001,S.oralis,0.007442808981062556,0.3891429901123047,129290.32686575176,3033.819916034029,52.284425289220515,1.3309243881579398,4.784685230255129
DH,12.4,S.oralis,0.007278586838229758,0.3891429901123047,129290.32686575176,2966.880080704707,53.46408564755807,1.331292423053422,4.804142379760744
DH,12.450000000000001,S.oralis,0.007117856755707378,0.3891429901123047,129290.32686575176,2901.3636706096872,54.671371378789615,1.3316523341432704,4.82359952926636
DH,12.5,S.oralis,0.006960549787055556,0.3891429901123047,129290.32686575176,2837.2425819667933,55.906932931646985,1.3320042943068395,4.843056678771975
DH,12.55,S.oralis,0.006806597970562996,0.3891429901123047,129290.32686575176,2774.48911238654,57.17143744867268,1.33234847300078,4.862513828277591
DH,12.600000000000001,S.oralis,0.006655934779745907,0.3891429901123047,129290.32686575176,2713.07614450343,58.46556539232801,1.3326850363195377,4.881970977783207
DH,12.65,S.oralis,0.006508494430499333,0.3891429901123047,129290.32686575176,2652.976863558642,59.79001661102283,1.3330141470497938,4.901428127288822
DH,12.700000000000001,S.oralis,0.0063642126844703235,0.3891429901123047,129290.32686575176,2594.1650848690747,61.14550367901352,1.3333359647276681,4.920885276794438
DH,12.75,S.oralis,0.006223026029912131,0.3891429901123047,129290.32686575176,2536.614919929102,62.53275950346609,1.3336506456955277,4.940342426300053
DH,12.8,S.oralis,0.006084872331933075,0.3891429901123047,129290.32686575176,2480.3010414634514,63.95253160367946,1.3339583431545738,4.959799575805669
DH,12.850000000000001,S.oralis,0.005949690391613326,0.3891429901123047,129290.32686575176,2425.1985037154477,65.40558659335284,1.3342592072226624,4.979256725311285
DH,12.9,S.oralis,0.005817420088575224,0.3891429901123047,129290.32686575176,2371.282800561185,66.8927091712938,1.3345533849846671,4.9987138748169
DH,12.950000000000001,S.oralis,0.005688002491091494,0.3891429901123047,129290.32686575176,2318.5299103915704,68.41470106980042,1.3348410205491588,5.018171024322516
DH,13.0,S.oralis,0.0055613794692502,0.3891429901123047,129290.32686575176,2266.9161384315535,69.97238585569309,1.3351222550981674,5.037628173828131
DH,13.05,S.oralis,0.005437494268634461,0.3891429901123047,129290.32686575176,2216.418350582074,71.56660235157022,1.3353972269416146,5.057085323333747
DH,13.100000000000001,S.oralis,0.005316290771246107,0.3891429901123047,129290.32686575176,2167.0136721595363,73.19821410390837,1.3356660715676116,5.076542472839363
DH,13.15,S.oralis,0.0051977142342716914,0.3891429901123047,129290.32686575176,2118.679789029841,74.86810020190188,1.3359289216927497,5.095999622344978
DH,13.200000000000001,S.oralis,0.005081710654139353,0.3891429901123047,129290.32686575176,2071.394688386764,76.57716399010731,1.33618590731496,5.115456771850594
DH,13.25,S.oralis,0.004968227131884604,0.3891429901123047,129290.32686575176,2025.136807681488,78.3263284431786,1.3364371557596106,5.134913921356209
DH,13.3,S.oralis,0.004857211731216934,0.3891429901123047,129290.32686575176,1979.8849767680483,80.11653838586281,1.336682791731188,5.154371070861825
DH,13.350000000000001,S.oralis,0.004748613381156379,0.3891429901123047,129290.32686575176,1935.6183782162857,81.94876248643786,1.3369229373589975,5.173828220367441
DH,13.4,S.oralis,0.00464238215610055,0.3891429901123047,129290.32686575176,1892.316661472098,83.82398885471595,1.337157712247429,5.193285369873056
DH,13.450000000000001,S.oralis,0.004538468772126337,0.3891429901123047,129290.32686575176,1849.9597375411481,85.74323404014206,1.3373872335206347,5.212742519378672
DH,13.5,S.oralis,0.00443682520626058,0.3891429901123047,129290.32686575176,1808.528031414488,87.70753230557847,1.3376116158700944,5.232199668884287
DH,13.55,S.oralis,0.004337404006848461,0.3891429901123047,129290.32686575176,1768.00220096258,89.71794868494493,1.3378309716004222,5.251656818389903
DH,13.600000000000001,S.oralis,0.004240158889478651,0.3891429901123047,129290.32686575176,1728.363379844874,91.77556791041663,1.3380454106728303,5.271113967895519
DH,13.65,S.oralis,0.0041450442811171925,0.3891429901123047,129290.32686575176,1689.5929916907535,93.88150372362753,1.3382550407520952,5.290571117401134
DH,13.700000000000001,S.oralis,0.004052015521540104,0.3891429901123047,129290.32686575176,1651.6728322070123,96.03689522995656,1.3384599672471618,5.31002826690675
DH,13.75,S.oralis,0.003961028866708471,0.3891429901123047,129290.32686575176,1614.5850705536004,98.24290688284584,1.3386602933568679,5.329485416412365
DH,13.8,S.oralis,0.0038720412550324315,0.3891429901123047,129290.32686575176,1578.3121540687105,100.50073449154026,1.3388561201099114,5.348942565917981
DH,13.850000000000001,S.oralis,0.0037850106953225032,0.3891429901123047,129290.32686575176,1542.8369664045667,102.8115959072997,1.3390475464086702,5.368399715423597
DH,13.9,S.oralis,0.0036998957149751476,0.3891429901123047,129290.32686575176,1508.1426025981496,105.17674553292608,1.3392346690689276,5.387856864929212
DH,13.950000000000001,S.oralis,0.0036166559452940786,0.3891429901123047,129290.32686575176,1474.2126076584623,107.59745908887183,1.3394175828604344,5.407314014434828
DH,14.0,S.oralis,0.0035352515649440712,0.3891429901123047,129290.32686575176,1441.030749708508,110.0750492471562,1.3395963805481903,5.426771163940443
DH,14.05,S.oralis,0.003455643679453781,0.3891429901123047,129290.32686575176,1408.5811746773186,112.61085522967312,1.3397711529293002,5.446228313446059
DH,14.100000000000001,S.oralis,0.0033777940998094415,0.3891429901123047,129290.32686575176,1376.8483160508492,115.20624958586382,1.3399419888737818,5.465685462951675
DH,14.15,S.oralis,0.003301665357153703,0.3891429901123047,129290.32686575176,1345.8169008634834,117.86263840129963,1.3401089753602058,5.48514261245729
DH,14.200000000000001,S.oralis,0.003227220843453078,0.3891429901123047,129290.32686575176,1315.4720070365588,120.58145661203883,1.340272197515221,5.504599761962906
DH,14.25,S.oralis,0.003154424479204528,0.3891429901123047,129290.32686575176,1285.7989279297253,123.36418027368259,1.3404317386482874,5.524056911468521
DH,14.3,S.oralis,0.00308324115216023,0.3891429901123047,129290.32686575176,1256.7833511728807,126.21231065226833,1.3405876802890715,5.543514060974137
DH,14.350000000000001,S.oralis,0.0030136361863878297,0.3891429901123047,129290.32686575176,1228.4111422457843,129.12739496227474,1.3407401022225351,5.562971210479753
DH,14.4,S.oralis,0.00294557583354254,0.3891429901123047,129290.32686575176,1200.6685447292127,132.11100718608768,1.3408890825230333,5.582428359985368
DH,14.450000000000001,S.oralis,0.002879026866415983,0.3891429901123047,129290.32686575176,1173.5420146283127,135.16476509881878,1.3410346975905323,5.601885509490984
DH,14.5,S.oralis,0.002813956787660467,0.3891429901123047,129290.32686575176,1147.0183054522909,138.2903219476371,1.3411770221818842,5.621342658996599
DH,14.55,S.oralis,0.0027503337741634913,0.3891429901123047,129290.32686575176,1121.0844455404822,141.4893689514691,1.3413161294459297,5.640799808502215
DH,14.600000000000001,S.oralis,0.0026881265569022317,0.3891429901123047,129290.32686575176,1095.727689088925,144.7636418430942,1.3414520909542063,5.660256958007831
DH,14.65,S.oralis,0.002627304659374726,0.3891429901123047,129290.32686575176,1070.9356133391072,148.11490883775812,1.341584976734613,5.679714107513446
DH,14.700000000000001,S.oralis,0.0025678380156646907,0.3891429901123047,129290.32686575176,1046.6959628944644,151.54499144354094,1.341714855301489,5.699171257019062
DH,14.75,S.oralis,0.0025096974021964987,0.3891429901123047,129290.32686575176,1022.996825711307,155.05574089199956,1.3418417936869356,5.718628406524677
DH,14.8,S.oralis,0.002452853987174463,0.3891429901123047,129290.32686575176,999.8264494423436,158.6490643744243,1.3419658574716697,5.738085556030293
DH,14.850000000000001,S.oralis,0.002397279681441922,0.3891429901123047,129290.32686575176,977.1733844530179,162.32690458471743,1.3420871108133852,5.757542705535909
DH,14.9,S.oralis,0.002342946891454568,0.3891429901123047,129290.32686575176,955.0263831290907,166.09125521864206,1.3422056164777076,5.776999855041524
DH,14.950000000000001,S.oralis,0.0022898285975076972,0.3891429901123047,129290.32686575176,933.3744317634439,169.9441567529801,1.3423214358649318,5.79645700454714
DH,15.0,S.oralis,0.00223789840174087,0.3891429901123047,129290.32686575176,912.2067701236238,173.88769293976384,1.342434629039913,5.815914154052755
DH,15.05,S.oralis,0.0021871303275714524,0.3891429901123047,129290.32686575176,891.5128096974241,177.92400626825088,1.3425452547581458,5.835371303558371
DH,15.100000000000001,S.oralis,0.002137499109505648,0.3891429901123047,129290.32686575176,871.2822518249624,182.0552758977776,1.3426533704940726,5.854828453063987
DH,15.15,S.oralis,0.0020889798108134424,0.3891429901123047,129290.32686575176,851.5049318562583,186.28374869777875,1.3427590324670806,5.874285602569602
DH,15.200000000000001,S.oralis,0.0020415481990123173,0.3891429901123047,129290.32686575176,832.1709722050052,190.61170845761495,1.3428622956673262,5.893742752075218
DH,15.25,S.oralis,0.0019951804253939952,0.3891429901123047,129290.32686575176,813.2706517180296,195.04150359507423,1.3429632138829364,5.913199901580833
DH,15.3,S.oralis,0.0019498531488963452,0.3891429901123047,129290.32686575176,794.7944561676609,199.57553743602034,1.3430618397222935,5.932657051086449
DH,15.350000000000001,S.oralis,0.0019055436496298562,0.3891429901123047,129290.32686575176,776.7331245271197,204.21625617859453,1.3431582246422566,5.952114200592065
DH,15.4,S.oralis,0.001862229432216838,0.3891429901123047,129290.32686575176,759.0774872845953,208.9661904060127,1.343252418969303,5.97157135009768
DH,15.450000000000001,S.oralis,0.0018198887295530915,0.3891429901123047,129290.32686575176,741.8186717853683,213.8279026585687,1.3433444719233472,5.991028499603296
DH,15.5,S.oralis,0.0017785001409621759,0.3891429901123047,129290.32686575176,724.9479547371212,218.8040254535919,1.3434344316451101,6.010485649108911
DH,15.55,S.oralis,0.0017380425778566494,0.3891429901123047,129290.32686575176,708.456740060505,223.89727102784502,1.3435223452130807,6.029942798614527
DH,15.600000000000001,S.oralis,0.0016984956622989374,0.3891429901123047,129290.32686575176,692.336721349562,229.1103820574933,1.3436082586690845,6.049399948120143
DH,15.65,S.oralis,0.001659839259344436,0.3891429901123047,129290.32686575176,676.5796912465457,234.44618984732242,1.3436922170421255,6.068857097625758
DH,15.700000000000001,S.oralis,0.001622053646080584,0.3891429901123047,129290.32686575176,661.1776103452207,239.90759556726275,1.3437742643647612,6.088314247131374
DH,15.75,S.oralis,0.0015851196971939652,0.3891429901123047,129290.32686575176,646.1226828312796,245.49754242608893,1.343854443698343,6.107771396636989
DH,15.8,S.oralis,0.0015490185047633601,0.3891429901123047,129290.32686575176,631.4072015032997,251.21907124779838,1.343932797153392,6.127228546142605
DH,15.850000000000001,S.oralis,0.0015137316364273966,0.3891429901123047,129290.32686575176,617.0236530064211,257.0752838533075,1.3440093659069219,6.1466856956482205
DH,15.9,S.oralis,0.001479241134980334,0.3891429901123047,129290.32686575176,602.9647176675808,263.06934069777486,1.344084190226207,6.166142845153836
DH,15.950000000000001,S.oralis,0.001445529228126933,0.3891429901123047,129290.32686575176,589.2231511864898,269.204511773548,1.3441573094852848,6.1855999946594515
DH,16.0,S.oralis,0.0014125787355980233,0.3891429901123047,129290.32686575176,575.7919505831035,275.4841059868842,1.3442287621843778,6.205057144165067
DH,16.05,S.oralis,0.0013803727612291456,0.3891429901123047,129290.32686575176,562.6642286834567,281.91152494619956,1.3442985859717984,6.2245142936706825
DH,16.1,S.oralis,0.0013488946679423334,0.3891429901123047,129290.32686575176,549.8332039217981,288.49027233973834,1.3443668176575276,6.2439714431762985
DH,16.150000000000002,S.oralis,0.0013181283862051052,0.3891429901123047,129290.32686575176,537.2923260739037,295.2238903166696,1.3444334932338813,6.263428592681914
DH,16.2,S.oralis,0.0012880580380238108,0.3891429901123047,129290.32686575176,525.0351229901476,302.1160371852057,1.344498647894487,6.282885742187529
DH,16.25,S.oralis,0.0012586680829271008,0.3891429901123047,129290.32686575176,513.055260100933,309.1704599415372,1.3445623160475106,6.3023428916931445
DH,16.3,S.oralis,0.0012299434541894955,0.3891429901123047,129290.32686575176,501.3465959438166,316.390959915097,1.3446245313359386,6.3218000411987605
DH,16.35,S.oralis,0.001201869253427756,0.3891429901123047,129290.32686575176,489.9030576756151,323.7814670792691,1.3446853266536292,6.341257190704376
DH,16.400000000000002,S.oralis,0.0011744309781412513,0.3891429901123047,129290.32686575176,478.71873382186254,331.34598571998976,1.3447447341594183,6.360714340209992
DH,16.45,S.oralis,0.0011476144914192876,0.3891429901123047,129290.32686575176,467.7878619289846,339.08859902164573,1.3448027852961573,6.3801714897156065
DH,16.5,S.oralis,0.001121405808636114,0.3891429901123047,129290.32686575176,457.1047416174301,347.0135316898274,1.3448595108036587,6.3996286392212225
DH,16.55,S.oralis,0.0010957914219546826,0.3891429901123047,129290.32686575176,446.66386685511293,355.12505602402683,1.3449149407344234,6.419085788726838
DH,16.6,S.oralis,0.001070758042328173,0.3891429901123047,129290.32686575176,436.45982079269436,363.427566947041,1.3449691044710306,6.438542938232454
DH,16.650000000000002,S.oralis,0.001046292594043702,0.3891429901123047,129290.32686575176,426.4872735395022,371.92558977059036,1.3450220307369398,6.45800008773807
DH,16.7,S.oralis,0.0010223824509535601,0.3891429901123047,129290.32686575176,416.74107845554084,380.62369884122825,1.3450737476130648,6.4774572372436845
DH,16.75,S.oralis,0.0009990151372126842,0.3891429901123047,129290.32686575176,407.2161501668177,389.52662038539114,1.345124282552769,6.4969143867493
DH,16.8,S.oralis,0.0009761784512226148,0.3891429901123047,129290.32686575176,397.9075150870824,398.63919309519946,1.34517366239248,6.516371536254916
DH,16.85,S.oralis,0.0009538605641507857,0.3891429901123047,129290.32686575176,388.81035157602224,407.96632625100244,1.3452219133678642,6.535828685760532
DH,16.900000000000002,S.oralis,0.0009320497772120723,0.3891429901123047,129290.32686575176,379.9198910029501,417.51309814836395,1.3452690611263982,6.555285835266148
DH,16.95,S.oralis,0.000910734717678952,0.3891429901123047,129290.32686575176,371.23149764399557,427.28467747891824,1.3453151307387705,6.574742984771762
DH,17.0,S.oralis,0.0008899042922982057,0.3891429901123047,129290.32686575176,362.7406496939321,437.2863390818475,1.34536014671402,6.594200134277378
DH,17.05,S.oralis,0.0008695475326033511,0.3891429901123047,129290.32686575176,354.44287621280324,447.5235401418986,1.3454041330096425,6.613657283782994
DH,17.1,S.oralis,0.0008496538511770696,0.3891429901123047,129290.32686575176,346.33386158299703,458.00179634707087,1.345447113044237,6.63311443328861
DH,17.150000000000002,S.oralis,0.0008302128282363356,0.3891429901123047,129290.32686575176,338.40935851758945,468.7267853220016,1.3454891097112223,6.652571582794226
DH,17.2,S.oralis,0.0008112142184863824,0.3891429901123047,129290.32686575176,330.6651908541413,479.70435089068536,1.3455301453873902,6.67202873229984
DH,17.25,S.oralis,0.0007926481303747391,0.3891429901123047,129290.32686575176,323.09732662179806,490.9403999077499,1.3455702419461117,6.691485881805456
DH,17.3,S.oralis,0.00077450478994672,0.3891429901123047,129290.32686575176,315.70178178463215,502.44103737444254,1.3456094207691198,6.710943031311072
DH,17.35,S.oralis,0.0007567746445898134,0.3891429901123047,129290.32686575176,308.4746625296808,514.21251081057,1.3456477027549831,6.730400180816688
DH,17.400000000000002,S.oralis,0.0007394484369252167,0.3891429901123047,129290.32686575176,301.41219538643696,526.2611572085319,1.345685108332021,6.749857330322304
DH,17.45,S.oralis,0.000722517005762112,0.3891429901123047,129290.32686575176,294.5106460923084,538.5935376037773,1.3457216574680881,6.769314479827918
DH,17.5,S.oralis,0.00070597142336732,0.3891429901123047,129290.32686575176,287.7663755461448,551.2163484694364,1.3457573696788163,6.788771629333534
DH,17.55,S.oralis,0.0006898030593431438,0.3891429901123047,129290.32686575176,281.1758658459709,564.1363644905564,1.3457922640408841,6.80822877883915
DH,17.6,S.oralis,0.000674003354457775,0.3891429901123047,129290.32686575176,274.73562809828,577.3606133241933,1.3458263592012292,6.827685928344766
DH,17.650000000000002,S.oralis,0.0006585639109467904,0.3891429901123047,129290.32686575176,268.44223922651287,590.8963179486251,1.3458596733828643,6.847143077850382
DH,17.7,S.oralis,0.0006434766839028699,0.3891429901123047,129290.32686575176,262.2924199848751,604.7507234481928,1.3458922243977356,6.866600227355996
DH,17.75,S.oralis,0.0006287336990082791,0.3891429901123047,129290.32686575176,256.28291990112945,618.9313388579486,1.3459240296573083,6.886057376861612
DH,17.8,S.oralis,0.0006143270825335219,0.3891429901123047,129290.32686575176,250.41052950457478,633.4459299880701,1.3459551061768469,6.905514526367228
DH,17.85,S.oralis,0.0006002492923239464,0.3891429901123047,129290.32686575176,244.67217448025144,648.3022888801501,1.3459854705862184,6.924971675872844
DH,17.900000000000002,S.oralis,0.0005864929060181752,0.3891429901123047,129290.32686575176,239.0648293430465,663.5084348321943,1.346015139141177,6.94442882537846
DH,17.95,S.oralis,0.0005730505918487574,0.3891429901123047,129290.32686575176,233.58550553552564,679.072660682304,1.3460441277286237,6.963885974884074
DH,18.0,S.oralis,0.0005599152261278923,0.3891429901123047,129290.32686575176,228.2312993171817,695.003407575523,1.3460724518740732,6.98334312438969
DH,18.05,S.oralis,0.0005470799182023846,0.3891429901123047,129290.32686575176,222.99940193651355,711.309220398667,1.3461001267526815,7.002800273895306
DH,18.1,S.oralis,0.0005345378342546919,0.3891429901123047,129290.32686575176,217.88702780923228,727.9989650403104,1.346127167196493,7.022257423400922
DH,18.150000000000002,S.oralis,0.0005222822698846856,0.3891429901123047,129290.32686575176,212.89144410386436,745.081754734319,1.3461535876990964,7.041714572906538
DH,18.2,S.oralis,0.0005103068045377327,0.3891429901123047,129290.32686575176,208.01003368935523,762.5667278037068,1.346179402425957,7.061171722412152
DH,18.25,S.oralis,0.0004986050746393417,0.3891429901123047,129290.32686575176,203.24020266075865,780.4633564826536,1.3462046252229365,7.080628871917768
DH,18.3,S.oralis,0.0004871707971580413,0.3891429901123047,129290.32686575176,198.57938994388084,798.781438424488,1.3462292696197313,7.100086021423384
DH,18.35,S.oralis,0.0004759979549399923,0.3891429901123047,129290.32686575176,194.0251428409297,817.5308025459119,1.3462533488385338,7.119543170929
DH,18.400000000000002,S.oralis,0.00046508062759914506,0.3891429901123047,129290.32686575176,189.57504809836698,836.7215640031102,1.3462768758030972,7.139000320434616
DH,18.45,S.oralis,0.0004544129677773778,0.3891429901123047,129290.32686575176,185.2267222301229,856.3641834775947,1.3462998631429817,7.15845746994023
DH,18.5,S.oralis,0.0004439892936923537,0.3891429901123047,129290.32686575176,180.97784924173146,876.4693105008681,1.3463223231995185,7.177914619445846
DH,18.55,S.oralis,0.0004338041117694958,0.3891429901123047,129290.32686575176,176.82618985552153,897.0477216663127,1.3463442680346551,7.197371768951462
DH,18.6,S.oralis,0.00042385197370383543,0.3891429901123047,129290.32686575176,172.76952324651091,918.1106005282319,1.346365709436792,7.216828918457078
DH,18.650000000000002,S.oralis,0.0004141275346326945,0.3891429901123047,129290.32686575176,168.80567075461542,939.6694437558963,1.3463866589245004,7.236286067962694
DH,18.7,S.oralis,0.00040462567743209104,0.3891429901123047,129290.32686575176,164.93254655005111,961.735776587276,1.346407127754802,7.255743217468308
DH,18.75,S.oralis,0.0003953413308591931,0.3891429901123047,129290.32686575176,161.14808350499806,984.3215463118476,1.3464271269300092,7.275200366973924
DH,18.8,S.oralis,0.0003862694879966304,0.3891429901123047,129290.32686575176,157.45024071182664,1007.4391123424673,1.3464466672004807,7.29465751647954
DH,18.85,S.oralis,0.00037740535459618107,0.3891429901123047,129290.32686575176,153.83706395059443,1031.100871710426,1.3464657590715454,7.314114665985156
DH,18.900000000000002,S.oralis,0.000368744214390511,0.3891429901123047,129290.32686575176,150.30663078774123,1055.3195817743483,1.34648441281077,7.333571815490772
DH,18.95,S.oralis,0.00036028140984469204,0.3891429901123047,129290.32686575176,146.857042730069,1080.1084360140983,1.3465026384513759,7.353028964996386
DH,19.0,S.oralis,0.0003520124148499354,0.3891429901123047,129290.32686575176,143.48645485598695,1105.48086856027,1.3465204457969933,7.372486114502002
DH,19.05,S.oralis,0.00034393285495568006,0.3891429901123047,129290.32686575176,140.1930840624667,1131.4504691982697,1.3465378444287384,7.391943264007618
DH,19.1,S.oralis,0.00033603839168959594,0.3891429901123047,129290.32686575176,136.97516191183993,1158.0313432512864,1.3465548437099044,7.411400413513234
DH,19.150000000000002,S.oralis,0.000328324769070901,0.3891429901123047,129290.32686575176,133.83095359144497,1185.2379922888795,1.3465714527889234,7.43085756301885
DH,19.200000000000003,S.oralis,0.00032078791344950815,0.3891429901123047,129290.32686575176,130.75879860981996,1213.084950513747,1.3465876806059864,7.450314712524466
DH,19.25,S.oralis,0.0003134237880446167,0.3891429901123047,129290.32686575176,127.75705150407303,1241.5872851900735,1.3466035358985238,7.46977186203008
DH,19.3,S.oralis,0.00030622840733947673,0.3891429901123047,129290.32686575176,124.82408770744149,1270.7605851893127,1.3466190272034084,7.489229011535696
DH,19.35,S.oralis,0.00029919795557726056,0.3891429901123047,129290.32686575176,121.95835185029432,1300.6204850614963,1.3466341628624814,7.508686161041312
DH,19.400000000000002,S.oralis,0.00029232868204107077,0.3891429901123047,129290.32686575176,119.15831507442063,1331.1830621452054,1.3466489510284219,7.528143310546928
DH,19.450000000000003,S.oralis,0.0002856168863842209,0.3891429901123047,129290.32686575176,116.42246905339393,1362.4649264918364,1.3466633996676325,7.547600460052544
DH,19.5,S.oralis,0.00027905893206053075,0.3891429901123047,129290.32686575176,113.74933146699676,1394.4831911988238,1.3466775165630935,7.567057609558158
DH,19.55,S.oralis,0.0002726513736758987,0.3891429901123047,129290.32686575176,111.13749791196278,1427.254830466689,1.3466913093207369,7.586514759063774
DH,19.6,S.oralis,0.0002663907658362244,0.3891429901123047,129290.32686575176,108.58556398502607,1460.7975951822134,1.3467047853742247,7.60597190856939
DH,19.650000000000002,S.oralis,0.00026027373718414494,0.3891429901123047,129290.32686575176,106.09215546159787,1495.1296827808028,1.3467179519868002,7.625429058075006
DH,19.700000000000003,S.oralis,0.0002542969596930965,0.3891429901123047,129290.32686575176,103.65591577948554,1530.269927654463,1.3467308162542222,7.644886207580622
DH,19.75,S.oralis,0.0002484572945110132,0.3891429901123047,129290.32686575176,101.27556548735086,1566.2369296831228,1.3467433851105772,7.664343357086236
DH,19.8,S.oralis,0.0002427516028576151,0.3891429901123047,129290.32686575176,98.94982516311684,1603.0501365651326,1.3467556653330115,7.683800506591852
DH,19.85,S.oralis,0.00023717680694961685,0.3891429901123047,129290.32686575176,96.67744024815487,1640.729526285299,1.3467676635432566,7.703257656097468
DH,19.900000000000002,S.oralis,0.00023172986874316827,0.3891429901123047,129290.32686575176,94.4571723823294,1679.295777548647,1.346779386210149,7.722714805603084
DH,19.950000000000003,S.oralis,0.00022640792417788936,0.3891429901123047,129290.32686575176,92.28785412422906,1718.769303350681,1.346790839654972,7.7421719551087
DH,20.0,S.oralis,0.00022120811416033697,0.3891429901123047,129290.32686575176,90.16832005705331,1759.1714100968488,1.3468020300559305,7.761629104614314
DH,20.05,S.oralis,0.0002161276298373057,0.3891429901123047,129290.32686575176,88.09742524280665,1800.5240255734063,1.3468129634495305,7.78108625411993
DH,20.1,S.oralis,0.00021116369809250188,0.3891429901123047,129290.32686575176,86.07403931048766,1842.8498535853337,1.3468236457327287,7.800543403625546
DH,20.150000000000002,S.oralis,0.00020631370544769154,0.3891429901123047,129290.32686575176,84.09709696037733,1886.171300485742,1.3468340826678171,7.820000553131162
DH,20.200000000000003,S.oralis,0.00020157504787674178,0.3891429901123047,129290.32686575176,82.16553674559933,1930.5117087222825,1.3468442798866502,7.8394577026367775
DH,20.25,S.oralis,0.00019694516271586755,0.3891429901123047,129290.32686575176,80.27831407929823,1975.8951412973804,1.346854242891915,7.858914852142392
DH,20.3,S.oralis,0.00019242151896442405,0.3891429901123047,129290.32686575176,78.43439728107174,2022.346524477086,1.346863977058957,7.878372001648008
DH,20.35,S.oralis,0.00018800173158447687,0.3891429901123047,129290.32686575176,76.63281416748694,2069.890457032556,1.3468734876402206,7.897829151153624
DH,20.400000000000002,S.oralis,0.0001836834291167088,0.3891429901123047,129290.32686575176,74.8725980899942,2118.5525116969097,1.3468827797692382,7.9172863006592396
DH,20.450000000000003,S.oralis,0.00017946427412592088,0.3891429901123047,129290.32686575176,73.15279626887325,2168.3590898947555,1.3468918584618192,7.9367434501648555
DH,20.5,S.oralis,0.00017534195694400822,0.3891429901123047,129290.32686575176,71.47246724275998,2219.337555566175,1.346900728617596,7.95620059967047
DH,20.55,S.oralis,0.0001713143007370217,0.3891429901123047,129290.32686575176,69.83072369582976,2271.514919876209,1.346909395024038,7.975657749176086
DH,20.6,S.oralis,0.0001673791460561849,0.3891429901123047,129290.32686575176,68.22668539876025,2324.919198606016,1.3469178623602078,7.9951148986817016
DH,20.650000000000002,S.oralis,0.00016353436139623418,0.3891429901123047,129290.32686575176,66.65948351249669,2379.579354392891,1.346926135197894,8.014572048187317
DH,20.700000000000003,S.oralis,0.00015977783947390413,0.3891429901123047,129290.32686575176,65.12825907129702,2435.5254232603506,1.3469342180029158,8.034029197692933
DH,20.75,S.oralis,0.00015610759317664853,0.3891429901123047,129290.32686575176,63.63220209311907,2492.7870720033297,1.346942115138732,8.053486347198547
DH,20.8,S.oralis,0.00015252165629257603,0.3891429901123047,129290.32686575176,62.17051111539536,2551.394992497509,1.3469498308699688,8.072943496704163
DH,20.85,S.oralis,0.00014901808079751175,0.3891429901123047,129290.32686575176,60.74239208919171,2611.381035305901,1.346957369363396,8.092400646209779
DH,20.900000000000002,S.oralis,0.00014559495670106768,0.3891429901123047,129290.32686575176,59.347066468814795,2672.7779514456975,1.3469647346893334,8.111857795715395
DH,20.950000000000003,S.oralis,0.00014225046551785402,0.3891429901123047,129290.32686575176,57.98379300761879,2735.618394608789,1.3469719308248889,8.13131494522101
DH,21.0,S.oralis,0.00013898280613912757,0.3891429901123047,129290.32686575176,56.65183754198485,2799.9362001854847,1.3469789616566803,8.150772094726625
DH,0.0,A.naeslundii,0.25019173256997423,0.3377218246459961,69675.34942685117,93789.57435599112,1.3498520561687275,0.0,0.0
DH,0.05,A.naeslundii,0.24871199457063692,0.3390980243682861,69971.35646658437,93642.08988794948,1.3634164486263993,0.01247259317851528,0.016920496225357056
DH,0.1,A.naeslundii,0.24724330661946597,0.34047422409057615,70267.36350631758,93493.93827723111,1.3770816639926378,0.02487147570826785,0.03390980243682861
DH,0.15000000000000002,A.naeslundii,0.24578560411294673,0.34185042381286623,70563.37054605079,93345.14926658863,1.3908480321564094,0.037197198476578174,0.050967918634414675
DH,0.2,A.naeslundii,0.24433881952679287,0.34322662353515626,70859.377585784,93195.75106162184,1.404715894919513,0.04945030906757166,0.06809484481811523
DH,0.25,A.naeslundii,0.24290288473354468,0.3446028232574463,71155.3846255172,93045.77119463948,1.4186855937732588,0.0616313516740801,0.08529058098793028
DH,0.30000000000000004,A.naeslundii,0.24147773076614887,0.3459790229797363,71451.3916652504,92895.23642877187,1.432757471598026,0.07374086706157244,0.10255512714385986
DH,0.35000000000000003,A.naeslundii,0.24006328594446202,0.34735522270202634,71747.3987049836,92744.1720273051,1.4469318843797965,0.08577939247933772,0.11988848328590393
DH,0.4,A.naeslundii,0.23865947766253923,0.34873142242431643,72043.40574471682,92592.60242488357,1.4612091916056953,0.09774746156951275,0.1372906494140625
DH,0.45,A.naeslundii,0.23726623263376842,0.35010762214660646,72339.41278445002,92440.55131543652,1.475589755272989,0.10964560432692044,0.15476162552833556
DH,0.5,A.naeslundii,0.2358834756549624,0.3514838218688965,72635.41982418322,92288.04116306394,1.4900739481345782,0.12147434703413872,0.17230141162872312
DH,0.55,A.naeslundii,0.23451112988169268,0.3528600215911865,72931.42686391642,92135.09329451964,1.504662153003992,0.1332342121725551,0.1899100077152252
DH,0.6000000000000001,A.naeslundii,0.23314911793189705,0.35423622131347654,73227.43390364962,91981.72832116901,1.5193547565423304,0.14492571836789486,0.2075874137878418
DH,0.65,A.naeslundii,0.2317973612930927,0.3556124210357666,73523.44094338284,91827.96589975122,1.5341521536395655,0.1565493803485196,0.22533362984657285
DH,0.7000000000000001,A.naeslundii,0.2304557792732287,0.35698862075805665,73819.44798311604,91673.82430578087,1.5490547552500753,0.16810570886267764,0.24314865589141846
DH,0.75,A.naeslundii,0.22912429076835,0.3583648204803467,74115.45502284924,91519.32112176395,1.5640629776904007,0.17959521061371708,0.26103249192237854
DH,0.8,A.naeslundii,0.22780281393478397,0.3597410202026367,74411.46206258245,91364.47310235028,1.5791772453944506,0.19101838823129544,0.2789851379394531
DH,0.8500000000000001,A.naeslundii,0.22649126479219775,0.36111721992492674,74707.46910231565,91209.29560572101,1.5943980014251156,0.20237574019947,0.2970065939426422
DH,0.9,A.naeslundii,0.22518955875114235,0.3624934196472168,75003.47614204886,91053.80319374804,1.6097256980187495,0.2136677607880535,0.3150968599319458
DH,0.9500000000000001,A.naeslundii,0.22389761070751849,0.36386961936950685,75299.48318178207,90898.00966535868,1.6251607965787376,0.22489494002452004,0.3332559359073639
DH,1.0,A.naeslundii,0.22261533390619637,0.3652458190917969,75595.49022151527,90741.92758911375,1.6407037767025556,0.2360577636398629,0.3514838218688965
DH,1.05,A.naeslundii,0.22134264056504174,0.3652458190917969,75595.49022151527,90223.15538694881,1.6501376244513946,0.24715671300164385,0.36974611282348635
DH,1.1,A.naeslundii,0.220079442429617,0.3652458190917969,75595.49022151527,89708.25359773192,1.6596089805553063,0.25819226507651033,0.3880084037780762
DH,1.1500000000000001,A.naeslundii,0.21882565034578813,0.3652458190917969,75595.49022151527,89197.18588066917,1.6691179416793036,0.26916489239589547,0.4062706947326661
DH,1.2000000000000002,A.naeslundii,0.21758117362817242,0.3652458190917969,75595.49022151527,88689.91527080271,1.6786646243391015,0.2800750629952445,0.42453298568725595
DH,1.25,A.naeslundii,0.21634592131493316,0.3652458190917969,75595.49022151527,88186.40469048718,1.6882491561285837,0.2909232403688221,0.4427952766418457
DH,1.3,A.naeslundii,0.2151198018397075,0.3652458190917969,75595.49022151527,87686.61681566176,1.6978716787957668,0.3017098834476881,0.46105756759643557
DH,1.35,A.naeslundii,0.21390272213653472,0.3652458190917969,75595.49022151527,87190.51371100312,1.7075323560335967,0.3124354465470942,0.47931985855102544
DH,1.4000000000000001,A.naeslundii,0.21269458877939532,0.3652458190917969,75595.49022151527,86698.05729442164,1.717231365348115,0.32310037931999247,0.4975821495056153
DH,1.4500000000000002,A.naeslundii,0.21149530796418436,0.3652458190917969,75595.49022151527,86209.20932971341,1.7269688987788294,0.333705126738582,0.5158444404602052
DH,1.5,A.naeslundii,0.210304784685599,0.3652458190917969,75595.49022151527,85723.93109104515,1.7367451702909722,0.34425012905482655,0.5341067314147949
DH,1.55,A.naeslundii,0.20912292338379515,0.3652458190917969,75595.49022151527,85242.18362654277,1.7465604113685589,0.35473582175656143,0.5523690223693848
DH,1.6,A.naeslundii,0.20794962814074755,0.3652458190917969,75595.49022151527,84763.92783833125,1.7564148700693314,0.365162635544675,0.5706313133239747
DH,1.6500000000000001,A.naeslundii,0.20678480243425013,0.3652458190917969,75595.49022151527,84289.12438226085,1.766308813762711,0.37553099630904996,0.5888936042785645
DH,1.7000000000000002,A.naeslundii,0.20562834884897893,0.3652458190917969,75595.49022151527,83817.73355013126,1.7762425323954087,0.38584132509113067,0.6071558952331544
DH,1.75,A.naeslundii,0.20448016981385497,0.3652458190917969,75595.49022151527,83349.71557025365,1.7862163329788514,0.3960940380577015,0.6254181861877441
DH,1.8,A.naeslundii,0.20334016734964422,0.3652458190917969,75595.49022151527,82885.03050456804,1.7962305424080587,0.406289546486789,0.643680477142334
DH,1.85,A.naeslundii,0.2022082426713688,0.3652458190917969,75595.49022151527,82423.6380865791,1.8062855117404815,0.4164282567373143,0.6619427680969239
DH,1.9000000000000001,A.naeslundii,0.20108429683537749,0.3652458190917969,75595.49022151527,81965.49798511337,1.8163816112941638,0.42651057022498295,0.6802050590515137
DH,1.9500000000000002,A.naeslundii,0.19996823066696764,0.3652458190917969,75595.49022151527,81510.56977481686,1.8265192319478332,0.4365368834125416,0.6984673500061036
DH,2.0,A.naeslundii,0.19885994440335977,0.3652458190917969,75595.49022151527,81058.81279062506,1.8366987891284252,0.4465075877892998,0.7167296409606934
DH,2.0500000000000003,A.naeslundii,0.19775933807940632,0.3652458190917969,75595.49022151527,80610.18628498468,1.846920720098384,0.456423069851369,0.7349919319152833
DH,2.1,A.naeslundii,0.1966663115898926,0.3652458190917969,75595.49022151527,80164.64945324858,1.8571854840774276,0.4662837110931014,0.7532542228698731
DH,2.15,A.naeslundii,0.19558076452143003,0.3652458190917969,75595.49022151527,79722.16136515258,1.8674935645410897,0.4760898879958844,0.7715165138244628
DH,2.2,A.naeslundii,0.19450259627998964,0.3652458190917969,75595.49022151527,79282.68101680026,1.8778454687875714,0.48584197201591994,0.7897788047790528
DH,2.25,A.naeslundii,0.19343170619992803,0.3652458190917969,75595.49022151527,78846.16737510388,1.8882417276218637,0.4955403295779178,0.8080410957336426
DH,2.3000000000000003,A.naeslundii,0.19236799347679637,0.3652458190917969,75595.49022151527,78412.57935039618,1.8986828967255056,0.505185322069836,0.8263033866882326
DH,2.35,A.naeslundii,0.19131135726297857,0.3652458190917969,75595.49022151527,77981.87583541418,1.90916955646144,0.5147773058383304,0.8445656776428223
DH,2.4000000000000004,A.naeslundii,0.19026169668328521,0.3652458190917969,75595.49022151527,77554.0157116555,1.9197023124407167,0.524316632186987,0.8628279685974123
DH,2.45,A.naeslundii,0.1892189109112785,0.3652458190917969,75595.49022151527,77128.95788048983,1.9302817954757936,0.533803647376851,0.881090259552002
DH,2.5,A.naeslundii,0.18818289918652906,0.3652458190917969,75595.49022151527,76706.66127019298,1.9409086621083513,0.5432386926292962,0.8993525505065918
DH,2.5500000000000003,A.naeslundii,0.18715356077791198,0.3652458190917969,75595.49022151527,76287.08482098585,1.9515835957041727,0.5526221041284073,0.9176148414611818
DH,2.6,A.naeslundii,0.18613079521442866,0.3652458190917969,75595.49022151527,75870.18757912132,1.962307304769326,0.5619542130282158,0.9358771324157715
DH,2.6500000000000004,A.naeslundii,0.18511450217106548,0.3652458190917969,75595.49022151527,75455.9286503584,1.9730805248001093,0.5712353454628532,0.9541394233703615
DH,2.7,A.naeslundii,0.18410458142936928,0.3652458190917969,75595.49022151527,75044.26718389196,1.9839040194223598,0.5804658225528639,0.9724017143249513
DH,2.75,A.naeslundii,0.18310093325069562,0.3652458190917969,75595.49022151527,74635.16252449538,1.99477857707975,0.5896459604198655,0.990664005279541
DH,2.8000000000000003,A.naeslundii,0.18210345810084286,0.3652458190917969,75595.49022151527,74228.5741002765,2.0057050146161193,0.598776070203654,1.008926296234131
DH,2.85,A.naeslundii,0.18111205665456195,0.3652458190917969,75595.49022151527,73824.46142451593,2.0166841779530795,0.6078564580725391,1.0271885871887207
DH,2.9000000000000004,A.naeslundii,0.1801266302808696,0.3652458190917969,75595.49022151527,73422.78429348923,2.02771693736941,0.6168874252459249,1.0454508781433107
DH,2.95,A.naeslundii,0.17914708059827372,0.3652458190917969,75595.49022151527,73023.50260516892,2.038804193024156,0.6258692680179034,1.0637131690979005
DH,3.0,A.naeslundii,0.17817330956348787,0.3652458190917969,75595.49022151527,72626.57639538615,2.0499468746841125,0.6348022777719474,1.0819754600524902
DH,3.0500000000000003,A.naeslundii,0.17720522002546862,0.3652458190917969,75595.49022151527,72231.96606366597,2.061145935990499,0.6436867410116713,1.1002377510070802
DH,3.1,A.naeslundii,0.17624271512276551,0.3652458190917969,75595.49022151527,71839.63212757667,2.0724023619210437,0.6525229393903772,1.11850004196167
DH,3.1500000000000004,A.naeslundii,0.17528569848672684,0.3652458190917969,75595.49022151527,71449.53530555994,2.0837171671450103,0.6613111497306146,1.13676233291626
DH,3.2,A.naeslundii,0.17433407481378618,0.3652458190917969,75595.49022151527,71061.63675020501,2.0950913898039256,0.6700516440631273,1.1550246238708497
DH,3.25,A.naeslundii,0.1733877491338022,0.3652458190917969,75595.49022151527,70675.89775001103,2.1065261006989546,0.678744689661817,1.1732869148254395
DH,3.3000000000000003,A.naeslundii,0.17244662714447653,0.3652458190917969,75595.49022151527,70292.2798657017,2.1180223999730208,0.6873905490687741,1.1915492057800294
DH,3.35,A.naeslundii,0.1715106157505342,0.3652458190917969,75595.49022151527,69910.74515000466,2.1295814110017224,0.6959894801411493,1.2098114967346192
DH,3.4000000000000004,A.naeslundii,0.17057962224639733,0.3652458190917969,75595.49022151527,69531.255814495,2.141204290886574,0.7045417360910726,1.2280737876892092
DH,3.45,A.naeslundii,0.16965355478155064,0.3652458190917969,75595.49022151527,69153.77441928635,2.1528922253476788,0.7130475655167713,1.246336078643799
DH,3.5,A.naeslundii,0.16873232282089126,0.3652458190917969,75595.49022151527,68778.26406067757,2.1646464233145415,0.7215072124568322,1.2645983695983887
DH,3.5500000000000003,A.naeslundii,0.16781583629623203,0.3652458190917969,75595.49022151527,68404.68802529058,2.176468128115497,0.7299209164347604,1.2828606605529786
DH,3.6,A.naeslundii,0.16690400618230447,0.3652458190917969,75595.49022151527,68033.01002485934,2.1883586107145283,0.7382889124967238,1.3011229515075684
DH,3.6500000000000004,A.naeslundii,0.1659967448659604,0.3652458190917969,75595.49022151527,67663.19434672286,2.2003191652145153,0.7466114312729305,1.3193852424621584
DH,3.7,A.naeslundii,0.16509396522219538,0.3652458190917969,75595.49022151527,67295.20547719616,2.212351121376379,0.7548886990251343,1.3376475334167481
DH,3.75,A.naeslundii,0.16419558147034918,0.3652458190917969,75595.49022151527,66929.00845057258,2.224455833835905,0.7631209376924479,1.355909824371338
DH,3.8000000000000003,A.naeslundii,0.16330150924276962,0.3652458190917969,75595.49022151527,66564.56887711244,2.2366346813660485,0.771308364960276,1.3741721153259279
DH,3.85,A.naeslundii,0.16241166466607262,0.3652458190917969,75595.49022151527,66201.8525685484,2.248889079751522,0.779451194307997,1.3924344062805176
DH,3.9000000000000004,A.naeslundii,0.1615259655905801,0.3652458190917969,75595.49022151527,65840.82603922607,2.2612204654302177,0.7875496350644134,1.4106966972351076
DH,3.95,A.naeslundii,0.1606443311868955,0.3652458190917969,75595.49022151527,65481.45634166098,2.2736303011331636,0.7956038924838503,1.4289589881896974
DH,4.0,A.naeslundii,0.15976668118318266,0.3652458190917969,75595.49022151527,65123.710755640146,2.286120087035039,0.8036141677931022,1.447221279144287
DH,4.05,A.naeslundii,0.15889293736585197,0.3652458190917969,75595.49022151527,64767.55739992807,2.298691339885146,0.8115806582568281,1.4654835700988769
DH,4.1000000000000005,A.naeslundii,0.15802302273562202,0.3652458190917969,75595.49022151527,64412.964888262635,2.3113456050189964,0.8195035572593651,1.483745861053467
DH,4.15,A.naeslundii,0.15715686095419842,0.3652458190917969,75595.49022151527,64059.9021038117,2.3240844648726067,0.8273830543516105,1.5020081520080568
DH,4.2,A.naeslundii,0.15629437801793183,0.3652458190917969,75595.49022151527,63708.33888138548,2.336909514748456,0.8352193353259137,1.5202704429626466
DH,4.25,A.naeslundii,0.15543550102815684,0.3652458190917969,75595.49022151527,63358.245506205145,2.349822380831991,0.8430125823020659,1.5385327339172363
DH,4.3,A.naeslundii,0.1545801578874976,0.3652458190917969,75595.49022151527,63009.59259011155,2.36282472526403,0.8507629737749572,1.556795024871826
DH,4.3500000000000005,A.naeslundii,0.15372827904241604,0.3652458190917969,75595.49022151527,62662.35178185859,2.3759182199068256,0.8584706846982052,1.5750573158264163
DH,4.4,A.naeslundii,0.152879795941102,0.3652458190917969,75595.49022151527,62316.495138522114,2.389104569661451,0.8661358865727932,1.593319606781006
DH,4.45,A.naeslundii,0.1520346410033986,0.3652458190917969,75595.49022151527,61971.99511324094,2.4023855134675003,0.8737587474964057,1.6115818977355958
DH,4.5,A.naeslundii,0.15119274933030408,0.3652458190917969,75595.49022151527,61628.82525203986,2.415762797552286,0.8813394322547482,1.6298441886901855
DH,4.55,A.naeslundii,0.15035405693598722,0.3652458190917969,75595.49022151527,61286.959473168085,2.4292382030456228,0.8888781024114054,1.6481064796447753
DH,4.6000000000000005,A.naeslundii,0.14951850099667516,0.3652458190917969,75595.49022151527,60946.37216855026,2.4428135425188544,0.8963749163597221,1.6663687705993655
DH,4.65,A.naeslundii,0.14868602143506332,0.3652458190917969,75595.49022151527,60607.038849619814,2.456490634200695,0.9038300294205155,1.6846310615539553
DH,4.7,A.naeslundii,0.1478565589759411,0.3652458190917969,75595.49022151527,60268.935354757814,2.4702713333889292,0.9112435939307906,1.702893352508545
DH,4.75,A.naeslundii,0.1470300559038335,0.3652458190917969,75595.49022151527,59932.038158120995,2.4841575203554953,0.9186157593027849,1.7211556434631348
DH,4.800000000000001,A.naeslundii,0.1462064569149212,0.3652458190917969,75595.49022151527,59596.324716899384,2.498151085791899,0.9259466721232539,1.739417934417725
DH,4.8500000000000005,A.naeslundii,0.14538570764019215,0.3652458190917969,75595.49022151527,59261.77286932691,2.512253955496957,0.9332364762371317,1.7576802253723147
DH,4.9,A.naeslundii,0.14456775567892355,0.3652458190917969,75595.49022151527,58928.36125594683,2.526468072887472,0.9404853128201095,1.7759425163269045
DH,4.95,A.naeslundii,0.1437525506171151,0.3652458190917969,75595.49022151527,58596.069327125464,2.5407953982300397,0.9476933204775104,1.7942048072814942
DH,5.0,A.naeslundii,0.14294004294822726,0.3652458190917969,75595.49022151527,58264.87690312611,2.555237927444086,0.954860635316644,1.812467098236084
DH,5.050000000000001,A.naeslundii,0.14213018585475287,0.3652458190917969,75595.49022151527,57934.76490030896,2.5697976604706096,0.9619873910367186,1.8307293891906742
DH,5.1000000000000005,A.naeslundii,0.14132293365764756,0.3652458190917969,75595.49022151527,57605.714699091695,2.584476628376529,0.9690737190245285,1.848991680145264
DH,5.15,A.naeslundii,0.14051824222611542,0.3652458190917969,75595.49022151527,57277.708310985305,2.5992768860861517,0.9761197484216226,1.8672539710998537
DH,5.2,A.naeslundii,0.13971606990170005,0.3652458190917969,75595.49022151527,56950.72875526987,2.6142004949664894,0.983125606224818,1.8855162620544434
DH,5.25,A.naeslundii,0.1389163759343329,0.3652458190917969,75595.49022151527,56624.759421500356,2.6292495512872582,0.9900914173707188,1.9037785530090332
DH,5.300000000000001,A.naeslundii,0.13811912173472737,0.3652458190917969,75595.49022151527,56299.78458000446,2.6444261627531254,0.9970173048124454,1.9220408439636234
DH,5.3500000000000005,A.naeslundii,0.1373242705831814,0.3652458190917969,75595.49022151527,55975.78926318545,2.6597324532705717,1.003903389620393,1.9403031349182132
DH,5.4,A.naeslundii,0.1365317867417369,0.3652458190917969,75595.49022151527,55652.75890362271,2.675170579747079,1.010749791053516,1.958565425872803
DH,5.45,A.naeslundii,0.13574163716054416,0.3652458190917969,75595.49022151527,55330.68002961588,2.6907426986445864,1.017556626651073,1.9768277168273927
DH,5.5,A.naeslundii,0.13495378986261283,0.3652458190917969,75595.49022151527,55009.53960678101,2.706450996771773,1.024324012326652,1.9950900077819824
DH,5.550000000000001,A.naeslundii,0.13416821447050514,0.3652458190917969,75595.49022151527,54689.325252739865,2.7222976808124004,1.03105206243498,2.0133522987365726
DH,5.6000000000000005,A.naeslundii,0.1333848829686135,0.3652458190917969,75595.49022151527,54370.0255478378,2.738284961255632,1.037740889870958,2.0316145896911624
DH,5.65,A.naeslundii,0.1326037681819738,0.3652458190917969,75595.49022151527,54051.62941508123,2.75441508261338,1.0443906061497226,2.049876880645752
DH,5.7,A.naeslundii,0.13182484513566944,0.3652458190917969,75595.49022151527,53734.12667425464,2.7706902952618595,1.0510013214826637,2.068139171600342
DH,5.75,A.naeslundii,0.13104809051082697,0.3652458190917969,75595.49022151527,53417.50782017488,2.7871128657278748,1.0575731448738261,2.0864014625549316
DH,5.800000000000001,A.naeslundii,0.13027348198781064,0.3652458190917969,75595.49022151527,53101.76375496562,2.8036850901549712,1.0641061841862922,2.104663753509522
DH,5.8500000000000005,A.naeslundii,0.12950099976365811,0.3652458190917969,75595.49022151527,52786.886406590944,2.8204092613831375,1.070600546230079,2.1229260444641116
DH,5.9,A.naeslundii,0.12873062499339,0.3652458190917969,75595.49022151527,52472.868093505625,2.837287701435081,1.0770563368490051,2.1411883354187013
DH,5.95,A.naeslundii,0.12796234037953994,0.3652458190917969,75595.49022151527,52159.70176495797,2.854322748462301,1.0834736609833284,2.159450626373291
DH,6.0,A.naeslundii,0.12719613073944402,0.3652458190917969,75595.49022151527,51847.38123222702,2.8715167432253716,1.089852622761303,2.177712917327881
DH,6.050000000000001,A.naeslundii,0.126431981635317,0.3652458190917969,75595.49022151527,51535.900610217395,2.8888720588539014,1.0961933255706722,2.195975208282471
DH,6.1000000000000005,A.naeslundii,0.12566988070898738,0.3652458190917969,75595.49022151527,51225.25486152095,2.906391070248514,1.1024958721292797,2.214237499237061
DH,6.15,A.naeslundii,0.12490981693546972,0.3652458190917969,75595.49022151527,50915.43949215961,2.924076169933772,1.1087603645703912,2.2324997901916506
DH,6.2,A.naeslundii,0.12415178044665412,0.3652458190917969,75595.49022151527,50606.4504797181,2.9419297715890327,1.1149869045049443,2.2507620811462403
DH,6.25,A.naeslundii,0.12339576324918483,0.3652458190917969,75595.49022151527,50298.28456596398,2.959954292387018,1.1211755930973402,2.26902437210083
DH,6.300000000000001,A.naeslundii,0.12264175826362532,0.3652458190917969,75595.49022151527,49990.938865194315,2.978152174781126,1.1273265311351606,2.2872866630554203
DH,6.3500000000000005,A.naeslundii,0.12188976021246582,0.3652458190917969,75595.49022151527,49684.41122620327,2.9965258644789974,1.133439819097063,2.30554895401001
DH,6.4,A.naeslundii,0.12113976474042401,0.3652458190917969,75595.49022151527,49378.699873701116,3.0150778307555632,1.139515557220885,2.3238112449646
DH,6.45,A.naeslundii,0.12039176910584032,0.3652458190917969,75595.49022151527,49073.803690139175,3.0338105487153144,1.1455538455670415,2.3420735359191895
DH,6.5,A.naeslundii,0.11964577161238112,0.3652458190917969,75595.49022151527,48769.721984062,3.052726512350903,1.1515547840849971,2.3603358268737793
DH,6.550000000000001,A.naeslundii,0.11890177189652038,0.3652458190917969,75595.49022151527,48466.45460729,3.0718282264932815,1.1575184726727197,2.3785981178283695
DH,6.6000000000000005,A.naeslundii,0.11815977075998185,0.3652458190917969,75595.49022151527,48164.001886619866,3.091118210052399,1.1634450112391321,2.3968604087829593
DH,6.65,A.naeslundii,0.11741977012198641,0.3652458190917969,75595.49022151527,47862.36460435981,3.1105989963389136,1.1693344997611814,2.415122699737549
DH,6.7,A.naeslundii,0.11668177313591682,0.3652458190917969,75595.49022151527,47561.54404588413,3.130273129003106,1.175187038342629,2.4333849906921388
DH,6.75,A.naeslundii,0.11594578386268292,0.3652458190917969,75595.49022151527,47261.541866491156,3.1501431697108138,1.181002727267594,2.4516472816467285
DH,6.800000000000001,A.naeslundii,0.1152118076526298,0.3652458190917969,75595.49022151527,46962.36024707568,3.170211686922177,1.186781667055477,2.4699095726013187
DH,6.8500000000000005,A.naeslundii,0.11447985058826662,0.3652458190917969,75595.49022151527,46664.001666975484,3.1904812699784566,1.1925239585114993,2.4881718635559085
DH,6.9,A.naeslundii,0.11374992003779025,0.3652458190917969,75595.49022151527,46366.469129597266,3.2109545129390344,1.1982297027771507,2.5064341545104982
DH,6.95,A.naeslundii,0.11302202399975339,0.3652458190917969,75595.49022151527,46069.76589529188,3.2316340317228245,1.2038990013780893,2.524696445465088
DH,7.0,A.naeslundii,0.11229617166510207,0.3652458190917969,75595.49022151527,45773.89571045064,3.2525224473462897,1.2095319562697107,2.5429587364196777
DH,7.050000000000001,A.naeslundii,0.11157237285074346,0.3652458190917969,75595.49022151527,45478.862576617685,3.2736224009541,1.215128669882607,2.561221027374268
DH,7.1000000000000005,A.naeslundii,0.11085063837933,0.3652458190917969,75595.49022151527,45184.67090529659,3.294936541925258,1.2206892451633586,2.5794833183288577
DH,7.15,A.naeslundii,0.11013097975497338,0.3652458190917969,75595.49022151527,44891.325385765726,3.3164675362411167,1.2262137856167161,2.5977456092834474
DH,7.2,A.naeslundii,0.10941340928315453,0.3652458190917969,75595.49022151527,44598.83103395567,3.3382180619796364,1.2317023953426693,2.616007900238037
DH,7.25,A.naeslundii,0.10869793998725166,0.3652458190917969,75595.49022151527,44307.19315842456,3.360190810742446,1.2371551790744295,2.634270191192627
DH,7.300000000000001,A.naeslundii,0.10798458552651508,0.3652458190917969,75595.49022151527,44016.41732692318,3.3823884891618405,1.2425722422122738,2.652532482147217
DH,7.3500000000000005,A.naeslundii,0.10727336028458506,0.3652458190917969,75595.49022151527,43726.50940247645,3.4048138151246286,1.2479536908575513,2.670794773101807
DH,7.4,A.naeslundii,0.10656427913323084,0.3652458190917969,75595.49022151527,43437.47544707918,3.427469524146569,1.2532996318429965,2.6890570640563967
DH,7.45,A.naeslundii,0.10585735765399759,0.3652458190917969,75595.49022151527,43149.32181204341,3.450358361349139,1.2586101727626773,2.7073193550109864
DH,7.5,A.naeslundii,0.10515261180368046,0.3652458190917969,75595.49022151527,42862.05500163963,3.473483091163817,1.2638854219991191,2.725581645965576
DH,7.550000000000001,A.naeslundii,0.10445005819319252,0.3652458190917969,75595.49022151527,42575.68178676832,3.496846487306233,1.269125488749041,2.7438439369201664
DH,7.6000000000000005,A.naeslundii,0.10374971374418106,0.3652458190917969,75595.49022151527,42290.209064990704,3.5204513430504014,1.2743304830474753,2.762106227874756
DH,7.65,A.naeslundii,0.10305159592981748,0.3652458190917969,75595.49022151527,42005.64395867892,3.5443004622708103,1.2795005157893253,2.780368518829346
DH,7.7,A.naeslundii,0.10235572251773452,0.3652458190917969,75595.49022151527,41721.99371023274,3.5683966671087988,1.284635698750514,2.7986308097839356
DH,7.75,A.naeslundii,0.10166211169104558,0.3652458190917969,75595.49022151527,41439.26573140917,3.5927427929275226,1.2897361446057336,2.8168931007385254
DH,7.800000000000001,A.naeslundii,0.10097078192124513,0.3652458190917969,75595.49022151527,41157.467551514404,3.617341691744847,1.2948019669460409,2.8351553916931156
DH,7.8500000000000005,A.naeslundii,0.10028175197825843,0.3652458190917969,75595.49022151527,40876.60682150029,3.642196230985114,1.2998332802935284,2.8534176826477053
DH,7.9,A.naeslundii,0.09959504089385095,0.3652458190917969,75595.49022151527,40596.69129904934,3.6673092938540814,1.3048302001153311,2.871679973602295
DH,7.95,A.naeslundii,0.09891066790285545,0.3652458190917969,75595.49022151527,40317.72882461788,3.6926837805859423,1.3097928428352488,2.889942264556885
DH,8.0,A.naeslundii,0.0982286524605355,0.3652458190917969,75595.49022151527,40039.7273285137,3.7183226069250885,1.3147213258443335,2.9082045555114746
DH,8.05,A.naeslundii,0.09754901414918772,0.3652458190917969,75595.49022151527,39762.6947928255,3.7442287067422733,1.3196157675095768,2.926466846466065
DH,8.1,A.naeslundii,0.09687177271470128,0.3652458190917969,75595.49022151527,39486.6392663252,3.7704050298273017,1.324476287181174,2.944729137420654
DH,8.15,A.naeslundii,0.09619694797552515,0.3652458190917969,75595.49022151527,39211.56882736134,3.796854544540481,1.3293030051984296,2.9629914283752443
DH,8.200000000000001,A.naeslundii,0.09552455984289906,0.3652458190917969,75595.49022151527,38937.49159210564,3.8235802362500797,1.3340960428938902,2.9812537193298345
DH,8.25,A.naeslundii,0.0948546282611152,0.3652458190917969,75595.49022151527,38664.41569020255,3.8505851088926373,1.3388555225964904,2.999516010284424
DH,8.3,A.naeslundii,0.09418717319442334,0.3652458190917969,75595.49022151527,38392.349259431605,3.877872184759681,1.343581567632879,3.017778301239014
DH,8.35,A.naeslundii,0.09352221459929691,0.3652458190917969,75595.49022151527,38121.30043440257,3.9054445048881763,1.348274302327722,3.0360405921936033
DH,8.4,A.naeslundii,0.09285977239381776,0.3652458190917969,75595.49022151527,37851.27733407611,3.9333051296183608,1.3529338520025498,3.0543028831481935
DH,8.450000000000001,A.naeslundii,0.09219986643866472,0.3652458190917969,75595.49022151527,37582.28805401441,3.9614571387126025,1.3575603429733618,3.0725651741027837
DH,8.5,A.naeslundii,0.09154251651131384,0.3652458190917969,75595.49022151527,37314.340655864755,3.989903631791199,1.3621539025471112,3.090827465057373
DH,8.55,A.naeslundii,0.09088774227382287,0.3652458190917969,75595.49022151527,37047.443154227876,4.018647729100798,1.3667146590167396,3.1090897560119632
DH,8.6,A.naeslundii,0.0902355632765372,0.3652458190917969,75595.49022151527,36781.6035181686,4.047692570749066,1.3712427416554984,3.1273520469665526
DH,8.65,A.naeslundii,0.08958599888012564,0.3652458190917969,75595.49022151527,36516.82963943624,4.07704131959872,1.375738280709415,3.1456143379211428
DH,8.700000000000001,A.naeslundii,0.08893906834923762,0.3652458190917969,75595.49022151527,36253.129370640905,4.106697156502514,1.3802014073901492,3.163876628875733
DH,8.75,A.naeslundii,0.08829479064699236,0.3652458190917969,75595.49022151527,35990.51044148369,4.136663289140926,1.3846322538650548,3.1821389198303223
DH,8.8,A.naeslundii,0.08765318461020058,0.3652458190917969,75595.49022151527,35728.98053018014,4.166942943557257,1.3890309532464846,3.2004012107849125
DH,8.85,A.naeslundii,0.08701426883366349,0.3652458190917969,75595.49022151527,35468.547216298444,4.1975393689740805,1.3933976395825811,3.2186635017395018
DH,8.9,A.naeslundii,0.08637806159730643,0.3652458190917969,75595.49022151527,35209.21795105786,4.228455840958423,1.3977324478433555,3.236925792694092
DH,8.950000000000001,A.naeslundii,0.08574458104256463,0.3652458190917969,75595.49022151527,34951.00012922662,4.259695652492424,1.4020355139093523,3.255188083648682
DH,9.0,A.naeslundii,0.08511384488689121,0.3652458190917969,75595.49022151527,34693.9009727504,4.2912621275325575,1.4063069745575887,3.2734503746032715
DH,9.05,A.naeslundii,0.08448587064036008,0.3652458190917969,75595.49022151527,34437.927619043476,4.323158610113368,1.41054696744577,3.2917126655578617
DH,9.1,A.naeslundii,0.0838606755144865,0.3652458190917969,75595.49022151527,34183.08708382234,4.355388468444933,1.4147556310996412,3.309974956512451
DH,9.15,A.naeslundii,0.08323827627634764,0.3652458190917969,75595.49022151527,33929.38620164271,4.38795510228006,1.418933104894412,3.328237247467041
DH,9.200000000000001,A.naeslundii,0.08261868956728227,0.3652458190917969,75595.49022151527,33676.83175580711,4.420861926094231,1.423079529040503,3.3464995384216314
DH,9.25,A.naeslundii,0.08200193147833659,0.3652458190917969,75595.49022151527,33425.43030530913,4.4541123911000575,1.4271950445666433,3.3647618293762207
DH,9.3,A.naeslundii,0.08138801775135851,0.3652458190917969,75595.49022151527,33175.188266803,4.48770997479786,1.4312797932973857,3.383024120330811
DH,9.35,A.naeslundii,0.08077696396404925,0.3652458190917969,75595.49022151527,32926.11199003388,4.521658170445152,1.4353339178402709,3.4012864112854
DH,9.4,A.naeslundii,0.08016878509587201,0.3652458190917969,75595.49022151527,32678.20758089456,4.555960510752505,1.4393575615667689,3.4195487022399904
DH,9.450000000000001,A.naeslundii,0.07956349572768165,0.3652458190917969,75595.49022151527,32431.480982798068,4.590620557220199,1.4433508685873577,3.4378109931945806
DH,9.5,A.naeslundii,0.07896111026209872,0.3652458190917969,75595.49022151527,32185.938066505998,4.625641887245785,1.447313983737102,3.45607328414917
DH,9.55,A.naeslundii,0.07836164249787597,0.3652458190917969,75595.49022151527,31941.58445663279,4.661028118466213,1.4512470525561014,3.47433557510376
DH,9.600000000000001,A.naeslundii,0.07776510577659362,0.3652458190917969,75595.49022151527,31698.425591441322,4.6967829008178565,1.4551502212629632,3.4925978660583503
DH,9.65,A.naeslundii,0.07717151324711127,0.3652458190917969,75595.49022151527,31456.466830638157,4.732909900603367,1.4590236367385558,3.5108601570129396
DH,9.700000000000001,A.naeslundii,0.07658087746720996,0.3652458190917969,75595.49022151527,31215.713292995828,4.76941282434621,1.462867446506414,3.52912244796753
DH,9.75,A.naeslundii,0.07599321047027646,0.3652458190917969,75595.49022151527,30976.16988353455,4.8062954154918485,1.466681798704851,3.547384738922119
DH,9.8,A.naeslundii,0.07540852407465473,0.3652458190917969,75595.49022151527,30737.841419619286,4.843561435179425,1.4704668420684743,3.5656470298767093
DH,9.850000000000001,A.naeslundii,0.07482682968020007,0.3652458190917969,75595.49022151527,30500.732548031676,4.881214674640219,1.4742227259123457,3.5839093208312995
DH,9.9,A.naeslundii,0.07424813782274561,0.3652458190917969,75595.49022151527,30264.8475633627,4.91925898483484,1.4779496000999193,3.602171611785889
DH,9.950000000000001,A.naeslundii,0.07367245892112413,0.3652458190917969,75595.49022151527,30030.190712511943,4.957698228626245,1.481647615018516,3.620433902740479
DH,10.0,A.naeslundii,0.07309980318463294,0.3652458190917969,75595.49022151527,29796.766156968657,4.996536285730779,1.48531692157116,3.6386961936950684
DH,10.05,A.naeslundii,0.07253017988232831,0.3652458190917969,75595.49022151527,29564.577674963286,5.035777102502231,1.488957671147834,3.6569584846496586
DH,10.100000000000001,A.naeslundii,0.071963597884806,0.3652458190917969,75595.49022151527,29333.628882306763,5.075424656733469,1.4925700155920125,3.6752207756042488
DH,10.15,A.naeslundii,0.0714000658426646,0.3652458190917969,75595.49022151527,29103.923305135304,5.115482945024777,1.4961541071851991,3.693483066558838
DH,10.200000000000001,A.naeslundii,0.07083959210206128,0.3652458190917969,75595.49022151527,28875.46434548944,5.155955988080414,1.4997100986338174,3.7117453575134283
DH,10.25,A.naeslundii,0.07028218398073505,0.3652458190917969,75595.49022151527,28648.254986208365,5.196847883838013,1.5032381430358872,3.7300076484680176
DH,10.3,A.naeslundii,0.06972784865831512,0.3652458190917969,75595.49022151527,28422.298153835298,5.238162744437992,1.5067383938518635,3.7482699394226078
DH,10.350000000000001,A.naeslundii,0.06917659301709093,0.3652458190917969,75595.49022151527,28197.596653712517,5.279904707095915,1.5102110048937487,3.766532230377198
DH,10.4,A.naeslundii,0.06862842325285284,0.3652458190917969,75595.49022151527,27974.15301135321,5.322077963908544,1.5136561303004972,3.7847945213317873
DH,10.450000000000001,A.naeslundii,0.06808334508658258,0.3652458190917969,75595.49022151527,27751.969558730198,5.364686747211208,1.517073924508983,3.8030568122863775
DH,10.5,A.naeslundii,0.0675413640170007,0.3652458190917969,75595.49022151527,27531.048537218747,5.4077353101702474,1.5204645422365726,3.821319103240967
DH,10.55,A.naeslundii,0.06700248481907708,0.3652458190917969,75595.49022151527,27311.39189318061,5.4512279668142,1.5238281384574746,3.839581394195557
DH,10.600000000000001,A.naeslundii,0.066466711930281,0.3652458190917969,75595.49022151527,27093.00143540635,5.4951690625965455,1.5271648683762085,3.857843685150147
DH,10.65,A.naeslundii,0.06593404947696686,0.3652458190917969,75595.49022151527,26875.878845870633,5.539562972230159,1.5304748874113896,3.8761059761047365
DH,10.700000000000001,A.naeslundii,0.06540450086313253,0.3652458190917969,75595.49022151527,26660.025512102893,5.584414134680449,1.5337583511698922,3.8943682670593267
DH,10.75,A.naeslundii,0.06487806924886931,0.3652458190917969,75595.49022151527,26445.442722211963,5.629727014389571,1.5370154154226923,3.912630558013916
DH,10.8,A.naeslundii,0.06435475738306025,0.3652458190917969,75595.49022151527,26232.131596690935,5.675506115542261,1.5402462360884905,3.930892848968506
DH,10.850000000000001,A.naeslundii,0.06383456737512744,0.3652458190917969,75595.49022151527,26020.09299537738,5.721756003223288,1.5434509692074452,3.9491551399230964
DH,10.9,A.naeslundii,0.06331750110813673,0.3652458190917969,75595.49022151527,25809.32768584208,5.768481268204381,1.5466297709195267,3.9674174308776857
DH,10.950000000000001,A.naeslundii,0.06280355998519734,0.3652458190917969,75595.49022151527,25599.836240017034,5.815686549900747,1.54978279744686,3.985679721832276
DH,11.0,A.naeslundii,0.062292744864426354,0.3652458190917969,75595.49022151527,25391.619007685877,5.863376543877079,1.5529102050681005,4.003942012786865
DH,11.05,A.naeslundii,0.061785056417122244,0.3652458190917969,75595.49022151527,25184.67626248167,5.911555969552822,1.5560121501001394,4.022204303741455
DH,11.100000000000001,A.naeslundii,0.06128049469573669,0.3652458190917969,75595.49022151527,24979.008025784646,5.960229611482023,1.559088788877961,4.040466594696046
DH,11.15,A.naeslundii,0.06077905938747853,0.3652458190917969,75595.49022151527,24774.614170095625,6.009402296986574,1.5621402777300413,4.058728885650635
DH,11.200000000000001,A.naeslundii,0.0602807499408236,0.3652458190917969,75595.49022151527,24571.494470603644,6.059078884226745,1.5651667729632488,4.076991176605225
DH,11.25,A.naeslundii,0.05978556515405769,0.3652458190917969,75595.49022151527,24369.64843746885,6.109264304027532,1.5681684308406207,4.0952534675598145
DH,11.3,A.naeslundii,0.059293503582306055,0.3652458190917969,75595.49022151527,24169.075481734875,6.159963520873658,1.5711454075590299,4.113515758514405
DH,11.350000000000001,A.naeslundii,0.058804563459775264,0.3652458190917969,75595.49022151527,23969.774883633232,6.211181541065941,1.574097859235082,4.131778049468995
DH,11.4,A.naeslundii,0.0583187424288949,0.3652458190917969,75595.49022151527,23771.74568217674,6.2629234424443,1.5770259418822987,4.150040340423584
DH,11.450000000000001,A.naeslundii,0.057836037938885775,0.3652458190917969,75595.49022151527,23574.98683762291,6.315194333985068,1.5799298113914932,4.168302631378174
DH,11.5,A.naeslundii,0.05735644704970785,0.3652458190917969,75595.49022151527,23379.497151559688,6.367999377214864,1.5828096235162081,4.186564922332764
DH,11.55,A.naeslundii,0.05687996632272922,0.3652458190917969,75595.49022151527,23185.275222340195,6.42134380001988,1.585665533850519,4.204827213287354
DH,11.600000000000001,A.naeslundii,0.0564065921505172,0.3652458190917969,75595.49022151527,22992.319579511386,6.475232861385473,1.5884976978123502,4.223089504241944
DH,11.65,A.naeslundii,0.05593632045669919,0.3652458190917969,75595.49022151527,22800.62856147206,6.5296718859893,1.5913062706275305,4.241351795196533
DH,11.700000000000001,A.naeslundii,0.05546914679315477,0.3652458190917969,75595.49022151527,22610.20035509005,6.584666255167106,1.5940914073087769,4.259614086151124
DH,11.75,A.naeslundii,0.05500506654018153,0.3652458190917969,75595.49022151527,22421.033077293367,6.640221384424335,1.5968532626421101,4.277876377105713
DH,11.8,A.naeslundii,0.054544074545440066,0.3652458190917969,75595.49022151527,22233.124627897792,6.696342767490071,1.5995919911692507,4.296138668060303
DH,11.850000000000001,A.naeslundii,0.05408616542032411,0.3652458190917969,75595.49022151527,22046.47281041259,6.75303594280225,1.6023077471683949,4.314400959014893
DH,11.9,A.naeslundii,0.05363133354627049,0.3652458190917969,75595.49022151527,21861.07533461254,6.810306493249523,1.6050006846425597,4.332663249969483
DH,11.950000000000001,A.naeslundii,0.05317957280042397,0.3652458190917969,75595.49022151527,21676.929704714097,6.868160082114931,1.607670957301227,4.350925540924073
DH,12.0,A.naeslundii,0.05273087689385395,0.3652458190917969,75595.49022151527,21494.033357238477,6.926602412226679,1.610318718543584,4.369187831878662
DH,12.05,A.naeslundii,0.05228523924893015,0.3652458190917969,75595.49022151527,21312.38361102783,6.985639242327278,1.6129441214471538,4.387450122833252
DH,12.100000000000001,A.naeslundii,0.05184265286200103,0.3652458190917969,75595.49022151527,21131.977611270544,7.045276407132131,1.6155473187499272,4.4057124137878425
DH,12.15,A.naeslundii,0.05140311057763547,0.3652458190917969,75595.49022151527,20952.812441286973,7.105519782507257,1.618128462835918,4.423974704742432
DH,12.200000000000001,A.naeslundii,0.0509666049203416,0.3652458190917969,75595.49022151527,20774.88505393508,7.166375309139364,1.6206877057233675,4.442236995697022
DH,12.25,A.naeslundii,0.050533128072016625,0.3652458190917969,75595.49022151527,20598.192262418586,7.227848997815286,1.6232251990481763,4.460499286651611
DH,12.3,A.naeslundii,0.050102672069108296,0.3652458190917969,75595.49022151527,20422.730820653458,7.289946903191132,1.6257410940517045,4.4787615776062015
DH,12.350000000000001,A.naeslundii,0.04967522857615251,0.3652458190917969,75595.49022151527,20248.497330957838,7.352675157435304,1.628235541567836,4.497023868560792
DH,12.4,A.naeslundii,0.04925078906719756,0.3652458190917969,75595.49022151527,20075.488318003783,7.416039945948015,1.6307086920089198,4.515286159515381
DH,12.450000000000001,A.naeslundii,0.04882934474551615,0.3652458190917969,75595.49022151527,19903.700196090438,7.480047520509402,1.6331606953542377,4.533548450469971
DH,12.5,A.naeslundii,0.04841088656390508,0.3652458190917969,75595.49022151527,19733.12927741857,7.544704198086766,1.6355917011369732,4.5518107414245605
DH,12.55,A.naeslundii,0.04799540527339162,0.3652458190917969,75595.49022151527,19563.771791944142,7.610016354925689,1.6380018584329057,4.570073032379151
DH,12.600000000000001,A.naeslundii,0.04758289133616387,0.3652458190917969,75595.49022151527,19395.623851887176,7.67599044184613,1.6403913158481447,4.588335323333741
DH,12.65,A.naeslundii,0.04717333506713771,0.3652458190917969,75595.49022151527,19228.68150943695,7.7426329635582105,1.642760221508227,4.60659761428833
DH,12.700000000000001,A.naeslundii,0.0467667264811994,0.3652458190917969,75595.49022151527,19062.940694485394,7.809950504845119,1.6451087230469355,4.6248599052429205
DH,12.75,A.naeslundii,0.046363055454153534,0.3652458190917969,75595.49022151527,18898.397280232293,7.8779497061614725,1.6474369675953193,4.64312219619751
DH,12.8,A.naeslundii,0.045962311604011014,0.3652458190917969,75595.49022151527,18735.0470347962,7.946637284881964,1.6497451017717735,4.6613844871521
DH,12.850000000000001,A.naeslundii,0.045564484376347934,0.3652458190917969,75595.49022151527,18572.885656008195,8.01602002285342,1.6520332716712824,4.67964677810669
DH,12.9,A.naeslundii,0.04516956302200266,0.3652458190917969,75595.49022151527,18411.908762320836,8.086104771788053,1.654301622856241,4.6979090690612795
DH,12.950000000000001,A.naeslundii,0.04477753658121445,0.3652458190917969,75595.49022151527,18252.11188634278,8.15689845798772,1.6565503003463216,4.71617136001587
DH,13.0,A.naeslundii,0.04438839395470786,0.3652458190917969,75595.49022151527,18093.49050381404,8.228408071363859,1.6587794486097196,4.734433650970459
DH,13.05,A.naeslundii,0.04400212380919085,0.3652458190917969,75595.49022151527,17936.039995085335,8.300640684427758,1.6609892115538172,4.752695941925049
DH,13.100000000000001,A.naeslundii,0.04361871470467689,0.3652458190917969,75595.49022151527,17779.75569701684,8.373603430653917,1.663179732516664,4.770958232879639
DH,13.15,A.naeslundii,0.043238154976617704,0.3652458190917969,75595.49022151527,17624.63285493342,8.447303528314615,1.6653511542586963,4.789220523834229
DH,13.200000000000001,A.naeslundii,0.04286043284204281,0.3652458190917969,75595.49022151527,17470.66666588894,8.521748262269499,1.6675036189541628,4.807482814788819
DH,13.25,A.naeslundii,0.042485536344872295,0.3652458190917969,75595.49022151527,17317.852256374845,8.596944996220566,1.6696372681838356,4.825745105743408
DH,13.3,A.naeslundii,0.04211345338136847,0.3652458190917969,75595.49022151527,17166.184692694645,8.67290116970997,1.6717522429269918,4.844007396697998
DH,13.350000000000001,A.naeslundii,0.041744171718068546,0.3652458190917969,75595.49022151527,17015.658988273633,8.749624296263228,1.6738486835544777,4.862269687652589
DH,13.4,A.naeslundii,0.04137767895397109,0.3652458190917969,75595.49022151527,16866.270088245394,8.82712197313193,1.6759267298212785,4.880531978607178
DH,13.450000000000001,A.naeslundii,0.041013962596005205,0.3652458190917969,75595.49022151527,16718.012900214388,8.905401867396547,1.677986520860028,4.898794269561768
DH,13.5,A.naeslundii,0.040653009975576436,0.3652458190917969,75595.49022151527,16570.882260238574,8.984471735579474,1.6800281951743175,4.917056560516357
DH,13.55,A.naeslundii,0.04029480834600642,0.3652458190917969,75595.49022151527,16424.872972547542,9.064339404607097,1.6820518906323572,4.935318851470948
DH,13.600000000000001,A.naeslundii,0.03993934480620732,0.3652458190917969,75595.49022151527,16279.979778430861,9.145012790370835,1.6840577444611626,4.953581142425538
DH,13.65,A.naeslundii,0.039586606363259925,0.3652458190917969,75595.49022151527,16136.19738174602,9.226499885849755,1.6860458932403992,4.971843433380127
DH,13.700000000000001,A.naeslundii,0.03923657990964944,0.3652458190917969,75595.49022151527,15993.520439639326,9.308808768064214,1.688016472897222,4.990105724334717
DH,13.75,A.naeslundii,0.03888925222624119,0.3652458190917969,75595.49022151527,15851.94356375886,9.391947599479451,1.6899696187006192,5.008368015289307
DH,13.8,A.naeslundii,0.038544610012946026,0.3652458190917969,75595.49022151527,15711.461332754236,9.475924622641696,1.691905465256599,5.026630306243897
DH,13.850000000000001,A.naeslundii,0.038202639847172426,0.3652458190917969,75595.49022151527,15572.068275340946,9.560748172192886,1.693824146503102,5.044892597198487
DH,13.9,A.naeslundii,0.037863328248310235,0.3652458190917969,75595.49022151527,15433.758896585063,9.646426661081941,1.6957257957054892,5.063154888153076
DH,13.950000000000001,A.naeslundii,0.0375266616174872,0.3652458190917969,75595.49022151527,15296.527653346951,9.732968597494281,1.6976105454521342,5.0814171791076665
DH,14.0,A.naeslundii,0.03719262629891835,0.3652458190917969,75595.49022151527,15160.368979288345,9.820382571435111,1.6994785276500444,5.099679470062256
DH,14.05,A.naeslundii,0.03686120854414137,0.3652458190917969,75595.49022151527,15025.277270294071,9.908677265814935,1.7013298735211209,5.117941761016846
DH,14.100000000000001,A.naeslundii,0.03653239453677206,0.3652458190917969,75595.49022151527,14891.24689456279,9.997861452091648,1.7031647135981438,5.136204051971436
DH,14.15,A.naeslundii,0.03620617039367642,0.3652458190917969,75595.49022151527,14758.272193084775,10.087943991877937,1.704983177721405,5.154466342926026
DH,14.200000000000001,A.naeslundii,0.035882522155577176,0.3652458190917969,75595.49022151527,14626.347475812958,10.178933841612,1.7067853950351364,5.172728633880616
DH,14.25,A.naeslundii,0.03556143581803354,0.3652458190917969,75595.49022151527,14495.467034290832,10.27084004596286,1.7085714939844765,5.190990924835205
DH,14.3,A.naeslundii,0.035242897298670944,0.3652458190917969,75595.49022151527,14365.625128294709,10.36367174913201,1.710341602312394,5.209253215789795
DH,14.350000000000001,A.naeslundii,0.03492689248112019,0.3652458190917969,75595.49022151527,14236.816003744087,10.45743818432262,1.7120958470568888,5.2275155067443855
DH,14.4,A.naeslundii,0.03461340718148516,0.3652458190917969,75595.49022151527,14109.033879033304,10.552148685529238,1.7138343545484538,5.245777797698975
DH,14.450000000000001,A.naeslundii,0.03430242717990654,0.3652458190917969,75595.49022151527,13982.272957897476,10.647812680315178,1.7155572504074885,5.264040088653565
DH,14.5,A.naeslundii,0.03399393820892045,0.3652458190917969,75595.49022151527,13856.527424667249,10.744439695308724,1.7172646595422092,5.282302379608154
DH,14.55,A.naeslundii,0.03368792596010894,0.3652458190917969,75595.49022151527,13731.79144697967,10.842039356305204,1.718956706146435,5.3005646705627445
DH,14.600000000000001,A.naeslundii,0.033384376093352645,0.3652458190917969,75595.49022151527,13608.05917954974,10.940621387395737,1.7206335136977715,5.318826961517335
DH,14.65,A.naeslundii,0.03308327422713464,0.3652458190917969,75595.49022151527,13485.324760218078,11.040195616195241,1.7222952049557836,5.337089252471924
DH,14.700000000000001,A.naeslundii,0.03278460595967144,0.3652458190917969,75595.49022151527,13363.582318564298,11.140771969048162,1.7239419019604538,5.355351543426514
DH,14.75,A.naeslundii,0.03248835685236904,0.3652458190917969,75595.49022151527,13242.825969163401,11.242360478602144,1.7255737260307549,5.3736138343811035
DH,14.8,A.naeslundii,0.03219451245081633,0.3652458190917969,75595.49022151527,13123.049820143056,11.344971278871956,1.7271907977633345,5.391876125335694
DH,14.850000000000001,A.naeslundii,0.03190305827438886,0.3652458190917969,75595.49022151527,13004.24796894591,11.448614610876005,1.7287932370314647,5.410138416290284
DH,14.9,A.naeslundii,0.03161397982716083,0.3652458190917969,75595.49022151527,12886.414506777524,11.553300820986784,1.7303811629840034,5.428400707244873
DH,14.950000000000001,A.naeslundii,0.03132726259778593,0.3652458190917969,75595.49022151527,12769.543518557766,11.659040363060983,1.731954694044627,5.446662998199463
DH,15.0,A.naeslundii,0.03104289206147688,0.3652458190917969,75595.49022151527,12653.629083727745,11.765843799877585,1.7335139479111086,5.464925289154053
DH,15.05,A.naeslundii,0.030760853685790204,0.3652458190917969,75595.49022151527,12538.665278607761,11.873721803127982,1.7350590415547902,5.483187580108643
DH,15.100000000000001,A.naeslundii,0.030481132929581725,0.3652458190917969,75595.49022151527,12424.646175971564,11.982685155948662,1.7365900912201746,5.501449871063233
DH,15.15,A.naeslundii,0.03020371524866641,0.3652458190917969,75595.49022151527,12311.56584735339,12.092744752913259,1.7381072124246308,5.519712162017822
DH,15.200000000000001,A.naeslundii,0.029928586096783272,0.3652458190917969,75595.49022151527,12199.41836344128,12.203911601793093,1.7396105199582672,5.537974452972413
DH,15.25,A.naeslundii,0.029655730928447706,0.3652458190917969,75595.49022151527,12088.197795239746,12.316196824588442,1.741100127883898,5.556236743927002
DH,15.3,A.naeslundii,0.029385135200860977,0.3652458190917969,75595.49022151527,11977.898214848105,12.429611658927989,1.7425761495371308,5.574499034881592
DH,15.350000000000001,A.naeslundii,0.029116784379127885,0.3652458190917969,75595.49022151527,11868.513697587296,12.544167458052826,1.7440386975266307,5.592761325836182
DH,15.4,A.naeslundii,0.028850663931105722,0.3652458190917969,75595.49022151527,11760.038319900217,12.659875695200286,1.7454878837343866,5.611023616790772
DH,15.450000000000001,A.naeslundii,0.028586759340718124,0.3652458190917969,75595.49022151527,11652.466164778698,12.776747960079256,1.7469238193161822,5.629285907745362
DH,15.5,A.naeslundii,0.028325056102277202,0.3652458190917969,75595.49022151527,11545.791319449088,12.894795963437927,1.748346614702257,5.647548198699951
DH,15.55,A.naeslundii,0.028065539718706373,0.3652458190917969,75595.49022151527,11440.007874647861,13.014031540193455,1.7497563795977817,5.665810489654541
DH,15.600000000000001,A.naeslundii,0.02780819572020064,0.3652458190917969,75595.49022151527,11335.109932227866,13.134466643100913,1.7511532229837545,5.684072780609132
DH,15.65,A.naeslundii,0.027553009647720436,0.3652458190917969,75595.49022151527,11231.091598430132,13.256113352466924,1.7525372531179526,5.702335071563721
DH,15.700000000000001,A.naeslundii,0.027299967060712606,0.3652458190917969,75595.49022151527,11127.946987031071,13.378983874944753,1.7539085775356635,5.720597362518311
DH,15.75,A.naeslundii,0.02704905355147166,0.3652458190917969,75595.49022151527,11025.670225196389,13.503090538704816,1.755267303050968,5.7388596534729
DH,15.8,A.naeslundii,0.02680025472533497,0.3652458190917969,75595.49022151527,10924.255445408287,13.628445805275149,1.7566135357578883,5.757121944427491
DH,15.850000000000001,A.naeslundii,0.026553556217573285,0.3652458190917969,75595.49022151527,10823.696792350334,13.755062263565106,1.757947381031461,5.775384235382081
DH,15.9,A.naeslundii,0.02630894369793111,0.3652458190917969,75595.49022151527,10723.988424758218,13.882952629547008,1.7592689435293485,5.79364652633667
DH,15.950000000000001,A.naeslundii,0.02606640284929983,0.3652458190917969,75595.49022151527,10625.124506726517,14.012129759653728,1.7605783271930293,5.81190881729126
DH,16.0,A.naeslundii,0.025825919403707737,0.3652458190917969,75595.49022151527,10527.099222378883,14.142606634145997,1.7618756352493545,5.83017110824585
DH,16.05,A.naeslundii,0.025587479118876478,0.3652458190917969,75595.49022151527,10429.906766312031,14.274396371557625,1.7631609702124191,5.84843339920044
DH,16.1,A.naeslundii,0.02535106777564841,0.3652458190917969,75595.49022151527,10333.541342547082,14.40751223278424,1.7644344338847824,5.86669569015503
DH,16.150000000000002,A.naeslundii,0.025116671212763796,0.3652458190917969,75595.49022151527,10237.99717870536,14.541967603819497,1.7656961273594927,5.88495798110962
DH,16.2,A.naeslundii,0.02488427528983473,0.3652458190917969,75595.49022151527,10143.268510915925,14.677776018697255,1.7669461510220577,5.903220272064209
DH,16.25,A.naeslundii,0.024653865903408668,0.3652458190917969,75595.49022151527,10049.349590363327,14.814951153007513,1.7681846045518888,5.921482563018799
DH,16.3,A.naeslundii,0.0244254290076015,0.3652458190917969,75595.49022151527,9956.234691698035,14.953506813662424,1.769411586924664,5.939744853973389
DH,16.35,A.naeslundii,0.024198950577806026,0.3652458190917969,75595.49022151527,9863.91809824335,15.0934569628313,1.7706271964142992,5.958007144927979
DH,16.400000000000002,A.naeslundii,0.023974416641262906,0.3652458190917969,75595.49022151527,9772.394114456682,15.234815701966408,1.771831530594776,5.976269435882569
DH,16.45,A.naeslundii,0.023751813277150056,0.3652458190917969,75595.49022151527,9681.657065965976,15.377597273517392,1.7730246863427364,5.994531726837158
DH,16.5,A.naeslundii,0.023531126585933242,0.3652458190917969,75595.49022151527,9591.70128707648,15.521816082963852,1.7742067598393134,6.012794017791748
DH,16.55,A.naeslundii,0.023312342741616175,0.3652458190917969,75595.49022151527,9502.521142068801,15.667486667471477,1.775377846572502,6.031056308746338
DH,16.6,A.naeslundii,0.023095447953876126,0.3652458190917969,75595.49022151527,9414.111009764722,15.814623722442128,1.7765380413398895,6.0493185997009284
DH,16.650000000000002,A.naeslundii,0.022880428466816614,0.3652458190917969,75595.49022151527,9326.465283018764,15.963242105431343,1.7776874382504069,6.067580890655519
DH,16.7,A.naeslundii,0.022667270603911188,0.3652458190917969,75595.49022151527,9239.578387038073,16.11335680744794,1.778826130727175,6.085843181610107
DH,16.75,A.naeslundii,0.022455960716395756,0.3652458190917969,75595.49022151527,9153.44475834622,16.26498299069076,1.7799542115101827,6.104105472564697
DH,16.8,A.naeslundii,0.022246485206274744,0.3652458190917969,75595.49022151527,9068.058854160918,16.41813597542039,1.7810717726582495,6.1223677635192875
DH,16.85,A.naeslundii,0.022038830549956093,0.3652458190917969,75595.49022151527,8983.41516202806,16.572831224591656,1.7821789055521553,6.140630054473878
DH,16.900000000000002,A.naeslundii,0.021832983250393238,0.3652458190917969,75595.49022151527,8899.508180313953,16.729084381321016,1.783275700897164,6.158892345428468
DH,16.95,A.naeslundii,0.021628929879292345,0.3652458190917969,75595.49022151527,8816.332435409722,16.886911240185082,1.784362248725406,6.177154636383056
DH,17.0,A.naeslundii,0.02142665707088476,0.3652458190917969,75595.49022151527,8733.882479192862,17.046327753483524,1.7854386383991605,6.1954169273376465
DH,17.05,A.naeslundii,0.021226151486918057,0.3652458190917969,75595.49022151527,8652.152874756961,17.207350061404323,1.7865049586131057,6.213679218292237
DH,17.1,A.naeslundii,0.021027399879832678,0.3652458190917969,75595.49022151527,8571.138222163618,17.369994444348926,1.7875612973972745,6.231941509246827
DH,17.150000000000002,A.naeslundii,0.020830389043718225,0.3652458190917969,75595.49022151527,8490.833138451364,17.534277363962307,1.7886077421203632,6.250203800201417
DH,17.2,A.naeslundii,0.020635105815632857,0.3652458190917969,75595.49022151527,8411.232258173468,17.700215465582538,1.7896443794918468,6.2684660911560055
DH,17.25,A.naeslundii,0.02044153712612621,0.3652458190917969,75595.49022151527,8332.330253991973,17.86782553768808,1.7906712955653907,6.286728382110596
DH,17.3,A.naeslundii,0.020249669937953248,0.3652458190917969,75595.49022151527,8254.121811696376,18.037124566027096,1.7916885757419927,6.304990673065186
DH,17.35,A.naeslundii,0.020059491274579278,0.3652458190917969,75595.49022151527,8176.601641822782,18.208129712375143,1.7926963047723061,6.323252964019776
DH,17.400000000000002,A.naeslundii,0.01987098824569279,0.3652458190917969,75595.49022151527,8099.764490053381,18.38085829329435,1.793694566760313,6.341515254974366
DH,17.45,A.naeslundii,0.019684147989300856,0.3652458190917969,75595.49022151527,8023.605113613515,18.555327834881297,1.7946834451661877,6.359777545928955
DH,17.5,A.naeslundii,0.019498957713896425,0.3652458190917969,75595.49022151527,7948.118298459813,18.731556037556572,1.7956630228087678,6.378039836883545
DH,17.55,A.naeslundii,0.01931540472339447,0.3652458190917969,75595.49022151527,7873.298869444595,18.909560753309908,1.7966333818697,6.396302127838135
DH,17.6,A.naeslundii,0.01913347634573078,0.3652458190917969,75595.49022151527,7799.141661211492,19.08936005627088,1.7975946038964281,6.414564418792725
DH,17.650000000000002,A.naeslundii,0.018953159959775215,0.3652458190917969,75595.49022151527,7725.641529165758,19.27097222135874,1.7985467698040658,6.4328267097473155
DH,17.7,A.naeslundii,0.018774443068412895,0.3652458190917969,75595.49022151527,7652.7933792634485,19.45441565221743,1.7994899598797705,6.451089000701904
DH,17.75,A.naeslundii,0.018597313200518526,0.3652458190917969,75595.49022151527,7580.5921280544335,19.639708981274413,1.8004242537864938,6.469351291656494
DH,17.8,A.naeslundii,0.018421757918945465,0.3652458190917969,75595.49022151527,7509.0327059388765,19.826871067291986,1.8013497305644806,6.487613582611084
DH,17.85,A.naeslundii,0.018247764912319966,0.3652458190917969,75595.49022151527,7438.110094584188,20.01592090027428,1.8022664686352623,6.5058758735656745
DH,17.900000000000002,A.naeslundii,0.018075321916267307,0.3652458190917969,75595.49022151527,7367.81929481541,20.20687768570724,1.803174545805977,6.524138164520265
DH,17.95,A.naeslundii,0.017904416701929368,0.3652458190917969,75595.49022151527,7298.155321934773,20.399760861935157,1.8040740392714318,6.542400455474853
DH,18.0,A.naeslundii,0.017735037123622142,0.3652458190917969,75595.49022151527,7229.113225147742,20.594590050522562,1.8049650256170706,6.560662746429443
DH,18.05,A.naeslundii,0.017567171134696094,0.3652458190917969,75595.49022151527,7160.688094027973,20.791385038107645,1.8058475808235286,6.578925037384034
DH,18.1,A.naeslundii,0.01740080671369003,0.3652458190917969,75595.49022151527,7092.875028416337,20.990165864232083,1.8067217802697382,6.597187328338624
DH,18.150000000000002,A.naeslundii,0.017235931893071977,0.3652458190917969,75595.49022151527,7025.669150136203,21.19095279313608,1.8075876987349073,6.615449619293214
DH,18.2,A.naeslundii,0.01707253483567164,0.3652458190917969,75595.49022151527,6959.06563414865,21.393766222028503,1.8084454104031258,6.633711910247802
DH,18.25,A.naeslundii,0.01691060373160122,0.3652458190917969,75595.49022151527,6893.059666535589,21.598626807702548,1.8092949888673076,6.651974201202393
DH,18.3,A.naeslundii,0.016750126806641816,0.3652458190917969,75595.49022151527,6827.646447918197,21.80555546283795,1.8101365071307636,6.670236492156983
DH,18.35,A.naeslundii,0.016591092417275397,0.3652458190917969,75595.49022151527,6762.821232193625,22.014573236388365,1.8109700376113615,6.688498783111573
DH,18.400000000000002,A.naeslundii,0.01643348896903976,0.3652458190917969,75595.49022151527,6698.579293255049,22.225701418603798,1.8117956521460195,6.706761074066163
DH,18.45,A.naeslundii,0.016277304904486978,0.3652458190917969,75595.49022151527,6634.915920083307,22.4389615624337,1.8126134219928576,6.725023365020752
DH,18.5,A.naeslundii,0.016122528751419538,0.3652458190917969,75595.49022151527,6571.826436408812,22.65437542231941,1.8134234178342552,6.743285655975342
DH,18.55,A.naeslundii,0.015969149140222304,0.3652458190917969,75595.49022151527,6509.306207776357,22.87196492966765,1.8142257097815462,6.761547946929932
DH,18.6,A.naeslundii,0.0158171547269155,0.3652458190917969,75595.49022151527,6447.350610180158,23.09175230297715,1.8150203673782246,6.779810237884522
DH,18.650000000000002,A.naeslundii,0.01566653422282801,0.3652458190917969,75595.49022151527,6385.955042159214,23.313760012063813,1.8158074596019682,6.798072528839112
DH,18.7,A.naeslundii,0.015517276472492458,0.3652458190917969,75595.49022151527,6325.114956548716,23.5380106643888,1.8165870548693512,6.816334819793701
DH,18.75,A.naeslundii,0.015369370348323988,0.3652458190917969,75595.49022151527,6264.8258175492565,23.764527161103025,1.8173592210398717,6.834597110748291
DH,18.8,A.naeslundii,0.0152228047590999,0.3652458190917969,75595.49022151527,6205.083104183284,23.993332692088817,1.8181240254175572,6.852859401702881
DH,18.85,A.naeslundii,0.015077568745963344,0.3652458190917969,75595.49022151527,6145.8823494278995,24.224450589196127,1.8188815347551839,6.871121692657471
DH,18.900000000000002,A.naeslundii,0.014933651400004116,0.3652458190917969,75595.49022151527,6087.219106619331,24.457904454077198,1.819631815258833,6.889383983612062
DH,18.95,A.naeslundii,0.01479104184994443,0.3652458190917969,75595.49022151527,6029.088944433446,24.693718184102703,1.8203749325900818,6.90764627456665
DH,19.0,A.naeslundii,0.014649729309802757,0.3652458190917969,75595.49022151527,5971.487466314366,24.931915898773322,1.8211109518690753,6.92590856552124
DH,19.05,A.naeslundii,0.014509703097481945,0.3652458190917969,75595.49022151527,5914.410318051313,25.1725219074388,1.8218399376792576,6.94417085647583
DH,19.1,A.naeslundii,0.014370952556421512,0.3652458190917969,75595.49022151527,5857.853155842706,25.41556084454475,1.822561954070605,6.962433147430421
DH,19.150000000000002,A.naeslundii,0.014233467085508232,0.3652458190917969,75595.49022151527,5801.811658488237,25.66105762549386,1.8232770645616534,6.980695438385011
DH,19.200000000000003,A.naeslundii,0.01409723621696834,0.3652458190917969,75595.49022151527,5746.281559139116,25.909037308473522,1.8239853321442152,6.998957729339601
DH,19.25,A.naeslundii,0.013962249510972262,0.3652458190917969,75595.49022151527,5691.25860233709,26.159525283140635,1.8246868192874137,7.0172200202941895
DH,19.3,A.naeslundii,0.013828496563984605,0.3652458190917969,75595.49022151527,5636.738547418058,26.412547264397144,1.8253815879392876,7.03548231124878
DH,19.35,A.naeslundii,0.013695967104008189,0.3652458190917969,75595.49022151527,5582.717207335207,26.668129115534015,1.8260696995309875,7.05374460220337
DH,19.400000000000002,A.naeslundii,0.013564650910987025,0.3652458190917969,75595.49022151527,5529.190416213865,26.92629699714255,1.8267512149813625,7.07200689315796
DH,19.450000000000003,A.naeslundii,0.013434537805283583,0.3652458190917969,75595.49022151527,5476.154024654641,27.187077396004774,1.8274261946992694,7.09026918411255
DH,19.5,A.naeslundii,0.013305617656108392,0.3652458190917969,75595.49022151527,5423.603903169468,27.450497115714015,1.8280946985858042,7.108531475067139
DH,19.55,A.naeslundii,0.013177880495899881,0.3652458190917969,75595.49022151527,5371.535988804846,27.7165830427312,1.8287567860396043,7.126793766021729
DH,19.6,A.naeslundii,0.013051316357096507,0.3652458190917969,75595.49022151527,5319.946218607283,27.985362479792972,1.8294125159609294,7.145056056976319
DH,19.650000000000002,A.naeslundii,0.012925915337661093,0.3652458190917969,75595.49022151527,5268.8305563321765,28.256863019024465,1.8300619467532984,7.163318347930909
DH,19.700000000000003,A.naeslundii,0.012801667568810304,0.3652458190917969,75595.49022151527,5218.18497928977,28.53111261705261,1.83070513632596,7.1815806388854995
DH,19.75,A.naeslundii,0.012678563357747624,0.3652458190917969,75595.49022151527,5168.005536525635,28.808139280906953,1.831342142099124,7.199842929840088
DH,19.8,A.naeslundii,0.012556593011743347,0.3652458190917969,75595.49022151527,5118.288277112576,29.087971454534422,1.8319730210083613,7.218105220794678
DH,19.85,A.naeslundii,0.012435746896873384,0.3652458190917969,75595.49022151527,5069.029274093598,29.370637897401046,1.8325978295060767,7.236367511749268
DH,19.900000000000002,A.naeslundii,0.012316015412103701,0.3652458190917969,75595.49022151527,5020.224613918277,29.656167751531676,1.8332166235638012,7.2546298027038585
DH,19.950000000000003,A.naeslundii,0.012197389131831443,0.3652458190917969,75595.49022151527,4971.870454545019,29.94459020239154,1.8338294586773995,7.272892093658449
DH,20.0,A.naeslundii,0.01207985863547681,0.3652458190917969,75595.49022151527,4923.96295597972,30.235934882476386,1.8344363898715823,7.291154384613037
DH,20.05,A.naeslundii,0.011963414555142531,0.3652458190917969,75595.49022151527,4876.4982997026,30.53023176688249,1.8350374717013478,7.309416675567627
DH,20.1,A.naeslundii,0.011848047554755646,0.3652458190917969,75595.49022151527,4829.472680166026,30.827511233713114,1.8356327582540952,7.3276789665222175
DH,20.150000000000002,A.naeslundii,0.011733748472378895,0.3652458190917969,75595.49022151527,4782.882362803146,31.127803698160157,1.8362223031547735,7.345941257476808
DH,20.200000000000003,A.naeslundii,0.01162050815643882,0.3652458190917969,75595.49022151527,4736.723617271571,31.431140030603345,1.8368061595704939,7.364203548431398
DH,20.25,A.naeslundii,0.01150831750247502,0.3652458190917969,75595.49022151527,4690.9927324330265,31.73755147207624,1.8373843802119667,7.382465839385986
DH,20.3,A.naeslundii,0.011397167436310206,0.3652458190917969,75595.49022151527,4645.686009493165,32.04706968927746,1.8379570173354363,7.4007281303405765
DH,20.35,A.naeslundii,0.011287049055716461,0.3652458190917969,75595.49022151527,4600.799819747231,32.359726380990054,1.838524122747737,7.418990421295167
DH,20.400000000000002,A.naeslundii,0.011177953474580808,0.3652458190917969,75595.49022151527,4556.3305410592,32.67555370689125,1.8390857478109943,7.437252712249757
DH,20.450000000000003,A.naeslundii,0.011069871848833429,0.3652458190917969,75595.49022151527,4512.274568430581,32.994584226400725,1.8396419434440796,7.455515003204347
DH,20.5,A.naeslundii,0.010962795362897342,0.3652458190917969,75595.49022151527,4468.628308477062,33.31685094916034,1.8401927601243728,7.4737772941589355
DH,20.55,A.naeslundii,0.01085671536992651,0.3652458190917969,75595.49022151527,4425.388236592036,33.64238691414356,1.8407382478926935,7.492039585113526
DH,20.6,A.naeslundii,0.010751623245373496,0.3652458190917969,75595.49022151527,4382.550837258197,33.97122562390427,1.841278456358076,7.510301876068116
DH,20.650000000000002,A.naeslundii,0.010647510402105143,0.3652458190917969,75595.49022151527,4340.1126102089565,34.30340101096152,1.841813434699263,7.528564167022706
DH,20.700000000000003,A.naeslundii,0.010544368279657898,0.3652458190917969,75595.49022151527,4298.070066048727,34.63894748407317,1.842343231666307,7.546826457977296
DH,20.75,A.naeslundii,0.010442188481921667,0.3652458190917969,75595.49022151527,4256.419782375285,34.97789948190832,1.8428678955853466,7.565088748931885
DH,20.8,A.naeslundii,0.010340962641718835,0.3652458190917969,75595.49022151527,4215.158348579789,35.320291905733754,1.8433874743634375,7.583351039886475
DH,20.85,A.naeslundii,0.010240682417956932,0.3652458190917969,75595.49022151527,4174.282364686168,35.666160142935595,1.8439020154899295,7.601613330841065
DH,20.900000000000002,A.naeslundii,0.010141339519950499,0.3652458190917969,75595.49022151527,4133.788451265133,36.01553999580321,1.844411566038377,7.619875621795655
DH,20.950000000000003,A.naeslundii,0.010042925791125066,0.3652458190917969,75595.49022151527,4093.673283553392,36.36846738572584,1.844916172671154,7.638137912750246
DH,21.0,A.naeslundii,0.009945433100764752,0.3652458190917969,75595.49022151527,4053.9335473280735,36.724978730560395,1.8454158816434512,7.656400203704834
DH,0.0,Vd/Vp,0.03473985123904311,0.1817421913146972,50159.313399754945,13022.955744506995,5.231518985620826,0.0,0.0
DH,0.05,Vd/Vp,0.034664805098447875,0.17519085407257073,49363.28246813927,13051.581209748136,5.053853716327831,0.0017351164084372748,0.008923326134681699
DH,0.1,Vd/Vp,0.034586515956578114,0.16863951683044426,48567.251536523596,13078.73459662828,4.875874662893595,0.0034663994348129246,0.017519085407257072
DH,0.15000000000000002,Vd/Vp,0.03450501346967884,0.16208817958831784,47771.220604907925,13104.411238392637,4.697525469182971,0.005193687670469349,0.025787277817726127
DH,0.2,Vd/Vp,0.034420328195658954,0.15553684234619136,46975.18967329225,13128.607006428636,4.518749544224493,0.006916821212102794,0.03372790336608886
DH,0.25,Vd/Vp,0.034332490874822735,0.14898550510406489,46179.158741676576,13151.318042126355,4.33949012459569,0.008635641688864836,0.04134096205234526
DH,0.30000000000000004,Vd/Vp,0.03424153251095868,0.1424341678619384,45383.127810060905,13172.54078956622,4.159690218781933,0.010349992273509374,0.04862645387649535
DH,0.35000000000000003,Vd/Vp,0.03414748491553985,0.13588283061981193,44587.09687844523,13192.27220791815,3.97929250004513,0.012059717709171837,0.0555843788385391
DH,0.4,Vd/Vp,0.03405038017086714,0.1293314933776855,43791.065946829556,13210.509569769816,3.79823933620392,0.013764664336332012,0.06221473693847654
DH,0.45,Vd/Vp,0.0339502505606777,0.12278015613555904,42995.035015213885,13227.25043630836,3.6164727537465384,0.015464680104620633,0.06851752817630766
DH,0.5,Vd/Vp,0.03384712892442467,0.11622881889343256,42199.00408359821,13242.492797579405,3.43393435682398,0.017159614591748192,0.07449275255203244
DH,0.55,Vd/Vp,0.03374104856607309,0.10967748165130609,41402.97315198253,13256.235041204107,3.2505652999055794,0.018849319029010637,0.08014041006565091
DH,0.6000000000000001,Vd/Vp,0.03363204293994777,0.10312614440917961,40606.94222036686,13268.475832243073,3.0663062780134447,0.02053364631666116,0.08546050071716306
DH,0.65,Vd/Vp,0.03352014582272602,0.09657480716705319,39810.91128875119,13279.214182563246,2.8810974653212074,0.022212451035728005,0.09045302450656888
DH,0.7000000000000001,Vd/Vp,0.03340539159032461,0.09002346992492669,39014.88035713551,13288.449563620803,2.6948784504295613,0.02388558947105427,0.09511798143386838
DH,0.75,Vd/Vp,0.03328781473049912,0.08347213268280024,38218.84942551984,13296.18171668404,2.5075882378761563,0.025552919629074862,0.09945537149906154
DH,0.8,Vd/Vp,0.03316744993680868,0.07692079544067376,37422.81849390417,13302.410691435256,2.3191651932007096,0.02721430124575756,0.10346519470214839
DH,0.8500000000000001,Vd/Vp,0.03304433247984428,0.07036945819854729,36626.78756228849,13307.136997151292,2.129546972736394,0.028869595806173886,0.10714745104312892
DH,0.9,Vd/Vp,0.03291849779330311,0.06381812095642087,35830.75663067282,13310.361440059642,1.938670511550619,0.030518666563002568,0.11050214052200312
DH,0.9500000000000001,Vd/Vp,0.03278998145006972,0.057266783714294334,35034.72569905714,13312.085114963143,1.7464719765546732,0.03216137854408689,0.113529263138771
DH,1.0,Vd/Vp,0.0326588194662881,0.0507154464721679,34238.69476744147,13312.30953032461,1.5528867026108726,0.03379759856699584,0.11622881889343255
DH,1.05,Vd/Vp,0.0325250481319792,0.0507154464721679,34238.69476744147,13257.781980409867,1.5592735256340353,0.03542719525695252,0.11876459121704094
DH,1.1,Vd/Vp,0.03238870386399645,0.0507154464721679,34238.69476744147,13202.205657452281,1.5658374810281805,0.03705003905685192,0.12130036354064934
DH,1.1500000000000001,Vd/Vp,0.032249823321297943,0.0507154464721679,34238.69476744147,13145.595504288283,1.572580598873395,0.03866600223648428,0.12383613586425773
DH,1.2000000000000002,Vd/Vp,0.03210844357698535,0.0507154464721679,34238.69476744147,13087.966632566506,1.579504978202047,0.040274958908941366,0.12637190818786614
DH,1.25,Vd/Vp,0.031964601780372005,0.0507154464721679,34238.69476744147,13029.334185000804,1.5866128043963283,0.04187678504287529,0.12890768051147453
DH,1.3,Vd/Vp,0.03181833524417873,0.0507154464721679,34238.69476744147,12969.713370912797,1.5939063462299292,0.04347135846848906,0.13144345283508294
DH,1.35,Vd/Vp,0.03166968170178147,0.0507154464721679,34238.69476744147,12909.11957109054,1.6013879441458065,0.04505855889213807,0.13397922515869135
DH,1.4000000000000001,Vd/Vp,0.03151867898976663,0.0507154464721679,34238.69476744147,12847.568208392478,1.609060027186863,0.046638267909426774,0.13651499748229975
DH,1.4500000000000002,Vd/Vp,0.0313653650493395,0.0507154464721679,34238.69476744147,12785.074748321562,1.6169251144499555,0.04821036901040443,0.13905076980590816
DH,1.5,Vd/Vp,0.031209778178983807,0.0507154464721679,34238.69476744147,12721.654802013722,1.6249858035299627,0.04977474759111251,0.14158654212951655
DH,1.55,Vd/Vp,0.031051956845898773,0.0507154464721679,34238.69476744147,12657.324049376286,1.6332447814433377,0.051331290966734576,0.14412231445312496
DH,1.6,Vd/Vp,0.030891939630845317,0.0507154464721679,34238.69476744147,12592.098216606335,1.6417048290981702,0.05287988837865318,0.14665808677673337
DH,1.6500000000000001,Vd/Vp,0.03072976530365239,0.0507154464721679,34238.69476744147,12525.993106968404,1.6503688189945307,0.05442043100201562,0.14919385910034177
DH,1.7000000000000002,Vd/Vp,0.03056547294041744,0.0507154464721679,34238.69476744147,12459.024648567456,1.6592397104742873,0.05595281195811737,0.15172963142395018
DH,1.75,Vd/Vp,0.03039910167602913,0.0507154464721679,34238.69476744147,12391.20879347279,1.6683205646224406,0.05747692632352853,0.15426540374755857
DH,1.8,Vd/Vp,0.030230690783827837,0.0507154464721679,34238.69476744147,12322.561550189059,1.6776145419508097,0.05899267113502495,0.15680117607116698
DH,1.85,Vd/Vp,0.030060279865591313,0.0507154464721679,34238.69476744147,12253.099061097768,1.687124893678041,0.060499945401260434,0.15933694839477539
DH,1.9000000000000001,Vd/Vp,0.029887908595102236,0.0507154464721679,34238.69476744147,12182.837497930903,1.6968549776841426,0.061998650112777776,0.1618727207183838
DH,1.9500000000000002,Vd/Vp,0.029713616734595945,0.0507154464721679,34238.69476744147,12111.793068475301,1.7068082598345982,0.06348868824602023,0.1644084930419922
DH,2.0,Vd/Vp,0.029537444350942275,0.0507154464721679,34238.69476744147,12039.982104692192,1.7169883037138933,0.06496996477315868,0.16694426536560059
DH,2.0500000000000003,Vd/Vp,0.02935943162701427,0.0507154464721679,34238.69476744147,11967.420985827745,1.7273987833437308,0.0664423866726076,0.169480037689209
DH,2.1,Vd/Vp,0.02917961883032507,0.0507154464721679,34238.69476744147,11894.126125628929,1.7380434873762507,0.06790586293404108,0.17201581001281738
DH,2.15,Vd/Vp,0.028998046445444712,0.0507154464721679,34238.69476744147,11820.114026318919,1.7489263136253361,0.06936030456593532,0.17455158233642576
DH,2.2,Vd/Vp,0.02881475512831454,0.0507154464721679,34238.69476744147,11745.401259974857,1.7600512739507148,0.07080562460527931,0.17708735466003417
DH,2.25,Vd/Vp,0.028629785600291023,0.0507154464721679,34238.69476744147,11670.004425338231,1.7714225031308783,0.07224173812349445,0.17962312698364255
DH,2.3000000000000003,Vd/Vp,0.028443178800847086,0.0507154464721679,34238.69476744147,11593.940210058645,1.7830442520952512,0.07366856223352292,0.18215889930725096
DH,2.35,Vd/Vp,0.02825497581220004,0.0507154464721679,34238.69476744147,11517.22535997082,1.7949208949692248,0.07508601609884909,0.18469467163085934
DH,2.4000000000000004,Vd/Vp,0.02806521778313842,0.0507154464721679,34238.69476744147,11439.87664804508,1.8070569365985016,0.07649402093873256,0.18723044395446775
DH,2.45,Vd/Vp,0.02787394608512514,0.0507154464721679,34238.69476744147,11361.91093801775,1.8194570053800911,0.07789250003543914,0.18976621627807613
DH,2.5,Vd/Vp,0.027681202204458976,0.0507154464721679,34238.69476744147,11283.345140434267,1.8321258627993582,0.07928137874267874,0.19230198860168451
DH,2.5500000000000003,Vd/Vp,0.027487027697782534,0.0507154464721679,34238.69476744147,11204.196194513452,1.8450684093522152,0.08066058449023478,0.19483776092529292
DH,2.6,Vd/Vp,0.027291464339913352,0.0507154464721679,34238.69476744147,11124.48112840607,1.858289677699607,0.08203004679117717,0.1973735332489013
DH,2.6500000000000004,Vd/Vp,0.027094553997306797,0.0507154464721679,34238.69476744147,11044.217007616076,1.8717948439826328,0.08338969724960768,0.19990930557250972
DH,2.7,Vd/Vp,0.026896338611437486,0.0507154464721679,34238.69476744147,10963.420928226595,1.8855892322310925,0.08473946956482628,0.2024450778961181
DH,2.75,Vd/Vp,0.026696860329038164,0.0507154464721679,34238.69476744147,10882.11006998757,1.8996783085014954,0.08607929953833816,0.20498085021972648
DH,2.8000000000000003,Vd/Vp,0.026496161369331844,0.0507154464721679,34238.69476744147,10800.301642197257,1.9140676932496654,0.08740912508079741,0.2075166225433349
DH,2.85,Vd/Vp,0.026294284030319418,0.0507154464721679,34238.69476744147,10718.012886265164,1.9287631644082388,0.08872888621578869,0.21005239486694327
DH,2.9000000000000004,Vd/Vp,0.026091270794628627,0.0507154464721679,34238.69476744147,10635.261118857947,1.9437706530802101,0.0900385250864124,0.21258816719055168
DH,2.95,Vd/Vp,0.025887164201683646,0.0507154464721679,34238.69476744147,10552.063679793491,1.9590962562392011,0.0913379859613202,0.21512393951416006
DH,3.0,Vd/Vp,0.02568200687062459,0.0507154464721679,34238.69476744147,10468.437941383301,1.97474623878311,0.0926272152381279,0.21765971183776844
DH,3.0500000000000003,Vd/Vp,0.02547584157778375,0.0507154464721679,34238.69476744147,10384.401340013177,1.9907270312276706,0.09390616144933812,0.22019548416137685
DH,3.1,Vd/Vp,0.025268711143372553,0.0507154464721679,34238.69476744147,10299.97132995483,2.00704524201542,0.09517477526736702,0.22273125648498523
DH,3.1500000000000004,Vd/Vp,0.02506065846354405,0.0507154464721679,34238.69476744147,10215.16539643511,2.023707658996434,0.09643300950753994,0.22526702880859364
DH,3.2,Vd/Vp,0.02485172655859262,0.0507154464721679,34238.69476744147,10130.00107528306,2.040721249390729,0.09768081913309336,0.22780280113220203
DH,3.25,Vd/Vp,0.024641958481654947,0.0507154464721679,34238.69476744147,10044.495915714822,2.058093171040919,0.09891816125909954,0.2303385734558104
DH,3.3000000000000003,Vd/Vp,0.024431397351612573,0.0507154464721679,34238.69476744147,9958.667493745299,2.0758307739127524,0.10014499515493124,0.23287434577941882
DH,3.35,Vd/Vp,0.0242200863742685,0.0507154464721679,34238.69476744147,9872.533420820115,2.0939416023738113,0.10136128224807826,0.2354101181030272
DH,3.4000000000000004,Vd/Vp,0.024008068777876156,0.0507154464721679,34238.69476744147,9786.111317536077,2.112433404843585,0.10256698612688189,0.2379458904266356
DH,3.45,Vd/Vp,0.02379538783851439,0.0507154464721679,34238.69476744147,9699.418823984477,2.1313141360142756,0.10376207254229165,0.240481662750244
DH,3.5,Vd/Vp,0.023582086879409065,0.0507154464721679,34238.69476744147,9612.473599474562,2.1505919612420135,0.10494650941023974,0.24301743507385237
DH,3.5500000000000003,Vd/Vp,0.023368209234814894,0.0507154464721679,34238.69476744147,9525.29330781113,2.1702752642513143,0.10612026681309535,0.24555320739746078
DH,3.6,Vd/Vp,0.023153798260554904,0.0507154464721679,34238.69476744147,9437.895621590604,2.190372650804657,0.10728331700047959,0.24808897972106916
DH,3.6500000000000004,Vd/Vp,0.022938897318397287,0.0507154464721679,34238.69476744147,9350.298215832761,2.2108929548018623,0.1084356343899534,0.25062475204467755
DH,3.7,Vd/Vp,0.022723549768461544,0.0507154464721679,34238.69476744147,9262.518764885343,2.231845243763668,0.10957719556712488,0.25316052436828596
DH,3.75,Vd/Vp,0.02250779895527734,0.0507154464721679,34238.69476744147,9174.574936741397,2.253238825037434,0.11070797928521835,0.25569629669189436
DH,3.8000000000000003,Vd/Vp,0.022291688188582542,0.0507154464721679,34238.69476744147,9086.484385212227,2.2750832526961133,0.11182796646381485,0.2582320690155028
DH,3.85,Vd/Vp,0.0220752607651552,0.0507154464721679,34238.69476744147,8998.264758826483,2.2973883303892806,0.11293714018765828,0.2607678413391112
DH,3.9000000000000004,Vd/Vp,0.021858559911032027,0.0507154464721679,34238.69476744147,8909.933677277402,2.3201641223661666,0.11403548570456297,0.2633036136627196
DH,3.95,Vd/Vp,0.021641628783945068,0.0507154464721679,34238.69476744147,8821.508732416038,2.3434209586753174,0.1151229904219374,0.265839385986328
DH,4.0,Vd/Vp,0.021424510513944832,0.0507154464721679,34238.69476744147,8733.00750480996,2.3671694361072158,0.11619964390438464,0.2683751583099364
DH,4.05,Vd/Vp,0.02120724809051658,0.0507154464721679,34238.69476744147,8644.447517729874,2.3914204358672424,0.11726543786949617,0.2709109306335448
DH,4.1000000000000005,Vd/Vp,0.02098988440853166,0.0507154464721679,34238.69476744147,8555.846255880186,2.4161851244666135,0.11832036618197239,0.27344670295715323
DH,4.15,Vd/Vp,0.020772462313716513,0.0507154464721679,34238.69476744147,8467.221183932974,2.441474954015412,0.11936442485002859,0.27598247528076164
DH,4.2,Vd/Vp,0.02055502443117296,0.0507154464721679,34238.69476744147,8378.589676629836,2.4673016878177387,0.12039761201865082,0.27851824760437005
DH,4.25,Vd/Vp,0.020337613271416213,0.0507154464721679,34238.69476744147,8289.969062004857,2.4936773944584067,0.12141992796121555,0.28105401992797846
DH,4.3,Vd/Vp,0.02012027126478819,0.0507154464721679,34238.69476744147,8201.376635412074,2.520614449215866,0.12243137507462065,0.28358979225158687
DH,4.3500000000000005,Vd/Vp,0.019903040535583588,0.0507154464721679,34238.69476744147,8112.829567455289,2.548125568125958,0.12343195786962996,0.2861255645751953
DH,4.4,Vd/Vp,0.019685963078406928,0.0507154464721679,34238.69476744147,8024.344975874308,2.576223793073984,0.12442168295997973,0.2886613368988037
DH,4.45,Vd/Vp,0.01946908076502065,0.0507154464721679,34238.69476744147,7935.939928336344,2.6049224965611315,0.12540055905606542,0.2911971092224121
DH,4.5,Vd/Vp,0.01925243507534793,0.0507154464721679,34238.69476744147,7847.631332788028,2.634235423918258,0.12636859695207464,0.2937328815460205
DH,4.55,Vd/Vp,0.019036067347326775,0.0507154464721679,34238.69476744147,7759.43603930034,2.6641766677343597,0.1273258095126415,0.2962686538696289
DH,4.6000000000000005,Vd/Vp,0.018820018740707375,0.0507154464721679,34238.69476744147,7671.3708253117675,2.694760678557204,0.12827221166484237,0.2988044261932373
DH,4.65,Vd/Vp,0.018604329942027275,0.0507154464721679,34238.69476744147,7583.452275371001,2.726002313988286,0.12920782038191073,0.30134019851684574
DH,4.7,Vd/Vp,0.018389041492674996,0.0507154464721679,34238.69476744147,7495.696914861428,2.75791680019699,0.1301326546677783,0.30387597084045415
DH,4.75,Vd/Vp,0.01817419364745708,0.0507154464721679,34238.69476744147,7408.1211523505835,2.790519758727451,0.1310467355462816,0.30641174316406256
DH,4.800000000000001,Vd/Vp,0.01795982618343288,0.0507154464721679,34238.69476744147,7320.741201667842,2.82382724388227,0.13195008604205385,0.30894751548767097
DH,4.8500000000000005,Vd/Vp,0.017745978684244317,0.0507154464721679,34238.69476744147,7233.57319780222,2.8578557077381914,0.1328427311637458,0.3114832878112794
DH,4.9,Vd/Vp,0.01753269031313701,0.0507154464721679,34238.69476744147,7146.633104381815,2.8926220429598017,0.13372469788868033,0.3140190601348878
DH,4.95,Vd/Vp,0.017319999784661415,0.0507154464721679,34238.69476744147,7059.936702138675,2.9281435971541687,0.1345960151411253,0.3165548324584962
DH,5.0,Vd/Vp,0.017107945606737892,0.0507154464721679,34238.69476744147,6973.499687578782,2.9644381410818745,0.13545671377591026,0.3190906047821046
DH,5.050000000000001,Vd/Vp,0.016896565629297887,0.0507154464721679,34238.69476744147,6887.337489000261,3.0015239537335083,0.13630682655681117,0.321626377105713
DH,5.1000000000000005,Vd/Vp,0.01668589741285082,0.0507154464721679,34238.69476744147,6801.465416727726,3.0394197697217566,0.1371463881328649,0.3241621494293214
DH,5.15,Vd/Vp,0.016475978116790805,0.0507154464721679,34238.69476744147,6715.898617584131,3.0781448064976105,0.13797543502110593,0.32669792175292983
DH,5.2,Vd/Vp,0.016266844222321445,0.0507154464721679,34238.69476744147,6630.651961950048,3.1177188260385447,0.13879400557958374,0.32923369407653824
DH,5.25,Vd/Vp,0.016058531954337405,0.0507154464721679,34238.69476744147,6545.74021573001,3.1581620671414905,0.1396021399840002,0.33176946640014665
DH,5.300000000000001,Vd/Vp,0.015851076905967352,0.0507154464721679,34238.69476744147,6461.177887309616,3.199495325965858,0.14039988020550784,0.33430523872375506
DH,5.3500000000000005,Vd/Vp,0.015644514099555862,0.0507154464721679,34238.69476744147,6376.979252412823,3.2417399574977965,0.1411872699806459,0.33684101104736347
DH,5.4,Vd/Vp,0.015438878255393597,0.0507154464721679,34238.69476744147,6293.158463641097,3.284917831025086,0.14196435478951963,0.3393767833709719
DH,5.45,Vd/Vp,0.015234203215252965,0.0507154464721679,34238.69476744147,6209.729315496405,3.329051461082651,0.1427311818262858,0.3419125556945803
DH,5.5,Vd/Vp,0.015030522458540606,0.0507154464721679,34238.69476744147,6126.705454774049,3.3741639129350753,0.14348779996813063,0.3444483280181887
DH,5.550000000000001,Vd/Vp,0.014827868915098692,0.0507154464721679,34238.69476744147,6044.100304257185,3.4202788521097705,0.14423425975247162,0.3469841003417971
DH,5.6000000000000005,Vd/Vp,0.014626274661957114,0.0507154464721679,34238.69476744147,5961.926939107672,3.4674206278977233,0.144970613341898,0.3495198726654055
DH,5.65,Vd/Vp,0.014425771466621816,0.0507154464721679,34238.69476744147,5880.198308319966,3.5156141624392645,0.1456969144951125,0.3520556449890139
DH,5.7,Vd/Vp,0.014226390254604902,0.0507154464721679,34238.69476744147,5798.927017677012,3.5648850878213434,0.14641321853814315,0.35459141731262234
DH,5.75,Vd/Vp,0.01402816129364425,0.0507154464721679,34238.69476744147,5718.12540484141,3.6152597201135395,0.14711958232684938,0.35712718963623075
DH,5.800000000000001,Vd/Vp,0.013831114451459006,0.0507154464721679,34238.69476744147,5637.805644421082,3.6667650065478323,0.14781606422047697,0.35966296195983916
DH,5.8500000000000005,Vd/Vp,0.013635278531616994,0.0507154464721679,34238.69476744147,5557.979477257148,3.719428712407359,0.14850272404505385,0.36219873428344757
DH,5.9,Vd/Vp,0.013440681919960088,0.0507154464721679,34238.69476744147,5478.658473918274,3.77327927066356,0.14917962305634327,0.364734506607056
DH,5.95,Vd/Vp,0.013247352316412787,0.0507154464721679,34238.69476744147,5399.85392538114,3.828345865711903,0.1498468239122526,0.3672702789306644
DH,6.0,Vd/Vp,0.013055316438727739,0.0507154464721679,34238.69476744147,5321.5767222718905,3.884658538166402,0.1505043906311311,0.3698060512542728
DH,6.050000000000001,Vd/Vp,0.01286460065385949,0.0507154464721679,34238.69476744147,5243.837612225195,3.9422480212747866,0.1511523885584458,0.3723418235778812
DH,6.1000000000000005,Vd/Vp,0.012675230306712762,0.0507154464721679,34238.69476744147,5166.646926270227,4.001145955139699,0.1517908843324601,0.3748775959014896
DH,6.15,Vd/Vp,0.012487230065687248,0.0507154464721679,34238.69476744147,5090.014719680803,4.0613848071499214,0.1524199458417701,0.377413368225098
DH,6.2,Vd/Vp,0.012300623997392623,0.0507154464721679,34238.69476744147,5013.950802430542,4.122997864410627,0.1530396421933471,0.37994914054870643
DH,6.25,Vd/Vp,0.012115435158040675,0.0507154464721679,34238.69476744147,4938.464572637102,4.1860193885408625,0.15365004367223292,0.38248491287231484
DH,6.300000000000001,Vd/Vp,0.011931686098496336,0.0507154464721679,34238.69476744147,4863.56522242987,4.250484470804105,0.15425122170364636,0.38502068519592325
DH,6.3500000000000005,Vd/Vp,0.011749398334697266,0.0507154464721679,34238.69476744147,4789.261522083663,4.316429235563459,0.1548432488144762,0.38755645751953166
DH,6.4,Vd/Vp,0.011568592840188277,0.0507154464721679,34238.69476744147,4715.562020784432,4.383890692045698,0.15542619859384835,0.39009222984314007
DH,6.45,Vd/Vp,0.011389289602702237,0.0507154464721679,34238.69476744147,4642.474865883828,4.452906918806867,0.1560001456549206,0.3926280021667485
DH,6.5,Vd/Vp,0.011211507952424638,0.0507154464721679,34238.69476744147,4570.007936705621,4.523516969115649,0.15656516559379877,0.3951637744903569
DH,6.550000000000001,Vd/Vp,0.011035266353292111,0.0507154464721679,34238.69476744147,4498.168759475305,4.595760976538473,0.1571213349514417,0.3976995468139653
DH,6.6000000000000005,Vd/Vp,0.010860582487302307,0.0507154464721679,34238.69476744147,4426.96454168628,4.669680151268319,0.15766873117245656,0.4002353191375737
DH,6.65,Vd/Vp,0.010687473261337493,0.0507154464721679,34238.69476744147,4356.40217488128,4.745316805201632,0.15820743256617256,0.4027710914611821
DH,6.7,Vd/Vp,0.010515954696757125,0.0507154464721679,34238.69476744147,4286.488189648355,4.822714431035668,0.15873751826512492,0.4053068637847905
DH,6.75,Vd/Vp,0.01034604214289959,0.0507154464721679,34238.69476744147,4217.228842647943,4.901917638811623,0.15925906818611632,0.40784263610839894
DH,6.800000000000001,Vd/Vp,0.010177749957586012,0.0507154464721679,34238.69476744147,4148.629986380597,4.982972335095245,0.15977216298862848,0.41037840843200735
DH,6.8500000000000005,Vd/Vp,0.010011091919185658,0.0507154464721679,34238.69476744147,4080.6972371520956,5.065925563521676,0.16027688403554777,0.41291418075561576
DH,6.9,Vd/Vp,0.009846080743812187,0.0507154464721679,34238.69476744147,4013.43577827414,5.150825774411838,0.16077331335212272,0.41544995307922417
DH,6.95,Vd/Vp,0.009682728612662282,0.0507154464721679,34238.69476744147,3946.8505750168565,5.237722598756551,0.1612615335860346,0.4179857254028326
DH,7.0,Vd/Vp,0.00952104664601032,0.0507154464721679,34238.69476744147,3880.9461601997714,5.32666715727305,0.1617416279675014,0.420521497726441
DH,7.050000000000001,Vd/Vp,0.009361045389779625,0.0507154464721679,34238.69476744147,3815.7268325268146,5.417711843117323,0.16221368026839617,0.4230572700500494
DH,7.1000000000000005,Vd/Vp,0.009202734424185082,0.0507154464721679,34238.69476744147,3751.196497062161,5.510910576631015,0.1626777747637453,0.4255930423736578
DH,7.15,Vd/Vp,0.009046122649345744,0.0507154464721679,34238.69476744147,3687.3587816509576,5.606318689017097,0.16313399619058355,0.4281288146972662
DH,7.2,Vd/Vp,0.008891218131378918,0.0507154464721679,34238.69476744147,3624.2169741845623,5.703993055032895,0.16358242971010167,0.4306645870208746
DH,7.25,Vd/Vp,0.00873802815523669,0.0507154464721679,34238.69476744147,3561.7740441376436,5.803992110253638,0.16402316086726706,0.43320035934448303
DH,7.300000000000001,Vd/Vp,0.00858655928319189,0.0507154464721679,34238.69476744147,3500.0326664080867,5.906375860170547,0.16445627555322778,0.43573613166809144
DH,7.3500000000000005,Vd/Vp,0.008436817211801855,0.0507154464721679,34238.69476744147,3438.995163012907,6.0112060269866365,0.16488185996560262,0.43827190399169985
DH,7.4,Vd/Vp,0.008288807028369118,0.0507154464721679,34238.69476744147,3378.663607626142,6.118545925679069,0.1653000005716069,0.44080767631530826
DH,7.45,Vd/Vp,0.008142532880026877,0.0507154464721679,34238.69476744147,3319.0396906922624,6.228460752865943,0.1657107840693168,0.44334344863891667
DH,7.5,Vd/Vp,0.007997998395440723,0.0507154464721679,34238.69476744147,3260.124891319219,6.3410173351720545,0.16611429735120348,0.4458792209625251
DH,7.550000000000001,Vd/Vp,0.007855206232251848,0.0507154464721679,34238.69476744147,3201.920292808329,6.456284529353385,0.1665106274668958,0.4484149932861335
DH,7.6000000000000005,Vd/Vp,0.007714158565956412,0.0507154464721679,34238.69476744147,3144.4267819301117,6.5743329020979395,0.166899861586851,0.4509507656097419
DH,7.65,Vd/Vp,0.007574856643011832,0.0507154464721679,34238.69476744147,3087.644866762544,6.695235152595967,0.1672820869670752,0.4534865379333503
DH,7.7,Vd/Vp,0.0074373011825239945,0.0507154464721679,34238.69476744147,3031.57484042584,6.81906584492476,0.1676573909127136,0.4560223102569587
DH,7.75,Vd/Vp,0.007301492096645933,0.0507154464721679,34238.69476744147,2976.216667112031,6.945901714454354,0.16802586074469283,0.45855808258056713
DH,7.800000000000001,Vd/Vp,0.007167428688937138,0.0507154464721679,34238.69476744147,2921.5700629397084,7.0758215635192485,0.1683875837643324,0.46109385490417554
DH,7.8500000000000005,Vd/Vp,0.007035109575342835,0.0507154464721679,34238.69476744147,2867.634463743791,7.20890640423272,0.1687426472209394,0.46362962722778395
DH,7.9,Vd/Vp,0.006904532699536962,0.0507154464721679,34238.69476744147,2814.4090313295887,7.345239522954106,0.1690911382778114,0.46616539955139236
DH,7.95,Vd/Vp,0.006775695426692727,0.0507154464721679,34238.69476744147,2761.892691695336,7.484906460283816,0.16943314398096712,0.46870117187500077
DH,8.0,Vd/Vp,0.006648594394846676,0.0507154464721679,34238.69476744147,2710.0840744455654,7.627995251368835,0.16976875122650562,0.4712369441986092
DH,8.05,Vd/Vp,0.006523225766615654,0.0507154464721679,34238.69476744147,2658.981615395375,7.774596233004491,0.17009804673054219,0.4737727165222176
DH,8.1,Vd/Vp,0.006399584940447969,0.0507154464721679,34238.69476744147,2608.5834388713183,7.924802458926005,0.17042111699821877,0.47630848884582594
DH,8.15,Vd/Vp,0.0062776669140143515,0.0507154464721679,34238.69476744147,2558.8875058359567,8.078709362382707,0.17073804829458034,0.47884426116943435
DH,8.200000000000001,Vd/Vp,0.006157465926030546,0.0507154464721679,34238.69476744147,2509.8914678884425,8.236415285348071,0.17104892661558146,0.48138003349304276
DH,8.25,Vd/Vp,0.006038975838808032,0.0507154464721679,34238.69476744147,2461.592823198928,8.398021092625877,0.1713538376597024,0.4839158058166511
DH,8.3,Vd/Vp,0.005922189821540712,0.0507154464721679,34238.69476744147,2413.9887874106403,8.563630683991452,0.17165286680121114,0.4864515781402595
DH,8.35,Vd/Vp,0.0058071006255083005,0.0507154464721679,34238.69476744147,2367.0764058176323,8.73335072745166,0.17194609906238736,0.4889873504638679
DH,8.4,Vd/Vp,0.005693700430572896,0.0507154464721679,34238.69476744147,2320.8524907940796,8.907290977208111,0.1722336190887894,0.4915231227874763
DH,8.450000000000001,Vd/Vp,0.005581980949311287,0.0507154464721679,34238.69476744147,2275.3136642404424,9.085564234758854,0.1725155111232865,0.4940588951110847
DH,8.5,Vd/Vp,0.005471933413296278,0.0507154464721679,34238.69476744147,2230.456351991493,9.26828647968087,0.1727918589823517,0.49659466743469305
DH,8.55,Vd/Vp,0.005363548561744944,0.0507154464721679,34238.69476744147,2186.2767791891442,9.455577009946648,0.17306274603172772,0.49913043975830146
DH,8.6,Vd/Vp,0.005256816741421351,0.0507154464721679,34238.69476744147,2142.7710110045555,9.647558392620576,0.17332825516430686,0.5016662120819098
DH,8.65,Vd/Vp,0.005151727770854145,0.0507154464721679,34238.69476744147,2099.934897290834,9.844356830943221,0.17358846877711376,0.5042019844055182
DH,8.700000000000001,Vd/Vp,0.00504827121009681,0.0507154464721679,34238.69476744147,2057.764182542062,10.046101796340562,0.17384346875163753,0.5067377567291267
DH,8.75,Vd/Vp,0.004946436008506139,0.0507154464721679,34238.69476744147,2016.254362321604,10.252926831552067,0.1740933364321026,0.509273529052735
DH,8.8,Vd/Vp,0.004846210889453078,0.0507154464721679,34238.69476744147,1975.4008400770163,10.464968947707396,0.17433815260455157,0.5118093013763435
DH,8.85,Vd/Vp,0.004747584171026921,0.0507154464721679,34238.69476744147,1935.1988540559214,10.682369105042733,0.17457799748106356,0.5143450736999519
DH,8.9,Vd/Vp,0.004650543732758174,0.0507154464721679,34238.69476744147,1895.643463741663,10.905272455547744,0.17481295067865818,0.5168808460235603
DH,8.950000000000001,Vd/Vp,0.004555077264817649,0.0507154464721679,34238.69476744147,1856.7296514312416,11.133827929524301,0.17504309120359757,0.5194166183471688
DH,9.0,Vd/Vp,0.004461171972696928,0.0507154464721679,34238.69476744147,1818.452201857873,11.368189072861208,0.17526849743453543,0.5219523906707771
DH,9.05,Vd/Vp,0.004368814848770941,0.0507154464721679,34238.69476744147,1780.8058128846765,11.608513573523366,0.17548924710507213,0.5244881629943856
DH,9.1,Vd/Vp,0.004277992592993446,0.0507154464721679,34238.69476744147,1743.7850631787549,11.854963600271386,0.17570541729111624,0.527023935317994
DH,9.15,Vd/Vp,0.00418869153331764,0.0507154464721679,34238.69476744147,1707.3843797732368,12.107706205808594,0.17591708439427403,0.5295597076416024
DH,9.200000000000001,Vd/Vp,0.004100897884504487,0.0507154464721679,34238.69476744147,1671.5981435621047,12.366912783612475,0.1761243241297196,0.5320954799652109
DH,9.25,Vd/Vp,0.004014597473669354,0.0507154464721679,34238.69476744147,1636.4205774281734,12.632760022591713,0.17632721151367395,0.5346312522888192
DH,9.3,Vd/Vp,0.003929775907417755,0.0507154464721679,34238.69476744147,1601.8458143705618,12.905429639496386,0.17652582084820112,0.5371670246124277
DH,9.35,Vd/Vp,0.0038464186836407667,0.0507154464721679,34238.69476744147,1567.8679430744712,13.185108185925303,0.17672022571297757,0.5397027969360361
DH,9.4,Vd/Vp,0.0037645109756316965,0.0507154464721679,34238.69476744147,1534.4809199133392,13.471987942247317,0.1769104989544594,0.5422385692596445
DH,9.450000000000001,Vd/Vp,0.003684037766976074,0.0507154464721679,34238.69476744147,1501.6786239323753,13.766266710614119,0.1770967126730246,0.544774341583253
DH,9.5,Vd/Vp,0.003604983954022202,0.0507154464721679,34238.69476744147,1469.4548986173604,14.068147630888333,0.17727893821604956,0.5473101139068614
DH,9.55,Vd/Vp,0.0035273341844035593,0.0507154464721679,34238.69476744147,1437.803486073536,14.377839983637227,0.17745724616951022,0.5498458862304698
DH,9.600000000000001,Vd/Vp,0.003451072943183417,0.0507154464721679,34238.69476744147,1406.7180621396662,14.695559122371318,0.1776317063476999,0.5523816585540783
DH,9.65,Vd/Vp,0.0033761846474080585,0.0507154464721679,34238.69476744147,1376.192274929594,15.021526299251084,0.17780238778746468,0.5549174308776866
DH,9.700000000000001,Vd/Vp,0.0033026535334040675,0.0507154464721679,34238.69476744147,1346.2196988926328,15.355969361973958,0.177969358741985,0.5574532032012951
DH,9.75,Vd/Vp,0.0032304637041890923,0.0507154464721679,34238.69476744147,1316.7938541390274,15.699122824504366,0.1781326866729248,0.5599889755249035
DH,9.8,Vd/Vp,0.003159599211280373,0.0507154464721679,34238.69476744147,1287.9082397865504,16.051227728853732,0.17829243824581156,0.5625247478485119
DH,9.850000000000001,Vd/Vp,0.003090044006546264,0.0507154464721679,34238.69476744147,1259.5563143343352,16.41253210786873,0.17844867932625724,0.5650605201721204
DH,9.9,Vd/Vp,0.003021781899436717,0.0507154464721679,34238.69476744147,1231.7314782292672,16.783291501488456,0.17860147497390683,0.5675962924957287
DH,9.950000000000001,Vd/Vp,0.0029547966887253497,0.0507154464721679,34238.69476744147,1204.4271275663716,17.16376854816556,0.1787508894386109,0.5701320648193372
DH,10.0,Vd/Vp,0.002889072124599578,0.0507154464721679,34238.69476744147,1177.6366386360812,17.55423343029105,0.178896986158944,0.5726678371429456
DH,10.05,Vd/Vp,0.0028245918693829454,0.0507154464721679,34238.69476744147,1151.3533519139692,17.954964404555582,0.17903982775879357,0.575203609466554
DH,10.100000000000001,Vd/Vp,0.0027613395570412614,0.0507154464721679,34238.69476744147,1125.5705963164971,18.366247766540102,0.17917947604445417,0.5777393817901625
DH,10.15,Vd/Vp,0.002699298814885693,0.0507154464721679,34238.69476744147,1100.281698047577,18.788378001164553,0.17931599200375234,0.5802751541137708
DH,10.200000000000001,Vd/Vp,0.002638453237362063,0.0507154464721679,34238.69476744147,1075.4799699146286,19.221658263260874,0.17944943580505854,0.5828109264373793
DH,10.25,Vd/Vp,0.0025787864174827233,0.0507154464721679,34238.69476744147,1051.158724140763,19.66640049301705,0.17957986679642965,0.5853466987609877
DH,10.3,Vd/Vp,0.002520281949664721,0.0507154464721679,34238.69476744147,1027.3112735216707,20.122925722225123,0.17970734350560832,0.5878824710845961
DH,10.350000000000001,Vd/Vp,0.0024629234339664445,0.0507154464721679,34238.69476744147,1003.9309331525512,20.591564387567097,0.1798319236401991,0.5904182434082046
DH,10.4,Vd/Vp,0.002406694495985127,0.0507154464721679,34238.69476744147,981.0110285386874,21.072656524029924,0.17995366408844787,0.592954015731813
DH,10.450000000000001,Vd/Vp,0.0023515787948321033,0.0507154464721679,34238.69476744147,958.5448988462991,21.566552047340114,0.1800726209207183,0.5954897880554214
DH,10.5,Vd/Vp,0.0022975600039830493,0.0507154464721679,34238.69476744147,936.525889096765,22.073611302532957,0.18018884939068866,0.5980255603790298
DH,10.55,Vd/Vp,0.0022446218694452706,0.0507154464721679,34238.69476744147,914.9473738766318,22.59420491376642,0.18030240393752436,0.6005613327026382
DH,10.600000000000001,Vd/Vp,0.0021927481775096203,0.0507154464721679,34238.69476744147,893.8027441927296,23.128714456288904,0.18041333818869823,0.6030971050262467
DH,10.65,Vd/Vp,0.002141922751636872,0.0507154464721679,34238.69476744147,873.0854062030018,23.67753292382314,0.18052170496192688,0.605632877349855
DH,10.700000000000001,Vd/Vp,0.002092129524998274,0.0507154464721679,34238.69476744147,852.7888107853119,24.2410643634551,0.18062755626884275,0.6081686496734635
DH,10.75,Vd/Vp,0.0020433524719706314,0.0507154464721679,34238.69476744147,832.9064256136339,24.819725019471246,0.18073094331876696,0.6107044219970719
DH,10.8,Vd/Vp,0.0019955756380161983,0.0507154464721679,34238.69476744147,813.4317473376213,25.413943478776943,0.18083191652151664,0.6132401943206803
DH,10.850000000000001,Vd/Vp,0.0019487831962404782,0.0507154464721679,34238.69476744147,794.3583246365627,26.02416039403783,0.18093052549237307,0.6157759666442888
DH,10.9,Vd/Vp,0.0019029593685456364,0.0507154464721679,34238.69476744147,775.679726080124,26.650829918101667,0.1810268190564927,0.6183117389678972
DH,10.950000000000001,Vd/Vp,0.001858088483794451,0.0507154464721679,34238.69476744147,757.3895638370002,27.294419460907783,0.1811208452528012,0.6208475112915056
DH,11.0,Vd/Vp,0.0018141550048785848,0.0507154464721679,34238.69476744147,739.4815047084173,27.95540972837771,0.18121265134001802,0.623383283615114
DH,11.05,Vd/Vp,0.001771143441131795,0.0507154464721679,34238.69476744147,721.9492344262168,28.634296519631267,0.18130228380116828,0.6259190559387224
DH,11.100000000000001,Vd/Vp,0.0017290384711501293,0.0507154464721679,34238.69476744147,704.7865077165283,29.331589388194917,0.18138978834897532,0.6284548282623309
DH,11.15,Vd/Vp,0.0016878248794184288,0.0507154464721679,34238.69476744147,687.9871224676167,30.047813070300776,0.18147520993273952,0.6309906005859393
DH,11.200000000000001,Vd/Vp,0.0016474875198530844,0.0507154464721679,34238.69476744147,671.544904869269,30.78350874347775,0.18155859274272132,0.6335263729095477
DH,11.25,Vd/Vp,0.0016080114535417024,0.0507154464721679,34238.69476744147,655.4537655579047,31.539232112100525,0.18163998021705619,0.6360621452331561
DH,11.3,Vd/Vp,0.001569381822623124,0.0507154464721679,34238.69476744147,639.7076482078534,32.31555618976151,0.1817194150489603,0.6385979175567645
DH,11.350000000000001,Vd/Vp,0.0015315838774530174,0.0507154464721679,34238.69476744147,624.3005406045274,33.11307151946932,0.1817969391914622,0.641133689880373
DH,11.4,Vd/Vp,0.0014946030823173907,0.0507154464721679,34238.69476744147,609.2265177351105,33.93238450541217,0.18187259386545646,0.6436694622039814
DH,11.450000000000001,Vd/Vp,0.0014584249742130594,0.0507154464721679,34238.69476744147,594.4796842249909,34.774120965346924,0.18194641956686972,0.6462052345275898
DH,11.5,Vd/Vp,0.0014230352391082439,0.0507154464721679,34238.69476744147,580.054205422923,35.63892522011551,0.18201845607220274,0.6487410068511982
DH,11.55,Vd/Vp,0.0013884197644078503,0.0507154464721679,34238.69476744147,565.9443287867994,36.52745932624895,0.18208874244729065,0.6512767791748066
DH,11.600000000000001,Vd/Vp,0.001354564507248988,0.0507154464721679,34238.69476744147,552.1443301985853,37.44040700960555,0.18215731705408206,0.6538125514984151
DH,11.65,Vd/Vp,0.001321455626171442,0.0507154464721679,34238.69476744147,538.6485676355212,38.37847103432607,0.18222421755741758,0.6563483238220235
DH,11.700000000000001,Vd/Vp,0.0012890794456399137,0.0507154464721679,34238.69476744147,525.4514667087632,39.34237462532201,0.18228948093421285,0.6588840961456319
DH,11.75,Vd/Vp,0.0012574223670961907,0.0507154464721679,34238.69476744147,512.5474844066822,40.332864914186985,0.18235314347953124,0.6614198684692403
DH,11.8,Vd/Vp,0.0012264710449136395,0.0507154464721679,34238.69476744147,499.931180817012,41.35070834529075,0.1824152408148315,0.6639556407928487
DH,11.850000000000001,Vd/Vp,0.0011962122490649933,0.0507154464721679,34238.69476744147,487.59716314782213,42.39669549597832,0.18247580789718096,0.6664914131164572
DH,11.9,Vd/Vp,0.00116663286298889,0.0507154464721679,34238.69476744147,475.5400848578818,43.47164226304747,0.1825348790249823,0.6690271854400656
DH,11.950000000000001,Vd/Vp,0.0011377200316684774,0.0507154464721679,34238.69476744147,463.7547060161051,44.57638527977152,0.18259248784734874,0.671562957763674
DH,12.0,Vd/Vp,0.0011094609887148657,0.0507154464721679,34238.69476744147,452.2358228177231,45.71178886687461,0.18264866737285831,0.6740987300872824
DH,12.05,Vd/Vp,0.0010818431237066212,0.0507154464721679,34238.69476744147,440.97829503304666,46.87874365592504,0.18270344997566884,0.6766345024108908
DH,12.100000000000001,Vd/Vp,0.0010548540659130671,0.0507154464721679,34238.69476744147,429.977080134557,48.07816371098623,0.18275686740540933,0.6791702747344993
DH,12.15,Vd/Vp,0.0010284815325201243,0.0507154464721679,34238.69476744147,419.22717143108787,49.31099379869084,0.18280895079537016,0.6817060470581077
DH,12.200000000000001,Vd/Vp,0.001002713428890294,0.0507154464721679,34238.69476744147,408.7236389355586,50.57820610649927,0.18285973066940542,0.6842418193817161
DH,12.25,Vd/Vp,0.0009775378687479107,0.0507154464721679,34238.69476744147,398.46163759283826,51.88079980689371,0.18290923695184638,0.6867775917053245
DH,12.3,Vd/Vp,0.0009529430562159555,0.0507154464721679,34238.69476744147,388.43635919587524,53.219807984701646,0.1829574989749705,0.689313364028933
DH,12.350000000000001,Vd/Vp,0.0009289174327968895,0.0507154464721679,34238.69476744147,378.6430922976711,54.59629099592642,0.1830045454871958,0.6918491363525414
DH,12.4,Vd/Vp,0.0009054495647507661,0.0507154464721679,34238.69476744147,369.07717630461775,56.011343366350644,0.18305040466213449,0.6943849086761498
DH,12.450000000000001,Vd/Vp,0.000882528200167683,0.0507154464721679,34238.69476744147,359.7340247402326,57.466091692630116,0.18309510410625746,0.6969206809997582
DH,12.5,Vd/Vp,0.0008601422593501161,0.0507154464721679,34238.69476744147,350.60912132482906,58.96169606930621,0.1831386708677454,0.6994564533233666
DH,12.55,Vd/Vp,0.0008382808048913219,0.0507154464721679,34238.69476744147,341.6980077789468,60.49935317168911,0.18318113144435144,0.701992225646975
DH,12.600000000000001,Vd/Vp,0.0008169331083662914,0.0507154464721679,34238.69476744147,332.99631100775787,62.080292685883435,0.18322251179218288,0.7045279979705835
DH,12.65,Vd/Vp,0.0007960885500636141,0.0507154464721679,34238.69476744147,324.49970223001026,63.70578557889736,0.18326283733364362,0.7070637702941919
DH,12.700000000000001,Vd/Vp,0.0007757367385121911,0.0507154464721679,34238.69476744147,316.20394569921945,65.37713628135826,0.183302132965858,0.7095995426178003
DH,12.75,Vd/Vp,0.0007558673900821926,0.0507154464721679,34238.69476744147,308.1048496268998,67.095693156776,0.18334042306907286,0.7121353149414087
DH,12.8,Vd/Vp,0.0007364704270527976,0.0507154464721679,34238.69476744147,300.19830615670134,68.86284175064657,0.18337773151450124,0.7146710872650172
DH,12.850000000000001,Vd/Vp,0.000717535912419939,0.0507154464721679,34238.69476744147,292.4802647908993,70.68001140336877,0.18341408167298806,0.7172068595886256
DH,12.9,Vd/Vp,0.0006990540723881741,0.0507154464721679,34238.69476744147,284.946741558476,72.54867466676653,0.18344949642260827,0.719742631912234
DH,12.950000000000001,Vd/Vp,0.0006810153140120186,0.0507154464721679,34238.69476744147,277.59382620603964,74.47034659674756,0.18348399815726826,0.7222784042358424
DH,13.0,Vd/Vp,0.0006634101670134876,0.0507154464721679,34238.69476744147,270.41765848162964,76.44659215953321,0.1835176087942939,0.7248141765594508
DH,13.05,Vd/Vp,0.0006462293727581591,0.0507154464721679,34238.69476744147,263.4144644029261,78.4790178380631,0.1835503497827882,0.7273499488830593
DH,13.100000000000001,Vd/Vp,0.0006294637709384783,0.0507154464721679,34238.69476744147,256.5805100673706,80.56928581696667,0.1835822421113806,0.7298857212066677
DH,13.15,Vd/Vp,0.0006131044150371715,0.0507154464721679,34238.69476744147,249.91214871708533,82.71910171955476,0.18361330631602998,0.7324214935302761
DH,13.200000000000001,Vd/Vp,0.0005971424739525258,0.0507154464721679,34238.69476744147,243.4057806396063,84.9302280182466,0.18364356248825472,0.7349572658538845
DH,13.25,Vd/Vp,0.0005815692899369382,0.0507154464721679,34238.69476744147,237.05787678465506,87.20447821044192,0.18367303028235196,0.7374930381774929
DH,13.3,Vd/Vp,0.000566376356909603,0.0507154464721679,34238.69476744147,230.86496992400896,89.54372097891506,0.18370172892352313,0.7400288105011014
DH,13.350000000000001,Vd/Vp,0.0005515553058249169,0.0507154464721679,34238.69476744147,224.82364868740524,91.94988414863833,0.18372967721509148,0.7425645828247098
DH,13.4,Vd/Vp,0.0005370979497191893,0.0507154464721679,34238.69476744147,218.93057592437285,94.424948929117,0.1837568935464801,0.7451003551483182
DH,13.450000000000001,Vd/Vp,0.0005229962040544351,0.0507154464721679,34238.69476744147,213.18245623496088,96.9709647584541,0.18378339590032444,0.7476361274719266
DH,13.5,Vd/Vp,0.0005092421864389185,0.0507154464721679,34238.69476744147,207.5760766175869,99.59003362784244,0.18380920186008678,0.750171899795535
DH,13.55,Vd/Vp,0.0004958281063498663,0.0507154464721679,34238.69476744147,202.10826151807427,102.28433165178832,0.1838343286174065,0.7527076721191435
DH,13.600000000000001,Vd/Vp,0.00048274636184115214,0.0507154464721679,34238.69476744147,196.7759122494061,105.05609255913116,0.18385879297911129,0.7552434444427519
DH,13.65,Vd/Vp,0.0004699894662123028,0.0507154464721679,34238.69476744147,191.57597710072176,107.9076237195044,0.18388261137481263,0.7577792167663603
DH,13.700000000000001,Vd/Vp,0.00045755008128411527,0.0507154464721679,34238.69476744147,186.505464901044,110.84130141521315,0.18390579986350003,0.7603149890899688
DH,13.75,Vd/Vp,0.0004454210183306969,0.0507154464721679,34238.69476744147,181.5614453991949,113.85957192194036,0.1839283741409904,0.7628507614135771
DH,13.8,Vd/Vp,0.00043359520039902636,0.0507154464721679,34238.69476744147,176.7410339045857,116.96496277056525,0.18395034954645864,0.7653865337371856
DH,13.850000000000001,Vd/Vp,0.00042206572631438885,0.0507154464721679,34238.69476744147,172.0414173769588,120.16006823162635,0.18397174106962647,0.767922306060794
DH,13.9,Vd/Vp,0.00041082578031522403,0.0507154464721679,34238.69476744147,167.45981759196135,123.44757535238966,0.1839925633572922,0.7704580783844024
DH,13.950000000000001,Vd/Vp,0.0003998687290418682,0.0507154464721679,34238.69476744147,162.99353067546343,126.8302389979031,0.1840128307200261,0.7729938507080109
DH,14.0,Vd/Vp,0.00038918802977907303,0.0507154464721679,34238.69476744147,158.63988970159392,130.31091038683047,0.18403255713899663,0.7755296230316192
DH,14.05,Vd/Vp,0.0003787772938334277,0.0507154464721679,34238.69476744147,154.3962905264931,133.89252021656475,0.18405175627208695,0.7780653953552277
DH,14.100000000000001,Vd/Vp,0.0003686302499287444,0.0507154464721679,34238.69476744147,150.26017686762756,137.5780920908447,0.184070441460681,0.7806011676788361
DH,14.15,Vd/Vp,0.00035874074708890953,0.0507154464721679,34238.69476744147,146.2290414788912,141.37074442675086,0.18408862573560644,0.7831369400024445
DH,14.200000000000001,Vd/Vp,0.000349102778343278,0.0507154464721679,34238.69476744147,142.30043581334095,145.27368333430633,0.18410632182374226,0.785672712326053
DH,14.25,Vd/Vp,0.0003397104254098309,0.0507154464721679,34238.69476744147,138.4719474750786,149.29022684830514,0.18412354215383608,0.7882084846496613
DH,14.3,Vd/Vp,0.00033055793259072745,0.0507154464721679,34238.69476744147,134.74123034037785,153.42377680876908,0.1841402988627861,0.7907442569732698
DH,14.350000000000001,Vd/Vp,0.0003216396176747881,0.0507154464721679,34238.69476744147,131.1059682399689,157.67785958335088,0.18415660380154275,0.7932800292968782
DH,14.4,Vd/Vp,0.0003129499550497399,0.0507154464721679,34238.69476744147,127.5639088370519,162.05609124982058,0.18417246854086086,0.7958158016204866
DH,14.450000000000001,Vd/Vp,0.0003044835071897257,0.0507154464721679,34238.69476744147,124.11283570040023,166.56221199057185,0.18418790437741686,0.7983515739440951
DH,14.5,Vd/Vp,0.0002962349602810043,0.0507154464721679,34238.69476744147,120.75058282602276,171.20007180806732,0.18420292233910363,0.8008873462677034
DH,14.55,Vd/Vp,0.0002881991148620426,0.0507154464721679,34238.69476744147,117.47503082190076,175.9736371724971,0.1842175331909822,0.8034231185913119
DH,14.600000000000001,Vd/Vp,0.0002803708657226914,0.0507154464721679,34238.69476744147,114.28409871453806,180.8870060069987,0.1842317474404968,0.8059588909149203
DH,14.65,Vd/Vp,0.0002727452425308335,0.0507154464721679,34238.69476744147,111.17576050909796,185.94438532299822,0.18424557534320316,0.8084946632385287
DH,14.700000000000001,Vd/Vp,0.0002653173449872784,0.0507154464721679,34238.69476744147,108.14801875739703,191.15013560308182,0.18425902690789112,0.8110304355621372
DH,14.75,Vd/Vp,0.0002580824166028306,0.0507154464721679,34238.69476744147,105.19893463073656,196.5087243824718,0.18427211190193088,0.8135662078857455
DH,14.8,Vd/Vp,0.0002510357678490021,0.0507154464721679,34238.69476744147,102.3265965947805,202.02478278981033,0.18428483985654218,0.816101980209354
DH,14.850000000000001,Vd/Vp,0.00024417283635094176,0.0507154464721679,34238.69476744147,99.52914494525285,207.70306488669453,0.18429722007164717,0.8186377525329624
DH,14.9,Vd/Vp,0.00023748914460335643,0.0507154464721679,34238.69476744147,96.80475457220288,213.54848263431379,0.18430926162117103,0.8211735248565708
DH,14.950000000000001,Vd/Vp,0.00023098031360169606,0.0507154464721679,34238.69476744147,94.15164051631616,219.56609929806373,0.18432097335762615,0.8237092971801793
DH,15.0,Vd/Vp,0.0002246420710496658,0.0507154464721679,34238.69476744147,91.56806131444088,225.76112406369018,0.18433236391724242,0.8262450695037876
DH,15.05,Vd/Vp,0.0002184702171064982,0.0507154464721679,34238.69476744147,89.05230503757325,232.13894847481896,0.18434344172444633,0.8287808418273961
DH,15.100000000000001,Vd/Vp,0.00021246067419899574,0.0507154464721679,34238.69476744147,86.60270959512253,238.70509995965938,0.18435421499672897,0.8313166141510046
DH,15.15,Vd/Vp,0.0002066094213624255,0.0507154464721679,34238.69476744147,84.21763597110443,245.4653139132751,0.184364691749118,0.8338523864746129
DH,15.200000000000001,Vd/Vp,0.00020091255893763004,0.0507154464721679,34238.69476744147,81.89549459582182,252.42546678185343,0.1843748797986255,0.8363881587982214
DH,15.25,Vd/Vp,0.00019536625336421677,0.0507154464721679,34238.69476744147,79.63472284259734,259.59164184625206,0.18438478676893302,0.8389239311218297
DH,15.3,Vd/Vp,0.00018996675871942243,0.0507154464721679,34238.69476744147,77.43379380739354,266.97011000263325,0.18439442009423512,0.8414597034454382
DH,15.350000000000001,Vd/Vp,0.00018471043611915317,0.0507154464721679,34238.69476744147,75.29122421701827,274.56730403393306,0.1844037870241061,0.8439954757690467
DH,15.4,Vd/Vp,0.000179593685491939,0.0507154464721679,34238.69476744147,73.20554661898782,282.38991996433106,0.18441289462714636,0.846531248092655
DH,15.450000000000001,Vd/Vp,0.00017461303250753535,0.0507154464721679,34238.69476744147,71.17534481515476,290.4447952358842,0.18442174979509635,0.8490670204162635
DH,15.5,Vd/Vp,0.0001697650660195106,0.0507154464721679,34238.69476744147,69.19922836220566,298.7390024419943,0.18443035924755952,0.8516027927398718
DH,15.55,Vd/Vp,0.00016504642888570532,0.0507154464721679,34238.69476744147,67.2758288299188,307.27987763545224,0.18443872953493215,0.8541385650634803
DH,15.600000000000001,Vd/Vp,0.00016045388665083426,0.0507154464721679,34238.69476744147,65.40382779740135,316.07490183475846,0.18444686704282057,0.8566743373870888
DH,15.65,Vd/Vp,0.00015598424678463138,0.0507154464721679,34238.69476744147,63.581923933136096,325.1318483602456,0.18445477799615645,0.8592101097106971
DH,15.700000000000001,Vd/Vp,0.00015163438804035318,0.0507154464721679,34238.69476744147,61.80884496202404,334.458740709076,0.18446246846202707,0.8617458820343056
DH,15.75,Vd/Vp,0.0001474012922757864,0.0507154464721679,34238.69476744147,60.08336063618709,344.0637845784946,0.18446994435403496,0.8642816543579139
DH,15.8,Vd/Vp,0.00014328197888408735,0.0507154464721679,34238.69476744147,58.404256007824294,353.9555139254171,0.18447721143581397,0.8668174266815224
DH,15.850000000000001,Vd/Vp,0.00013927354945218146,0.0507154464721679,34238.69476744147,56.77034963276145,364.14270097697676,0.18448427532402237,0.8693531990051309
DH,15.9,Vd/Vp,0.00013537318744484179,0.0507154464721679,34238.69476744147,55.180493441675885,374.63435285389926,0.1844911414924448,0.8718889713287392
DH,15.950000000000001,Vd/Vp,0.00013157810830626888,0.0507154464721679,34238.69476744147,53.63355240062232,385.43985108920754,0.18449781527483858,0.8744247436523477
DH,16.0,Vd/Vp,0.00012788562956947029,0.0507154464721679,34238.69476744147,52.128433088849725,396.56876728763456,0.18450430186828548,0.876960515975956
DH,16.05,Vd/Vp,0.00012429311765458628,0.0507154464721679,34238.69476744147,50.66406201286268,408.0310111224936,0.1845106063369661,0.8794962882995645
DH,16.1,Vd/Vp,0.00012079798372630544,0.0507154464721679,34238.69476744147,49.23938391783103,419.83686240223153,0.1845167336145006,0.882032060623173
DH,16.150000000000002,Vd/Vp,0.00011739773659057718,0.0507154464721679,34238.69476744147,47.85338334922079,431.9967994701401,0.18452268850750853,0.8845678329467814
DH,16.2,Vd/Vp,0.00011408991796510946,0.0507154464721679,34238.69476744147,46.505058267909945,444.52171915556556,0.18452847569887243,0.8871036052703897
DH,16.25,Vd/Vp,0.00011087212771022906,0.0507154464721679,34238.69476744147,45.193430334731055,457.42286650000756,0.1845340997500143,0.8896393775939981
DH,16.3,Vd/Vp,0.00010774204696514159,0.0507154464721679,34238.69476744147,43.91755434121801,470.7117406872376,0.1845395651043812,0.8921751499176066
DH,16.35,Vd/Vp,0.0001046973857675714,0.0507154464721679,34238.69476744147,42.67649685844949,484.40031334456035,0.1845448760901995,0.8947109222412151
DH,16.400000000000002,Vd/Vp,0.00010173592212124186,0.0507154464721679,34238.69476744147,41.469352161641396,498.50087771091046,0.18455003692289673,0.8972466945648235
DH,16.45,Vd/Vp,9.885549654773814e-05,0.0507154464721679,34238.69476744147,40.29524000939027,,0.18455505170836345,0.8997824668884318
DH,16.5,Vd/Vp,9.60539757125679e-05,0.0507154464721679,34238.69476744147,39.153290817015545,,0.18455992444516997,0.9023182392120402
DH,16.55,Vd/Vp,9.332930777255706e-05,0.0507154464721679,34238.69476744147,38.042668217132,,0.1845646590272571,0.9048540115356487
DH,16.6,Vd/Vp,9.06794781736173e-05,0.0507154464721679,34238.69476744147,36.96255104204198,,0.18456925924690576,0.9073897838592572
DH,16.650000000000002,Vd/Vp,8.810250885565117e-05,0.0507154464721679,34238.69476744147,35.91213299964072,,0.1845737287965815,0.9099255561828656
DH,16.7,Vd/Vp,8.55964982666657e-05,0.0507154464721679,34238.69476744147,34.89063898387318,,0.18457807127175954,0.9124613285064739
DH,16.75,Vd/Vp,8.31595703881431e-05,0.0507154464721679,34238.69476744147,33.89730429657815,,0.1845822901734759,0.9149971008300823
DH,16.8,Vd/Vp,8.078989589826741e-05,0.0507154464721679,34238.69476744147,32.93138327399182,,0.18458638891013307,0.9175328731536908
DH,16.85,Vd/Vp,7.848570861570192e-05,0.0507154464721679,34238.69476744147,31.992155989520853,,0.18459037080024593,0.9200686454772993
DH,16.900000000000002,Vd/Vp,7.624526440078066e-05,0.0507154464721679,34238.69476744147,31.078911501144777,,0.18459423907457134,0.9226044178009077
DH,16.95,Vd/Vp,7.4066874322485e-05,0.0507154464721679,34238.69476744147,30.190961370859313,,0.18459799687803943,0.925140190124516
DH,17.0,Vd/Vp,7.19488965471948e-05,0.0507154464721679,34238.69476744147,29.327636358388617,,0.18460164727231118,0.9276759624481244
DH,17.05,Vd/Vp,6.988971035898255e-05,0.0507154464721679,34238.69476744147,28.48827583139997,,0.18460519323748384,0.9302117347717329
DH,17.1,Vd/Vp,6.788775915092223e-05,0.0507154464721679,34238.69476744147,27.67224528951782,,0.1846086376742216,0.9327475070953414
DH,17.150000000000002,Vd/Vp,6.594151442211032e-05,0.0507154464721679,34238.69476744147,26.878921688876,,0.18461198340606091,0.9352832794189498
DH,17.2,Vd/Vp,6.404947703593232e-05,0.0507154464721679,34238.69476744147,26.107693955009275,,0.18461523318084735,0.9378190517425581
DH,17.25,Vd/Vp,6.221020700788685e-05,0.0507154464721679,34238.69476744147,25.357975124894658,,0.18461838967294844,0.9403548240661666
DH,17.3,Vd/Vp,6.0422283974181435e-05,0.0507154464721679,34238.69476744147,24.629186233255375,,0.184621455485223,0.942890596389775
DH,17.35,Vd/Vp,5.868432457684573e-05,0.0507154464721679,34238.69476744147,23.920763399038982,,0.18462443315043678,0.9454263687133835
DH,17.400000000000002,Vd/Vp,5.69949945011267e-05,0.0507154464721679,34238.69476744147,23.23216273207144,,0.18462732513341373,0.947962141036992
DH,17.45,Vd/Vp,5.5352975423884454e-05,0.0507154464721679,34238.69476744147,22.562846860641653,,0.18463013383266186,0.9504979133606002
DH,17.5,Vd/Vp,5.375698782453077e-05,0.0507154464721679,34238.69476744147,21.912294229641404,,0.18463286158174308,0.9530336856842087
DH,17.55,Vd/Vp,5.220580122220458e-05,0.0507154464721679,34238.69476744147,21.280003273418245,,0.18463551065146924,0.9555694580078171
DH,17.6,Vd/Vp,5.0698196843914285e-05,0.0507154464721679,34238.69476744147,20.66547719865336,,0.1846380832514209,0.9581052303314256
DH,17.650000000000002,Vd/Vp,4.9232982715563275e-05,0.0507154464721679,34238.69476744147,20.068230135729124,,0.18464058153090987,0.960641002655034
DH,17.7,Vd/Vp,4.780902467321257e-05,0.0507154464721679,34238.69476744147,19.48779977946548,,0.1846430075810946,0.9631767749786423
DH,17.75,Vd/Vp,4.642520006597439e-05,0.0507154464721679,34238.69476744147,18.92372851760464,,0.18464536343671306,0.9657125473022508
DH,17.8,Vd/Vp,4.508040286246815e-05,0.0507154464721679,34238.69476744147,18.37556551229241,,0.18464765107678627,0.9682483196258592
DH,17.85,Vd/Vp,4.377358104358159e-05,0.0507154464721679,34238.69476744147,17.842881942025656,,0.18464987242638392,0.9707840919494677
DH,17.900000000000002,Vd/Vp,4.250370201316495e-05,0.0507154464721679,34238.69476744147,17.32525690244255,,0.18465202935846034,0.9733198642730762
DH,17.95,Vd/Vp,4.126974791464515e-05,0.0507154464721679,34238.69476744147,16.822275497292107,,0.18465412369470854,0.9758556365966844
DH,18.0,Vd/Vp,4.007073468256583e-05,0.0507154464721679,34238.69476744147,16.33353660417715,,0.18465615720677347,0.9783914089202929
DH,18.05,Vd/Vp,3.8905715751612914e-05,0.0507154464721679,34238.69476744147,15.858654386418417,,0.18465813161803432,0.9809271812439013
DH,18.1,Vd/Vp,3.777375367727561e-05,0.0507154464721679,34238.69476744147,15.397246725136554,,0.18466004860477003,0.9834629535675098
DH,18.150000000000002,Vd/Vp,3.667393198407717e-05,0.0507154464721679,34238.69476744147,14.948940048799507,,0.18466190979691158,0.9859987258911183
DH,18.2,Vd/Vp,3.560537952160375e-05,0.0507154464721679,34238.69476744147,14.513379261168454,,0.18466371677969923,0.9885344982147265
DH,18.25,Vd/Vp,3.456723419157444e-05,0.0507154464721679,34238.69476744147,14.09021295581327,,0.18466547109504206,0.991070270538335
DH,18.3,Vd/Vp,3.3558646872991105e-05,0.0507154464721679,34238.69476744147,13.67909501607264,,0.18466717424206866,0.9936060428619434
DH,18.35,Vd/Vp,3.257881060583439e-05,0.0507154464721679,34238.69476744147,13.279696510842145,,0.18466882767850562,0.9961418151855519
DH,18.400000000000002,Vd/Vp,3.162693369574143e-05,0.0507154464721679,34238.69476744147,12.891694731567584,,0.18467043282211315,0.9986775875091604
DH,18.45,Vd/Vp,3.07022360073874e-05,0.0507154464721679,34238.69476744147,12.514771681362072,,0.18467199105135573,1.0012133598327686
DH,18.5,Vd/Vp,2.9803963559140367e-05,0.0507154464721679,34238.69476744147,12.148620024044188,,0.1846735037063449,1.003749132156377
DH,18.55,Vd/Vp,2.8931391797646777e-05,0.0507154464721679,34238.69476744147,11.792944418916642,,0.18467497209022882,1.0062849044799853
DH,18.6,Vd/Vp,2.8083803223887374e-05,0.0507154464721679,34238.69476744147,11.447452400752951,,0.18467639747010436,1.0088206768035937
DH,18.650000000000002,Vd/Vp,2.7260496628190232e-05,0.0507154464721679,34238.69476744147,11.111858144151249,,0.18467778107760066,1.011356449127202
DH,18.7,Vd/Vp,2.6460806090423893e-05,0.0507154464721679,34238.69476744147,10.785890208347377,,0.18467912411016862,1.0138922214508104
DH,18.75,Vd/Vp,2.5684072759369778e-05,0.0507154464721679,34238.69476744147,10.469280033990461,,0.18468042773213986,1.0164279937744187
DH,18.8,Vd/Vp,2.4929647846370376e-05,0.0507154464721679,34238.69476744147,10.161763163406599,,0.184681693075155,1.018963766098027
DH,18.85,Vd/Vp,2.419691525090277e-05,0.0507154464721679,34238.69476744147,9.863088463180775,,0.18468292123923244,1.0214995384216354
DH,18.900000000000002,Vd/Vp,2.3485270791163974e-05,0.0507154464721679,34238.69476744147,9.573009658177961,,0.18468411329388348,1.0240353107452438
DH,18.95,Vd/Vp,2.2794119290680584e-05,0.0507154464721679,34238.69476744147,9.291284143993938,,0.18468527027863554,1.0265710830688521
DH,19.0,Vd/Vp,2.2122885680325706e-05,0.0507154464721679,34238.69476744147,9.017677512332765,,0.18468639320375982,1.0291068553924605
DH,19.05,Vd/Vp,2.1471017836636202e-05,0.0507154464721679,34238.69476744147,8.751964707954835,,0.18468748305134775,1.0316426277160688
DH,19.1,Vd/Vp,2.083796905787543e-05,0.0507154464721679,34238.69476744147,8.493922885611672,,0.18468854077602012,1.0341784000396772
DH,19.150000000000002,Vd/Vp,2.0223205214927743e-05,0.0507154464721679,34238.69476744147,8.243334324876361,,0.18468956730537694,1.0367141723632856
DH,19.200000000000003,Vd/Vp,1.9626219484431845e-05,0.0507154464721679,34238.69476744147,7.99999243562798,,0.18469056354099442,1.039249944686894
DH,19.25,Vd/Vp,1.9046510529947843e-05,0.0507154464721679,34238.69476744147,7.763692864311325,,0.18469153035924477,1.0417857170105023
DH,19.3,Vd/Vp,1.84835847690659e-05,0.0507154464721679,34238.69476744147,7.534234418050295,,0.18469246861162725,1.0443214893341106
DH,19.35,Vd/Vp,1.7936973810387036e-05,0.0507154464721679,34238.69476744147,7.311426172268118,,0.18469337912559172,1.046857261657719
DH,19.400000000000002,Vd/Vp,1.7406218849855548e-05,0.0507154464721679,34238.69476744147,7.095081110357849,,0.18469426270540823,1.0493930339813273
DH,19.450000000000003,Vd/Vp,1.689086851822344e-05,0.0507154464721679,34238.69476744147,6.8850152462710055,,0.18469512013259243,1.0519288063049357
DH,19.5,Vd/Vp,1.6390480981114784e-05,0.0507154464721679,34238.69476744147,6.681048480540745,,0.18469595216632992,1.054464578628544
DH,19.55,Vd/Vp,1.590464223422043e-05,0.0507154464721679,34238.69476744147,6.483012057725191,,0.1846967595444103,1.0570003509521524
DH,19.6,Vd/Vp,1.5432938273231344e-05,0.0507154464721679,34238.69476744147,6.290737222382511,,0.184697542983923,1.0595361232757607
DH,19.650000000000002,Vd/Vp,1.4974965827785891e-05,0.0507154464721679,34238.69476744147,6.104059594416722,,0.18469830318152552,1.062071895599369
DH,19.700000000000003,Vd/Vp,1.4530328108161637e-05,0.0507154464721679,34238.69476744147,5.922817435354427,,0.18469904081387392,1.0646076679229775
DH,19.75,Vd/Vp,1.4098655414059772e-05,0.0507154464721679,34238.69476744147,5.746860048848004,,0.184699756538462,1.0671434402465858
DH,19.8,Vd/Vp,1.3679578055459515e-05,0.0507154464721679,34238.69476744147,5.576036742739336,,0.18470045099429871,1.0696792125701942
DH,19.85,Vd/Vp,1.3272735038896942e-05,0.0507154464721679,34238.69476744147,5.410200369739919,,0.18470112480212608,1.0722149848938025
DH,19.900000000000002,Vd/Vp,1.2877771231282158e-05,0.0507154464721679,34238.69476744147,5.249206171352834,,0.18470177856478284,1.0747507572174109
DH,19.950000000000003,Vd/Vp,1.2494356009429977e-05,0.0507154464721679,34238.69476744147,5.092919379749634,,0.18470241286796385,1.0772865295410192
DH,20.0,Vd/Vp,1.2122159449468017e-05,0.0507154464721679,34238.69476744147,4.9412055121540766,,0.18470302828085033,1.0798223018646276
DH,20.05,Vd/Vp,1.1760858664903902e-05,0.0507154464721679,34238.69476744147,4.793932954349853,,0.1847036253563032,1.082358074188236
DH,20.1,Vd/Vp,1.1410135967041483e-05,0.0507154464721679,34238.69476744147,4.650972210833863,,0.184704204631169,1.0848938465118443
DH,20.150000000000002,Vd/Vp,1.106969578034979e-05,0.0507154464721679,34238.69476744147,4.512202799818272,,0.18470476662696267,1.0874296188354526
DH,20.200000000000003,Vd/Vp,1.0739243837078409e-05,0.0507154464721679,34238.69476744147,4.377504772589614,,0.1847053118504531,1.089965391159061
DH,20.25,Vd/Vp,1.04184915579751e-05,0.0507154464721679,34238.69476744147,4.246760499166382,,0.18470584079383798,1.0925011634826693
DH,20.3,Vd/Vp,1.010715490426521e-05,0.0507154464721679,34238.69476744147,4.119854200345637,,0.18470635393499954,1.0950369358062777
DH,20.35,Vd/Vp,9.80496970949252e-06,0.0507154464721679,34238.69476744147,3.9966781972311347,,0.18470685173811488,1.097572708129886
DH,20.400000000000002,Vd/Vp,9.511673652524415e-06,0.0507154464721679,34238.69476744147,3.8771255631130064,,0.18470733465419892,1.1001084804534944
DH,20.450000000000003,Vd/Vp,9.227009003527297e-06,0.0507154464721679,34238.69476744147,3.76109124277566,,0.1847078031212653,1.1026442527771028
DH,20.5,Vd/Vp,8.950721956518698e-06,0.0507154464721679,34238.69476744147,3.648471780434272,,0.18470825756453932,1.1051800251007111
DH,20.55,Vd/Vp,8.682576473016606e-06,0.0507154464721679,34238.69476744147,3.5391709626498713,,0.18470869839700005,1.1077157974243195
DH,20.6,Vd/Vp,8.422338834063126e-06,0.0507154464721679,34238.69476744147,3.4330935214623337,,0.18470912601988274,1.1102515697479278
DH,20.650000000000002,Vd/Vp,8.169779018311499e-06,0.0507154464721679,34238.69476744147,3.3301456961229032,,0.18470954082282903,1.1127873420715362
DH,20.700000000000003,Vd/Vp,7.92467037509696e-06,0.0507154464721679,34238.69476744147,3.2302350998321216,,0.18470994318406386,1.1153231143951445
DH,20.75,Vd/Vp,7.686802038988479e-06,0.0507154464721679,34238.69476744147,3.1332757801295807,,0.1847103334708742,1.1178588867187529
DH,20.8,Vd/Vp,7.455965880958433e-06,0.0507154464721679,34238.69476744147,3.039182899961057,,0.1847107120400722,1.1203946590423612
DH,20.85,Vd/Vp,7.231956139946517e-06,0.0507154464721679,34238.69476744147,2.947872587497475,,0.18471107923812272,1.1229304313659696
DH,20.900000000000002,Vd/Vp,7.014572110077703e-06,0.0507154464721679,34238.69476744147,2.859263031492238,,0.18471143540132898,1.125466203689578
DH,20.950000000000003,Vd/Vp,6.8036248975700095e-06,0.0507154464721679,34238.69476744147,2.7732772355157382,,0.18471178085625417,1.1280019760131863
DH,21.0,Vd/Vp,6.598927843285433e-06,0.0507154464721679,34238.69476744147,2.689839114018579,,0.1847121159200727,1.1305377483367947
DH,0.0,F.nucleatum,0.24807124220494414,0.3538384437561035,83183.13336756932,92994.66444142578,1.426358172801746,0.0,0.0
DH,0.05,F.nucleatum,0.24902294384260315,0.3542540311813354,83534.01390546681,93759.16481924229,1.4225758707809846,0.012427354651188683,0.01770231187343597
DH,0.1,F.nucleatum,0.24997382493795875,0.35466961860656737,83884.8944433643,94526.47143100796,1.4188270259679916,0.024902273870702728,0.03542540311813354
DH,0.15000000000000002,F.nucleatum,0.2509237955805344,0.35508520603179927,84235.77498126178,95296.54609974848,1.4151117282849888,0.03742471438366506,0.05316927373409271
DH,0.2,F.nucleatum,0.25187276177873985,0.35550079345703123,84586.65551915928,96069.34850301445,1.411430084565176,0.04999462831764692,0.07093392372131346
DH,0.25,F.nucleatum,0.2528206286649375,0.3559163808822632,84937.53605705677,96844.83736719516,1.4077822002173652,0.06261196307873886,0.08871935307979582
DH,0.30000000000000004,F.nucleatum,0.25376730021445504,0.3563319683074951,85288.41659495427,97622.97035225236,1.4041681808742266,0.07527666130072368,0.10652556180953979
DH,0.35000000000000003,F.nucleatum,0.25471267629213123,0.35674755573272704,85639.29713285175,98403.70290123347,1.4005881486776555,0.08798866071338833,0.12435254991054534
DH,0.4,F.nucleatum,0.2556566553220702,0.35716314315795894,85990.17767074924,99186.98924240361,1.3970422272325094,0.10074789400374337,0.1422003173828125
DH,0.45,F.nucleatum,0.2565991346755869,0.3575787305831909,86341.05820864673,99972.78252859686,1.3935305395135897,0.1135542887536848,0.16006886422634123
DH,0.5,F.nucleatum,0.2575400086156489,0.35799431800842285,86691.93874654421,100761.03402437225,1.3900532190425268,0.1264077673359657,0.17795819044113156
DH,0.55,F.nucleatum,0.2584791686468234,0.35840990543365475,87042.8192844417,101551.69321805435,1.3866104077554238,0.1393082467675275,0.19586829602718353
DH,0.6000000000000001,F.nucleatum,0.2594165053329452,0.3588254928588867,87393.6998223392,102344.70851625538,1.3832022461267688,0.15225563861702174,0.21379918098449707
DH,0.65,F.nucleatum,0.2603519073094713,0.35924108028411866,87744.5803602367,103140.02684491189,1.3798288785228727,0.16524984893308214,0.2317508453130722
DH,0.7000000000000001,F.nucleatum,0.2612852592354291,0.35965666770935056,88095.46089813419,103937.59281879585,1.3764904639541284,0.17829077809670466,0.24972328901290894
DH,0.75,F.nucleatum,0.26221644498712493,0.3600722551345825,88446.34143603167,104737.34998462666,1.3731871589985991,0.19137832070226848,0.26771651208400726
DH,0.8,F.nucleatum,0.2631453470981068,0.3604878425598145,88797.22197392916,105539.2405900502,1.3699191208781516,0.20451236550439927,0.2857305145263672
DH,0.8500000000000001,F.nucleatum,0.26407184389405997,0.3609034299850464,89148.10251182666,106343.20441885246,1.3666865223610631,0.21769279527920346,0.3037652963399888
DH,0.9,F.nucleatum,0.2649958124693434,0.36131901741027833,89498.98304972413,107149.17996005245,1.3634895360924932,0.23091948668828852,0.3218208575248719
DH,0.9500000000000001,F.nucleatum,0.2659171288986881,0.36173460483551023,89849.86358762163,107957.10448376709,1.3603283336190337,0.24419231022248933,0.3398971980810166
DH,1.0,F.nucleatum,0.26683566576853884,0.3621501922607422,90200.74412551912,108766.91302659521,1.3572030980854035,0.25751113008917,0.35799431800842285
DH,1.05,F.nucleatum,0.2677512934402774,0.3621501922607422,90200.74412551912,109140.138978418,1.3525618778813506,0.2708758040693904,0.37610182762146
DH,1.1,F.nucleatum,0.26866388121336554,0.3621501922607422,90200.74412551912,109512.12581405605,1.3479675445212986,0.2842861834357315,0.39420933723449714
DH,1.1500000000000001,F.nucleatum,0.26957329638631433,0.3621501922607422,90200.74412551912,109882.81944204726,1.3434201277182876,0.2977421128757235,0.4123168468475343
DH,1.2000000000000002,F.nucleatum,0.2704794026544738,0.3621501922607422,90200.74412551912,110252.16430221763,1.3389196689530332,0.31124343035174323,0.4304243564605714
DH,1.25,F.nucleatum,0.2713820630325291,0.3621501922607422,90200.74412551912,110620.10455694227,1.3344662068448245,0.32478996699391827,0.44853186607360845
DH,1.3,F.nucleatum,0.2722811391037995,0.3621501922607422,90200.74412551912,110986.58378514629,1.3300597810510948,0.3383815470473265,0.4666393756866456
DH,1.35,F.nucleatum,0.27317648862215144,0.3621501922607422,90200.74412551912,111351.54400480248,1.3257004440146245,0.35201798774047527,0.48474688529968274
DH,1.4000000000000001,F.nucleatum,0.27406796839357894,0.3621501922607422,90200.74412551912,111714.92684751411,1.3213882468040614,0.36569909916586857,0.5028543949127199
DH,1.4500000000000002,F.nucleatum,0.27495543425785995,0.3621501922607422,90200.74412551912,112076.67355103783,1.31712323940144,0.37942468423215453,0.520961904525757
DH,1.5,F.nucleatum,0.2758387387247254,0.3621501922607422,90200.74412551912,112436.7239957445,1.3129054821489439,0.3931945385567191,0.5390694141387941
DH,1.55,F.nucleatum,0.2767177327321087,0.3621501922607422,90200.74412551912,112795.0174213126,1.308735037271142,0.40700845034314,0.5571769237518311
DH,1.6,F.nucleatum,0.2775922661576845,0.3621501922607422,90200.74412551912,113151.49263524057,1.3046119665849232,0.42086620031538485,0.5752844333648682
DH,1.6500000000000001,F.nucleatum,0.2784621870903023,0.3621501922607422,90200.74412551912,113506.08771587019,1.3005363350942178,0.43476756164658453,0.5933919429779053
DH,1.7000000000000002,F.nucleatum,0.27932734080321225,0.3621501922607422,90200.74412551912,113858.73959385543,1.2965082158422834,0.4487122998439224,0.6114994525909424
DH,1.75,F.nucleatum,0.28018757204222466,0.3621501922607422,90200.74412551912,114209.38498485643,1.292527679301085,0.4627001726650583,0.6296069622039795
DH,1.8,F.nucleatum,0.2810427242415361,0.3621501922607422,90200.74412551912,114557.96006989655,1.2885947972433545,0.47673093007215234,0.6477144718170166
DH,1.85,F.nucleatum,0.2818926379503982,0.3621501922607422,90200.74412551912,114904.39985404484,1.2847096500777224,0.4908043141269507,0.6658219814300537
DH,1.9000000000000001,F.nucleatum,0.2827371531128141,0.3621501922607422,90200.74412551912,115248.63909566036,1.280872316473533,0.504920058903531,0.6839294910430908
DH,1.9500000000000002,F.nucleatum,0.2835761088517765,0.3621501922607422,90200.74412551912,115590.61221844386,1.2770828746015268,0.5190778904526457,0.7020370006561278
DH,2.0,F.nucleatum,0.28440934181351357,0.3621501922607422,90200.74412551912,115930.25263652336,1.2733414097846445,0.533277526719278,0.7201445102691649
DH,2.0500000000000003,F.nucleatum,0.2852366877438538,0.3621501922607422,90200.74412551912,116267.49339700806,1.2696480075030099,0.5475186774582123,0.7382520198822021
DH,2.1,F.nucleatum,0.2860579817296878,0.3621501922607422,90200.74412551912,116602.26727841252,1.2660027525572006,0.5618010441950507,0.7563595294952392
DH,2.15,F.nucleatum,0.28687305725562734,0.3621501922607422,90200.74412551912,116934.50640613418,1.2624057334810526,0.5761243201696835,0.7744670391082763
DH,2.2,F.nucleatum,0.287681746674404,0.3621501922607422,90200.74412551912,117264.1424441963,1.2588570406262898,0.5904881902679344,0.7925745487213135
DH,2.25,F.nucleatum,0.2884838818885019,0.3621501922607422,90200.74412551912,117591.10687309327,1.255356763400432,0.604892330982007,0.8106820583343506
DH,2.3000000000000003,F.nucleatum,0.28927929350550663,0.3621501922607422,90200.74412551912,117915.33064549611,1.2519049942088178,0.6193364103668573,0.8287895679473878
DH,2.35,F.nucleatum,0.2900678113968115,0.3621501922607422,90200.74412551912,118236.74441399085,1.248501826234426,0.6338200879894151,0.8468970775604249
DH,2.4000000000000004,F.nucleatum,0.2908492650587071,0.3621501922607422,90200.74412551912,118555.27867826512,1.2451473521435346,0.6483430149008031,0.8650045871734621
DH,2.45,F.nucleatum,0.291623483054567,0.3621501922607422,90200.74412551912,118870.86355773307,1.2418416667528063,0.662904833603635,0.8831120967864992
DH,2.5,F.nucleatum,0.292390293566977,0.3621501922607422,90200.74412551912,119183.42901659316,1.2385848649171574,0.6775051780191735,0.9012196063995362
DH,2.5500000000000003,F.nucleatum,0.2931495245012751,0.3621501922607422,90200.74412551912,119492.90490603268,1.2353770413813752,0.6921436734708799,0.9193271160125734
DH,2.6,F.nucleatum,0.29390100331312624,0.3621501922607422,90200.74412551912,119799.22089394428,1.232218291799781,0.7068199366662399,0.9374346256256105
DH,2.6500000000000004,F.nucleatum,0.2946445573618841,0.3621501922607422,90200.74412551912,120102.30660896249,1.2291087115379744,0.7215335756831152,0.9555421352386477
DH,2.7,F.nucleatum,0.29538001387630464,0.3621501922607422,90200.74412551912,120402.09162648789,1.2260483961260789,0.7362841899640699,0.9736496448516848
DH,2.75,F.nucleatum,0.29610720019991144,0.3621501922607422,90200.74412551912,120698.50556870234,1.2230374405493787,0.7510713703159753,0.9917571544647219
DH,2.8000000000000003,F.nucleatum,0.29682594380535177,0.3621501922607422,90200.74412551912,120991.47811042081,1.2200759395150036,0.765894698916107,1.009864664077759
DH,2.85,F.nucleatum,0.2975360722508372,0.3621501922607422,90200.74412551912,121280.93896133579,1.2171639879531384,0.7807537493175116,1.027972173690796
DH,2.9000000000000004,F.nucleatum,0.29823741381501034,0.3621501922607422,90200.74412551912,121566.81812480012,1.2143016787470382,0.7956480864691579,1.0460796833038333
DH,2.95,F.nucleatum,0.29892979708792244,0.3621501922607422,90200.74412551912,121849.04573110228,1.211489104762029,0.8105772667417311,1.0641871929168703
DH,3.0,F.nucleatum,0.29961305104429353,0.3621501922607422,90200.74412551912,122127.55206732855,1.208726358876815,0.8255408379450365,1.0822947025299072
DH,3.0500000000000003,F.nucleatum,0.30028700598834607,0.3621501922607422,90200.74412551912,122402.26796249374,1.2060135305181903,0.8405383393708525,1.1004022121429444
DH,3.1,F.nucleatum,0.3009514926944508,0.3621501922607422,90200.74412551912,122673.12443725344,1.2033507095059501,0.8555693018379225,1.1185097217559814
DH,3.1500000000000004,F.nucleatum,0.30160634270807624,0.3621501922607422,90200.74412551912,122940.0528265762,1.2007379851797948,0.8706332477229857,1.1366172313690186
DH,3.2,F.nucleatum,0.30225138948315605,0.3621501922607422,90200.74412551912,123202.98524335459,1.198175442237046,0.8857296910277664,1.1547247409820556
DH,3.25,F.nucleatum,0.30288646710175166,0.3621501922607422,90200.74412551912,123461.85405651707,1.1956631662222184,0.9008581374423891,1.1728322505950926
DH,3.3000000000000003,F.nucleatum,0.3035114108846764,0.3621501922607422,90200.74412551912,123716.59213992926,1.193201241446393,0.9160180843920499,1.1909397602081297
DH,3.35,F.nucleatum,0.30412605858289166,0.3621501922607422,90200.74412551912,123967.13335802774,1.1907897466866872,0.931209021128739,1.2090472698211667
DH,3.4000000000000004,F.nucleatum,0.3047302487579418,0.3621501922607422,90200.74412551912,124213.41190565717,1.188428761952054,0.9464304288122599,1.227154779434204
DH,3.45,F.nucleatum,0.3053238217414044,0.3621501922607422,90200.74412551912,124455.36269915871,1.186118365069684,0.9616817805747435,1.245262289047241
DH,3.5,F.nucleatum,0.3059066207404509,0.3621501922607422,90200.74412551912,124692.92182701631,1.1838586277869796,0.9769625416367899,1.2633697986602779
DH,3.5500000000000003,F.nucleatum,0.3064784900064924,0.3621501922607422,90200.74412551912,124926.02580336435,1.181649623283743,0.9922721694054635,1.281477308273315
DH,3.6,F.nucleatum,0.3070392761263502,0.3621501922607422,90200.74412551912,125154.61209429144,1.1794914215200052,1.0076101135587845,1.299584817886352
DH,3.6500000000000004,F.nucleatum,0.30758882897432627,0.3621501922607422,90200.74412551912,125378.61950592126,1.1773840859837275,1.0229758161863014,1.3176923274993892
DH,3.7,F.nucleatum,0.30812699957327666,0.3621501922607422,90200.74412551912,125597.9873125483,1.175327682294255,1.0383687118999914,1.3357998371124262
DH,3.75,F.nucleatum,0.30865364215113017,0.3621501922607422,90200.74412551912,125812.65609491109,1.1733222706745763,1.0537882279431015,1.3539073467254632
DH,3.8000000000000003,F.nucleatum,0.30916861439371496,0.3621501922607422,90200.74412551912,126022.56784324879,1.1713679054095611,1.0692337843567226,1.3720148563385004
DH,3.85,F.nucleatum,0.30967177519582667,0.3621501922607422,90200.74412551912,126227.66504059701,1.1694646437562153,1.0847047940964611,1.3901223659515374
DH,3.9000000000000004,F.nucleatum,0.3101629877682019,0.3621501922607422,90200.74412551912,126427.89192924484,1.1676125345148938,1.1002006631705619,1.4082298755645746
DH,3.95,F.nucleatum,0.3106421186869638,0.3621501922607422,90200.74412551912,126623.19412327213,1.165811622041129,1.1157207908319409,1.4263373851776115
DH,4.0,F.nucleatum,0.31110903594240763,0.3621501922607422,90200.74412551912,126813.51781320019,1.1640619539182504,1.131264569697675,1.4444448947906485
DH,4.05,F.nucleatum,0.3115636128817714,0.3621501922607422,90200.74412551912,126998.81137313443,1.162363566499554,1.1468313859182795,1.4625524044036855
DH,4.1000000000000005,F.nucleatum,0.31200572605491766,0.3621501922607422,90200.74412551912,127179.02448262641,1.1607164933793501,1.1624206193916968,1.480659914016723
DH,4.15,F.nucleatum,0.3124352537459928,0.3621501922607422,90200.74412551912,127354.1075281523,1.1591207711635743,1.1780316438867195,1.49876742362976
DH,4.2,F.nucleatum,0.3128520805121617,0.3621501922607422,90200.74412551912,127524.01345318097,1.1575764229148673,1.1936638272431734,1.5168749332427969
DH,4.25,F.nucleatum,0.3132560939106024,0.3621501922607422,90200.74412551912,127688.69642403952,1.1560834706829144,1.2093165316037424,1.5349824428558339
DH,4.3,F.nucleatum,0.313647183666247,0.3621501922607422,90200.74412551912,127848.11149066966,1.1546419388420444,1.2249891135431636,1.5530899524688708
DH,4.3500000000000005,F.nucleatum,0.3140252465253048,0.3621501922607422,90200.74412551912,128002.21656500928,1.1532518364938515,1.2406809242979526,1.5711974620819082
DH,4.4,F.nucleatum,0.3143901820223385,0.3621501922607422,90200.74412551912,128150.97069557822,1.1519131734050467,1.2563913100116437,1.5893049716949452
DH,4.45,F.nucleatum,0.3147418923923156,0.3621501922607422,90200.74412551912,128294.33403162878,1.1506259605547955,1.27211961187201,1.6074124813079822
DH,4.5,F.nucleatum,0.3150802874427921,0.3621501922607422,90200.74412551912,128432.26980913364,1.1493901925759047,1.2878651663678875,1.6255199909210192
DH,4.55,F.nucleatum,0.31540527957877296,0.3621501922607422,90200.74412551912,128564.74232283134,1.148205866256892,1.3036273055434267,1.6436275005340562
DH,4.6000000000000005,F.nucleatum,0.31571678451135654,0.3621501922607422,90200.74412551912,128691.7172150823,1.1470729781479685,1.31940535714568,1.6617350101470936
DH,4.65,F.nucleatum,0.31601472586448154,0.3621501922607422,90200.74412551912,128813.1633536599,1.1459915080541063,1.335198644905076,1.6798425197601305
DH,4.7,F.nucleatum,0.3162990295859554,0.3621501922607422,90200.74412551912,128929.05055358732,1.1449614396060819,1.3510064887913367,1.6979500293731675
DH,4.75,F.nucleatum,0.31656962615829637,0.3621501922607422,90200.74412551912,129039.35047831565,1.1439827524061132,1.366828205184943,1.7160575389862045
DH,4.800000000000001,F.nucleatum,0.31682645312969915,0.3621501922607422,90200.74412551912,129144.03767139006,1.143055413092318,1.3826631071671431,1.734165048599242
DH,4.8500000000000005,F.nucleatum,0.3170694508020721,0.3621501922607422,90200.74412551912,129243.08779881787,1.1421793911227713,1.3985105047654374,1.752272558212279
DH,4.9,F.nucleatum,0.317298565302683,0.3621501922607422,90200.74412551912,129336.47890112536,1.141354647838617,1.4143697051680562,1.7703800678253159
DH,4.95,F.nucleatum,0.3175137486671747,0.3621501922607422,90200.74412551912,129424.1914271965,1.1405811363474418,1.4302400130173025,1.7884875774383528
DH,5.0,F.nucleatum,0.3177149556399113,0.3621501922607422,90200.74412551912,129506.20693003776,1.1398588131658254,1.4461207306249797,1.8065950870513898
DH,5.050000000000001,F.nucleatum,0.31790214904231007,0.3621501922607422,90200.74412551912,129582.51025500453,1.139187619057407,1.4620111582420354,1.8247025966644272
DH,5.1000000000000005,F.nucleatum,0.3180752951266456,0.3621501922607422,90200.74412551912,129653.08764593006,1.1385674958394603,1.4779105943462592,1.8428101062774642
DH,5.15,F.nucleatum,0.318234364832664,0.3621501922607422,90200.74412551912,129717.92725734344,1.1379983819508943,1.493818335845242,1.8609176158905012
DH,5.2,F.nucleatum,0.31837933661436313,0.3621501922607422,90200.74412551912,129777.02030671512,1.1374802024271962,1.5097336783814175,1.8790251255035382
DH,5.25,F.nucleatum,0.3185101916968843,0.3621501922607422,90200.74412551912,129830.35914108224,1.1370128859342392,1.5256559165891985,1.8971326351165752
DH,5.300000000000001,F.nucleatum,0.31862691792606124,0.3621501922607422,90200.74412551912,129877.93880619276,1.1365963510489743,1.5415843443297723,1.9152401447296126
DH,5.3500000000000005,F.nucleatum,0.31872950888758017,0.3621501922607422,90200.74412551912,129919.7566874595,1.1362305094520666,1.5575182550001132,1.9333476543426495
DH,5.4,F.nucleatum,0.3188179611946749,0.3621501922607422,90200.74412551912,129955.81140437702,1.1359152756127437,1.5734569417521695,1.9514551639556865
DH,5.45,F.nucleatum,0.3188922797753747,0.3621501922607422,90200.74412551912,129986.10496569668,1.1356505479400067,1.5893996977764207,1.9695626735687235
DH,5.5,F.nucleatum,0.3189524728821447,0.3621501922607422,90200.74412551912,130010.64073526853,1.1354362265583042,1.6053458165928585,1.9876701831817605
DH,5.550000000000001,F.nucleatum,0.31899855374711994,0.3621501922607422,90200.74412551912,130029.42410674371,1.1352722073712909,1.6212945922585904,2.0057776927947977
DH,5.6000000000000005,F.nucleatum,0.3190305429638291,0.3621501922607422,90200.74412551912,130042.46347440685,1.1351583735410622,1.637245319676364,2.023885202407835
DH,5.65,F.nucleatum,0.31904846375399437,0.3621501922607422,90200.74412551912,130049.76830384057,1.135094612271764,1.6531972948443097,2.041992712020872
DH,5.7,F.nucleatum,0.3190523462395641,0.3621501922607422,90200.74412551912,130051.35087328109,1.135080799527541,1.6691498150941486,2.0601002216339093
DH,5.75,F.nucleatum,0.3190422257363384,0.3621501922607422,90200.74412551912,130047.22557807004,1.135116806011844,1.6851021793935461,2.0782077312469465
DH,5.800000000000001,F.nucleatum,0.3190181407098969,0.3621501922607422,90200.74412551912,130037.40809745455,1.1352025043305232,1.7010536885547023,2.0963152408599837
DH,5.8500000000000005,F.nucleatum,0.3189801375611136,0.3621501922607422,90200.74412551912,130021.91734524739,1.1353377518415473,1.7170036455114774,2.114422750473021
DH,5.9,F.nucleatum,0.318928265713238,0.3621501922607422,90200.74412551912,130000.77346723483,1.1355224079961819,1.7329513555933362,2.132530260086058
DH,5.95,F.nucleatum,0.3188625794941023,0.3621501922607422,90200.74412551912,129973.99860839726,1.1357563274916695,1.7488961267235197,2.1506377696990953
DH,6.0,F.nucleatum,0.3187831399258505,0.3621501922607422,90200.74412551912,129941.61764243446,1.1360393537279887,1.7648372697090184,2.1687452793121325
DH,6.050000000000001,F.nucleatum,0.31869001039588385,0.3621501922607422,90200.74412551912,129903.65640716662,1.1363713340461195,1.7807740984670621,2.1868527889251697
DH,6.1000000000000005,F.nucleatum,0.3185832609038952,0.3621501922607422,90200.74412551912,129860.14343570037,1.1367521044051008,1.7967059302495565,2.204960298538207
DH,6.15,F.nucleatum,0.3184629656814782,0.3621501922607422,90200.74412551912,129811.10898613959,1.1371814976531975,1.8126320859141907,2.223067808151244
DH,6.2,F.nucleatum,0.31832920264911546,0.3621501922607422,90200.74412551912,129756.5848202442,1.1376593452531254,1.8285518901224556,2.2411753177642812
DH,6.25,F.nucleatum,0.3181820556963148,0.3621501922607422,90200.74412551912,129696.60513285383,1.1381854689077509,1.8444646715810913,2.2592828273773184
DH,6.300000000000001,F.nucleatum,0.3180216116273338,0.3621501922607422,90200.74412551912,129631.2053069114,1.1387596912285303,1.8603697632641827,2.2773903369903556
DH,6.3500000000000005,F.nucleatum,0.3178479629917441,0.3621501922607422,90200.74412551912,129560.42306725102,1.13938182536079,1.8762665026296597,2.295497846603393
DH,6.4,F.nucleatum,0.31766120528001046,0.3621501922607422,90200.74412551912,129484.29733746646,1.1400516847548816,1.8921542318364535,2.31360535621643
DH,6.45,F.nucleatum,0.31746143913169983,0.3621501922607422,90200.74412551912,129402.86914001624,1.1407690749820583,1.9080322979467461,2.3317128658294672
DH,6.5,F.nucleatum,0.3172487685168567,0.3621501922607422,90200.74412551912,129316.18085492012,1.141533799969659,1.92390005313796,2.3498203754425044
DH,6.550000000000001,F.nucleatum,0.3170233016595241,0.3621501922607422,90200.74412551912,129224.27659620252,1.1423456583947995,1.9397568548923698,2.3679278850555416
DH,6.6000000000000005,F.nucleatum,0.3167851504920861,0.3621501922607422,90200.74412551912,129127.20198947293,1.143204445341542,1.95560206619616,2.386035394668579
DH,6.65,F.nucleatum,0.31653443051033064,0.3621501922607422,90200.74412551912,129025.00411284695,1.1441099525156484,1.9714350557212204,2.404142904281616
DH,6.7,F.nucleatum,0.3162712611312647,0.3621501922607422,90200.74412551912,128917.73164279805,1.1450619666338764,1.9872551980122601,2.4222504138946532
DH,6.75,F.nucleatum,0.31599576465993606,0.3621501922607422,90200.74412551912,128805.43443301604,1.146060272834593,2.0030618736570402,2.4403579235076904
DH,6.800000000000001,F.nucleatum,0.3157080674878454,0.3621501922607422,90200.74412551912,128688.16400290072,1.1471046500092519,2.018854469460735,2.4584654331207276
DH,6.8500000000000005,F.nucleatum,0.31540829832883427,0.3621501922607422,90200.74412551912,128565.972818479,1.1481948768614083,2.034632378606152,2.476572942733765
DH,6.9,F.nucleatum,0.3150965899565088,0.3621501922607422,90200.74412551912,128438.9150006092,1.1493307252570648,2.0503950008132854,2.494680452346802
DH,6.95,F.nucleatum,0.3147730771338111,0.3621501922607422,90200.74412551912,128307.04548103802,1.150511967409433,2.0661417424905433,2.5127879619598392
DH,7.0,F.nucleatum,0.31443789837061203,0.3621501922607422,90200.74412551912,128170.4207188263,1.1517383691258936,2.0818720168781537,2.5308954715728764
DH,7.050000000000001,F.nucleatum,0.31409119413754083,0.3621501922607422,90200.74412551912,128029.09797227442,1.1530096959743363,2.097585244190858,2.5490029811859136
DH,7.1000000000000005,F.nucleatum,0.313733108046296,0.3621501922607422,90200.74412551912,127883.13578003793,1.1543257086124985,2.1132808517454538,2.567110490798951
DH,7.15,F.nucleatum,0.31336378582318464,0.3621501922607422,90200.74412551912,127732.59354272402,1.1556861661898776,2.1289582740921906,2.585218000411988
DH,7.2,F.nucleatum,0.3129833756770956,0.3621501922607422,90200.74412551912,127577.53167288392,1.1570908246397467,2.1446169531296975,2.603325510025025
DH,7.25,F.nucleatum,0.3125920280204777,0.3621501922607422,90200.74412551912,127418.01148127863,1.15853943734297,2.160256338222137,2.6214330196380624
DH,7.300000000000001,F.nucleatum,0.3121898952133818,0.3621501922607422,90200.74412551912,127254.09507254607,1.160031755714619,2.1758758863029835,2.6395405292510996
DH,7.3500000000000005,F.nucleatum,0.3117771318090165,0.3621501922607422,90200.74412551912,127085.84544529383,1.1615675279307605,2.1914750619785432,2.657648038864137
DH,7.4,F.nucleatum,0.3113538938335129,0.3621501922607422,90200.74412551912,126913.32619851861,1.1631465012427018,2.2070533376196066,2.675755548477174
DH,7.45,F.nucleatum,0.3109203394234524,0.3621501922607422,90200.74412551912,126736.6017914738,1.1647684192429697,2.2226101934510307,2.693863058090211
DH,7.5,F.nucleatum,0.31047662782531626,0.3621501922607422,90200.74412551912,126555.73713582756,1.1664330252404669,2.23814511763225,2.7119705677032484
DH,7.550000000000001,F.nucleatum,0.31002292018409877,0.3621501922607422,90200.74412551912,126370.79791711528,1.168140058953348,2.2536576063324856,2.7300780773162856
DH,7.6000000000000005,F.nucleatum,0.3095593785381147,0.3621501922607422,90200.74412551912,126181.85018500556,1.1698892599248198,2.269147163800541,2.748185586929323
DH,7.65,F.nucleatum,0.30908616647508663,0.3621501922607422,90200.74412551912,125988.96062073286,1.1716803647048135,2.284613302425871,2.76629309654236
DH,7.7,F.nucleatum,0.30860344839297416,0.3621501922607422,90200.74412551912,125792.19623579852,1.1735131092883377,2.300055542797572,2.784400606155397
DH,7.75,F.nucleatum,0.30811138980533365,0.3621501922607422,90200.74412551912,125591.62449644074,1.1753872276177473,2.31547341375253,2.8025081157684344
DH,7.800000000000001,F.nucleatum,0.3076101569709602,0.3621501922607422,90200.74412551912,125387.31317267018,1.1773024526460314,2.3308664524219376,2.8206156253814716
DH,7.8500000000000005,F.nucleatum,0.3070999168954088,0.3621501922607422,90200.74412551912,125179.33033888991,1.1792585159965454,2.3462342042685966,2.838723134994509
DH,7.9,F.nucleatum,0.3065808371975116,0.3621501922607422,90200.74412551912,124967.74431948565,1.1812551481403601,2.3615762231209194,2.856830644607546
DH,7.95,F.nucleatum,0.30605308594608593,0.3621501922607422,90200.74412551912,124752.62362226489,1.1832920786968908,2.376892071199509,2.874938154220583
DH,8.0,F.nucleatum,0.3055168316392899,0.3621501922607422,90200.74412551912,124534.03693004204,1.1853690361921427,2.3921813191391434,2.8930456638336204
DH,8.05,F.nucleatum,0.3049722429954135,0.3621501922607422,90200.74412551912,124312.05301536118,1.187485748551184,2.407443546005011,2.9111531734466576
DH,8.1,F.nucleatum,0.30441948892806947,0.3621501922607422,90200.74412551912,124086.7407303833,1.1896419428859686,2.422678339303098,2.9292606830596943
DH,8.15,F.nucleatum,0.30385873840518496,0.3621501922607422,90200.74412551912,123858.16894940892,1.191837345740005,2.4378852949864296,2.9473681926727315
DH,8.200000000000001,F.nucleatum,0.30329016032441664,0.3621501922607422,90200.74412551912,123626.40651809511,1.1940716832796865,2.45306401745467,2.9654757022857687
DH,8.25,F.nucleatum,0.30271392349942816,0.3621501922607422,90200.74412551912,123391.52224786188,1.1963446810580098,2.468214119550266,2.9835832118988055
DH,8.3,F.nucleatum,0.3021301964320955,0.3621501922607422,90200.74412551912,123153.58482303908,1.1986560646285362,2.483335222548554,3.0016907215118427
DH,8.35,F.nucleatum,0.3015391473584722,0.3621501922607422,90200.74412551912,122912.66281960272,1.201005559089862,2.498426956143318,3.0197982311248794
DH,8.4,F.nucleatum,0.30094094404642713,0.3621501922607422,90200.74412551912,122668.82462268841,1.203392889619141,2.513488958428441,3.0379057407379166
DH,8.450000000000001,F.nucleatum,0.3003357537768365,0.3621501922607422,90200.74412551912,122422.13841892508,1.2058177812883266,2.5285208758740225,3.056013250350954
DH,8.5,F.nucleatum,0.2997237432383509,0.3621501922607422,90200.74412551912,122172.67215353997,1.2082799592314835,2.543522363299402,3.0741207599639906
DH,8.55,F.nucleatum,0.29910507839146955,0.3621501922607422,90200.74412551912,121920.49347495311,1.2107791489476452,2.5584930838401476,3.092228269577028
DH,8.6,F.nucleatum,0.29847992454126576,0.3621501922607422,90200.74412551912,121665.66976442133,1.2133150757704436,2.5734327089134656,3.1103357791900645
DH,8.65,F.nucleatum,0.29784844595175575,0.3621501922607422,90200.74412551912,121408.2679788483,1.215887466202868,2.5883409181757915,3.1284432888031017
DH,8.700000000000001,F.nucleatum,0.297210806367294,0.3621501922607422,90200.74412551912,121148.3548633144,1.2184960455751257,2.6032173994837677,3.146550798416139
DH,8.75,F.nucleatum,0.2965671680021213,0.3621501922607422,90200.74412551912,120885.99653919874,1.2211405419569297,2.618061848843003,3.1646583080291757
DH,8.8,F.nucleatum,0.29591769244496513,0.3621501922607422,90200.74412551912,120621.25887291021,1.2238206822597977,2.63287397035418,3.182765817642213
DH,8.85,F.nucleatum,0.29526254010379116,0.3621501922607422,90200.74412551912,120354.20724955844,1.2265361943084232,2.647653476167899,3.2008733272552496
DH,8.9,F.nucleatum,0.2946018698918395,0.3621501922607422,90200.74412551912,120084.90644497657,1.2292868079679957,2.6624000864177897,3.218980836868287
DH,8.950000000000001,F.nucleatum,0.2939358400684924,0.3621501922607422,90200.74412551912,119813.42096847376,1.232072251469418,2.6771135291667982,3.237088346481324
DH,9.0,F.nucleatum,0.2932646069353703,0.3621501922607422,90200.74412551912,119539.81453134108,1.2348922566730083,2.6917935403418944,3.255195856094361
DH,9.05,F.nucleatum,0.2925883258473692,0.3621501922607422,90200.74412551912,119264.15045896797,1.2377465546922075,2.7064398636614633,3.273303365707398
DH,9.1,F.nucleatum,0.29190715080537866,0.3621501922607422,90200.74412551912,118986.49152482706,1.2406348774312699,2.721052250577782,3.2914108753204347
DH,9.15,F.nucleatum,0.29122123382105425,0.3621501922607422,90200.74412551912,118706.8996915442,1.243556960146908,2.735630460193443,3.309518384933472
DH,9.200000000000001,F.nucleatum,0.2905307263408031,0.3621501922607422,90200.74412551912,118425.43669134003,1.2465125352556576,2.7501742591974896,3.327625894546509
DH,9.25,F.nucleatum,0.28983577738125355,0.3621501922607422,90200.74412551912,118142.16326601458,1.2495013401480983,2.7646834217905405,3.345733404159546
DH,9.3,F.nucleatum,0.289136534426672,0.3621501922607422,90200.74412551912,117857.13953275021,1.252523113271897,2.779157729585739,3.363840913772583
DH,9.35,F.nucleatum,0.2884331442400894,0.3621501922607422,90200.74412551912,117570.42531474103,1.255577590484162,2.793596971552408,3.38194842338562
DH,9.4,F.nucleatum,0.28772575098158326,0.3621501922607422,90200.74412551912,117282.07937417144,1.2586645130832335,2.80800094393295,3.400055932998657
DH,9.450000000000001,F.nucleatum,0.28701449708593857,0.3621501922607422,90200.74412551912,116992.15976996637,1.2617836239550866,2.822369450134638,3.4181634426116942
DH,9.5,F.nucleatum,0.28629952421624477,0.3621501922607422,90200.74412551912,116700.72424649398,1.2649346632766552,2.8367023006671923,3.436270952224731
DH,9.55,F.nucleatum,0.28558097143544,0.3621501922607422,90200.74412551912,116407.829488255,1.2681173764499638,2.8509993130584848,3.454378461837768
DH,9.600000000000001,F.nucleatum,0.28485897584576264,0.3621501922607422,90200.74412551912,116113.53138053449,1.2713315112697343,2.865260311740515,3.4724859714508054
DH,9.65,F.nucleatum,0.2841336737232653,0.3621501922607422,90200.74412551912,115817.88547184963,1.2745768127908057,2.8794851279797404,3.490593481063842
DH,9.700000000000001,F.nucleatum,0.2834051988168335,0.3621501922607422,90200.74412551912,115520.94628059978,1.2778530308288454,2.8936735997932432,3.5087009906768793
DH,9.75,F.nucleatum,0.2826736826403308,0.3621501922607422,90200.74412551912,115222.76741415008,1.2811599186668392,2.907825571829672,3.526808500289916
DH,9.8,F.nucleatum,0.281939255791851,0.3621501922607422,90200.74412551912,114923.40210658172,1.2844972270484711,2.9219408952904766,3.5449160099029533
DH,9.850000000000001,F.nucleatum,0.281202047086109,0.3621501922607422,90200.74412551912,114622.9028650394,1.2878647080042251,2.936019427862426,3.5630235195159905
DH,9.9,F.nucleatum,0.2804621816700334,0.3621501922607422,90200.74412551912,114321.32070161344,1.2912621234859236,2.950061033581329,3.5811310291290273
DH,9.950000000000001,F.nucleatum,0.2797197841948477,0.3621501922607422,90200.74412551912,114018.70642633614,1.294689230878553,2.9640655827279514,3.5992385387420645
DH,10.0,F.nucleatum,0.2789749784200357,0.3621501922607422,90200.74412551912,113715.11048575092,1.298145784656983,2.978032951793323,3.617346048355101
DH,10.05,F.nucleatum,0.2782278841189893,0.3621501922607422,90200.74412551912,113410.58170160005,1.3016315507250236,2.991963023356799,3.6354535579681384
DH,10.100000000000001,F.nucleatum,0.2774786193774332,0.3621501922607422,90200.74412551912,113105.16820770295,1.3051462958597781,3.00585568594421,3.6535610675811756
DH,10.15,F.nucleatum,0.2767273013490819,0.3621501922607422,90200.74412551912,112798.91775797529,1.3086897841131413,3.0197108339623724,3.6716685771942124
DH,10.200000000000001,F.nucleatum,0.27597404589573016,0.3621501922607422,90200.74412551912,112491.87757972346,1.3122617784049573,3.033528367643493,3.6897760868072496
DH,10.25,F.nucleatum,0.27521896452086314,0.3621501922607422,90200.74412551912,112184.09312373021,1.3158620551138989,3.0473081929039076,3.7078835964202863
DH,10.3,F.nucleatum,0.2744621681427972,0.3621501922607422,90200.74412551912,111875.60960225321,1.3194903862754688,3.0610502212204995,3.7259911060333235
DH,10.350000000000001,F.nucleatum,0.27370376641842187,0.3621501922607422,90200.74412551912,111566.4717133703,1.323146542700873,3.07475436958453,3.7440986156463607
DH,10.4,F.nucleatum,0.2729438660904309,0.3621501922607422,90200.74412551912,111256.72296728188,1.326830301952108,3.088420560397251,3.7622061252593975
DH,10.450000000000001,F.nucleatum,0.272182571885254,0.3621501922607422,90200.74412551912,110946.40605232363,1.330541444120884,3.1020487213466432,3.7803136348724347
DH,10.5,F.nucleatum,0.27141998758475994,0.3621501922607422,90200.74412551912,110635.56327181154,1.3342797466146399,3.115638785333393,3.7984211444854714
DH,10.55,F.nucleatum,0.27065621389041106,0.3621501922607422,90200.74412551912,110324.2356734338,1.338044994626937,3.1291906903702724,3.8165286540985086
DH,10.600000000000001,F.nucleatum,0.2698913500661871,0.3621501922607422,90200.74412551912,110012.46371893532,1.3418369731817263,3.1427043794691873,3.834636163711546
DH,10.65,F.nucleatum,0.26912549404957514,0.3621501922607422,90200.74412551912,109700.28732935934,1.345655466568437,3.156179800572081,3.8527436733245826
DH,10.700000000000001,F.nucleatum,0.26835874069227106,0.3621501922607422,90200.74412551912,109387.74516792623,1.349500267166712,3.1696169064406274,3.8708511829376198
DH,10.75,F.nucleatum,0.267591183802685,0.3621501922607422,90200.74412551912,109074.87547259475,1.3533711653511822,3.183015654553001,3.8889586925506565
DH,10.8,F.nucleatum,0.26682291542799746,0.3621501922607422,90200.74412551912,108761.71576341553,1.3572679530910414,3.196376007033768,3.9070662021636937
DH,10.850000000000001,F.nucleatum,0.26605402487077295,0.3621501922607422,90200.74412551912,108448.30244168531,1.3611904290365267,3.2096979305412376,3.925173711776731
DH,10.9,F.nucleatum,0.2652846004600477,0.3621501922607422,90200.74412551912,108134.67151187369,1.365138389611434,3.2229813961745077,3.9432812213897677
DH,10.950000000000001,F.nucleatum,0.2645147284574296,0.3621501922607422,90200.74412551912,107820.85813573001,1.3691116346250103,3.236226379397445,3.961388731002805
DH,11.0,F.nucleatum,0.2637444927714325,0.3621501922607422,90200.74412551912,107506.8965158411,1.3731099688765462,3.249432859928166,3.9794962406158416
DH,11.05,F.nucleatum,0.26297397650310733,0.3621501922607422,90200.74412551912,107192.82052565769,1.3771331942286806,3.2626008216600297,3.997603750228879
DH,11.100000000000001,F.nucleatum,0.2622032600686015,0.3621501922607422,90200.74412551912,106878.66294421662,1.3811811194337975,3.2757302525743226,4.0157112598419165
DH,11.15,F.nucleatum,0.26143242229589847,0.3621501922607422,90200.74412551912,106564.4559031911,1.3852535545528006,3.288821144633435,4.033818769454953
DH,11.200000000000001,F.nucleatum,0.26066154097392225,0.3621501922607422,90200.74412551912,106250.23111071548,1.3893503080954062,3.301873493715181,4.051926279067991
DH,11.25,F.nucleatum,0.25989069104816004,0.3621501922607422,90200.74412551912,105936.01911588918,1.3934711966795015,3.314887299515733,4.070033788681028
DH,11.3,F.nucleatum,0.2591199463978977,0.3621501922607422,90200.74412551912,105621.85003320922,1.3976160357205152,3.3278625654518845,4.088141298294065
DH,11.350000000000001,F.nucleatum,0.25834937949315134,0.3621501922607422,90200.74412551912,105307.75340272948,1.4017846412917068,3.340799298599161,4.106248807907103
DH,11.4,F.nucleatum,0.2575790601926119,0.3621501922607422,90200.74412551912,104993.7577000817,1.4059768367426075,3.3536975095913046,4.12435631752014
DH,11.450000000000001,F.nucleatum,0.25680905749951255,0.3621501922607422,90200.74412551912,104679.89105219801,1.4101924433153203,3.366557212533608,4.142463827133177
DH,11.5,F.nucleatum,0.25603943869013346,0.3621501922607422,90200.74412551912,104366.18088207413,1.4144312849358616,3.3793784249383485,4.160571336746214
DH,11.55,F.nucleatum,0.25527026881785814,0.3621501922607422,90200.74412551912,104052.65370661394,1.418693191094438,3.3921611676260484,4.178678846359252
DH,11.600000000000001,F.nucleatum,0.2545016121816211,0.3621501922607422,90200.74412551912,103739.33573519468,1.4229779888478638,3.4049054646510357,4.196786355972289
DH,11.65,F.nucleatum,0.25373353097463436,0.3621501922607422,90200.74412551912,103426.25231886399,1.4272855103921847,3.4176113432299418,4.214893865585326
DH,11.700000000000001,F.nucleatum,0.25296608571327545,0.3621501922607422,90200.74412551912,103113.42812516229,1.4316155908394042,3.4302788336471397,4.233001375198364
DH,11.75,F.nucleatum,0.25219933613942497,0.3621501922607422,90200.74412551912,102800.88750593145,1.435968063216996,3.442907969193457,4.2511088848114005
DH,11.8,F.nucleatum,0.25143333957121256,0.3621501922607422,90200.74412551912,102488.65382504975,1.440342767901596,3.455498786086223,4.269216394424438
DH,11.850000000000001,F.nucleatum,0.25066815224684386,0.3621501922607422,90200.74412551912,102176.75000619947,1.4447395451501837,3.4680513233816748,4.287323904037476
DH,11.9,F.nucleatum,0.24990382935212732,0.3621501922607422,90200.74412551912,101865.19854408728,1.449158234988284,3.480565622921649,4.3054314136505125
DH,11.950000000000001,F.nucleatum,0.24914042374503167,0.3621501922607422,90200.74412551912,101554.02098455139,1.4535986846974451,3.493041729249078,4.32353892326355
DH,12.0,F.nucleatum,0.24837798751293616,0.3621501922607422,90200.74412551912,101243.2385593242,1.4580607399513634,3.5054796895305267,4.341646432876587
DH,12.05,F.nucleatum,0.24761657140075502,0.3621501922607422,90200.74412551912,100932.87195292575,1.4625442481982365,3.517879553503369,4.359753942489625
DH,12.100000000000001,F.nucleatum,0.2468562241556123,0.3621501922607422,90200.74412551912,100622.94103554162,1.4670490626659318,3.5302413733922786,4.377861452102662
DH,12.15,F.nucleatum,0.24609699380853228,0.3621501922607422,90200.74412551912,100313.46538546252,1.4715750349331829,3.542565203841382,4.395968961715699
DH,12.200000000000001,F.nucleatum,0.24533892687557673,0.3621501922607422,90200.74412551912,100004.46396345383,1.4761220197413112,3.554851101858485,4.414076471328737
DH,12.25,F.nucleatum,0.24458206823751102,0.3621501922607422,90200.74412551912,99695.9550637053,1.4806898758786438,3.567099126736312,4.432183980941773
DH,12.3,F.nucleatum,0.24382646207751182,0.3621501922607422,90200.74412551912,99387.95669605724,1.4852784606521319,3.5793093399941878,4.450291490554811
DH,12.350000000000001,F.nucleatum,0.2430721507820959,0.3621501922607422,90200.74412551912,99080.4861379998,1.4898876366359008,3.591481805315678,4.468399000167849
DH,12.4,F.nucleatum,0.2423191758109169,0.3621501922607422,90200.74412551912,98773.56028921738,1.4945172665300337,3.603616588480503,4.486506509780885
DH,12.450000000000001,F.nucleatum,0.24156757729722544,0.3621501922607422,90200.74412551912,98467.1955087292,1.4991672157027578,3.6157137573082068,4.504614019393923
DH,12.5,F.nucleatum,0.2408173941380864,0.3621501922607422,90200.74412551912,98161.40765166338,1.5038373517698755,3.627773381594089,4.52272152900696
DH,12.55,F.nucleatum,0.2400686642275723,0.3621501922607422,90200.74412551912,97856.21216431074,1.5085275432592198,3.639795533053231,4.540829038619997
DH,12.600000000000001,F.nucleatum,0.23932142401111958,0.3621501922607422,90200.74412551912,97551.6239024725,1.513237662516648,3.651780285259198,4.558936548233035
DH,12.65,F.nucleatum,0.23857570919104265,0.3621501922607422,90200.74412551912,97247.6574190403,1.5179675813967533,3.663727713589252,4.577044057846072
DH,12.700000000000001,F.nucleatum,0.2378315539389997,0.3621501922607422,90200.74412551912,96944.32664298337,1.5227171763492255,3.6756378951675033,4.5951515674591095
DH,12.75,F.nucleatum,0.23708899171223344,0.3621501922607422,90200.74412551912,96641.64521206259,1.527486323364611,3.687510908808784,4.613259077072146
DH,12.8,F.nucleatum,0.2363480546292258,0.3621501922607422,90200.74412551912,96339.62621833642,1.5322749020670814,3.6993468349673204,4.631366586685184
DH,12.850000000000001,F.nucleatum,0.23560877390488855,0.3621501922607422,90200.74412551912,96038.28238555216,1.5370827930497035,3.7111457556806733,4.6494740962982215
DH,12.9,F.nucleatum,0.23487117972366933,0.3621501922607422,90200.74412551912,95737.62601742188,1.5419098787974717,3.722907754521387,4.667581605911258
DH,12.950000000000001,F.nucleatum,0.23413530114310707,0.3621501922607422,90200.74412551912,95437.66895830978,1.5467560444436803,3.7346329165430565,4.685689115524296
DH,13.0,F.nucleatum,0.2334011664674651,0.3621501922607422,90200.74412551912,95138.42274553167,1.5516211754289757,3.7463213282333205,4.703796625137333
DH,13.05,F.nucleatum,0.23266880272020535,0.3621501922607422,90200.74412551912,94839.89839432621,1.5565051610990752,3.7579730774630127,4.72190413475037
DH,13.100000000000001,F.nucleatum,0.23193823633622704,0.3621501922607422,90200.74412551912,94542.10668002348,1.5614078902270976,3.769588253439424,4.740011644363408
DH,13.15,F.nucleatum,0.23120949249190906,0.3621501922607422,90200.74412551912,94245.05786495858,1.5663292555923727,3.781166946660127,4.758119153976445
DH,13.200000000000001,F.nucleatum,0.23048259569200824,0.3621501922607422,90200.74412551912,93948.7619377016,1.5712691501647271,3.792709248864725,4.776226663589482
DH,13.25,F.nucleatum,0.22975756944704562,0.3621501922607422,90200.74412551912,93653.22848155464,1.5762274693814182,3.804215252993201,4.794334173202519
DH,13.3,F.nucleatum,0.22903443640713786,0.3621501922607422,90200.74412551912,93358.46672910386,1.5812041103590821,3.815685053139556,4.812441682815557
DH,13.350000000000001,F.nucleatum,0.22831321845645822,0.3621501922607422,90200.74412551912,93064.48560072339,1.5861989713478115,3.827118744511146,4.830549192428594
DH,13.4,F.nucleatum,0.22759393647297346,0.3621501922607422,90200.74412551912,92771.29360663987,1.5912119535036344,3.8385164233843816,4.848656702041631
DH,13.450000000000001,F.nucleatum,0.22687661077531832,0.3621501922607422,90200.74412551912,92478.89902908636,1.5962429578930406,3.849878187065589,4.866764211654669
DH,13.5,F.nucleatum,0.22616126059307534,0.3621501922607422,90200.74412551912,92187.30970637914,1.601291889296405,3.8612041338497987,4.8848717212677055
DH,13.55,F.nucleatum,0.22544790466545453,0.3621501922607422,90200.74412551912,91896.53327694994,1.60635865211585,3.872494362981262,4.902979230880743
DH,13.600000000000001,F.nucleatum,0.2247365607400581,0.3621501922607422,90200.74412551912,91606.57697503375,1.6114431540118823,3.8837489746164002,4.921086740493781
DH,13.65,F.nucleatum,0.2240272459641302,0.3621501922607422,90200.74412551912,91317.44779014903,1.6165453032383719,3.894968069784005,4.939194250106818
DH,13.700000000000001,F.nucleatum,0.22331997672174847,0.3621501922607422,90200.74412551912,91029.15240073415,1.6216650098973142,3.906151750351152,4.957301759719855
DH,13.75,F.nucleatum,0.22261476863644272,0.3621501922607422,90200.74412551912,90741.6971752148,1.626802186031862,3.917300118985106,4.975409269332892
DH,13.8,F.nucleatum,0.22191163677017162,0.3621501922607422,90200.74412551912,90455.08825311037,1.631956744277508,3.9284132791202717,4.99351677894593
DH,13.850000000000001,F.nucleatum,0.22121059531118464,0.3621501922607422,90200.74412551912,90169.33141780105,1.6371286002430983,3.9394913349223057,5.011624288558967
DH,13.9,F.nucleatum,0.22051165802729455,0.3621501922607422,90200.74412551912,89884.43228128958,1.6423176692813033,3.9505343912557676,5.029731798172004
DH,13.950000000000001,F.nucleatum,0.21981483780007935,0.3621501922607422,90200.74412551912,89600.39609433386,1.6475238700224424,3.961542553651452,5.047839307785042
DH,14.0,F.nucleatum,0.21912014707461722,0.3621501922607422,90200.74412551912,89317.22792976674,1.6527471211372398,3.972515928273319,5.065946817398078
DH,14.05,F.nucleatum,0.21842759756382488,0.3621501922607422,90200.74412551912,89034.9325619792,1.6579873436318933,3.98345462188928,5.084054327011116
DH,14.100000000000001,F.nucleatum,0.21773720042712952,0.3621501922607422,90200.74412551912,88753.51453975015,1.6632444596069087,3.9943587418390543,5.102161836624154
DH,14.15,F.nucleatum,0.2170489662642131,0.3621501922607422,90200.74412551912,88472.97818369648,1.6685183923884612,4.005228396006338,5.12026934623719
DH,14.200000000000001,F.nucleatum,0.2163629050107147,0.3621501922607422,90200.74412551912,88193.32754375951,1.673809067422199,4.016063692788211,5.138376855850228
DH,14.25,F.nucleatum,0.21567902619780577,0.3621501922607422,90200.74412551912,87914.56650501248,1.6791164103671503,4.026864741068423,5.156484365463265
DH,14.3,F.nucleatum,0.21499733862312298,0.3621501922607422,90200.74412551912,87636.69865352688,1.6844403497271612,4.037631650188946,5.1745918750763025
DH,14.350000000000001,F.nucleatum,0.21431785075548485,0.3621501922607422,90200.74412551912,87359.72744134217,1.6897808137966035,4.048364529923412,5.19269938468934
DH,14.4,F.nucleatum,0.21364057037194692,0.3621501922607422,90200.74412551912,87083.65603852307,1.6951377335786033,4.059063490451598,5.210806894302377
DH,14.450000000000001,F.nucleatum,0.21296550486367652,0.3621501922607422,90200.74412551912,86808.48745783944,1.7005110404737227,4.069728642332488,5.2289144039154145
DH,14.5,F.nucleatum,0.21229266108635833,0.3621501922607422,90200.74412551912,86534.224493789,1.7059006675384951,4.080360096481239,5.247021913528451
DH,14.55,F.nucleatum,0.21162204540476848,0.3621501922607422,90200.74412551912,86260.8697407665,1.7113065492210853,4.090957964143517,5.265129423141489
DH,14.600000000000001,F.nucleatum,0.21095366378391195,0.3621501922607422,90200.74412551912,85988.42563021294,1.7167286207065202,4.101522356873234,5.2832369327545265
DH,14.65,F.nucleatum,0.21028752162185954,0.3621501922607422,90200.74412551912,85716.89436247696,1.7221668193510937,4.112053386508379,5.301344442367563
DH,14.700000000000001,F.nucleatum,0.20962362402510387,0.3621501922607422,90200.74412551912,85446.27801905485,1.727621082523467,4.122551165149553,5.319451951980601
DH,14.75,F.nucleatum,0.20896197550812842,0.3621501922607422,90200.74412551912,85176.57844012948,1.733091350137312,4.133015805137884,5.337559461593638
DH,14.8,F.nucleatum,0.20830258031192614,0.3621501922607422,90200.74412551912,84907.79735440423,1.7385775621138941,4.143447419033385,5.355666971206675
DH,14.850000000000001,F.nucleatum,0.20764544216458164,0.3621501922607422,90200.74412551912,84639.93628151198,1.744079660432415,4.153846119595298,5.373774480819713
DH,14.9,F.nucleatum,0.20699056445447053,0.3621501922607422,90200.74412551912,84372.99660261428,1.7495975877702408,4.1642120197607735,5.39188199043275
DH,14.950000000000001,F.nucleatum,0.2063379501804613,0.3621501922607422,90200.74412551912,84106.97954010266,1.7551312879865721,4.174545232626647,5.409989500045787
DH,15.0,F.nucleatum,0.20568760192297772,0.3621501922607422,90200.74412551912,83841.88614580329,1.760680706445077,4.184845871429233,5.428097009658824
DH,15.05,F.nucleatum,0.205039521981431,0.3621501922607422,90200.74412551912,83577.71735699663,1.7662457889144885,4.195114049526843,5.446204519271862
DH,15.100000000000001,F.nucleatum,0.20439371218568425,0.3621501922607422,90200.74412551912,83314.4739195671,1.7718264832518034,4.205349880381021,5.464312028884899
DH,15.15,F.nucleatum,0.20375017415001845,0.3621501922607422,90200.74412551912,83052.156491524,1.7774227372885385,4.215553477539414,5.482419538497936
DH,15.200000000000001,F.nucleatum,0.20310890903232265,0.3621501922607422,90200.74412551912,82790.76554484332,1.7830345009785356,4.225724954618973,5.500527048110974
DH,15.25,F.nucleatum,0.202469917743966,0.3621501922607422,90200.74412551912,82530.30145101516,1.788661724645438,4.23586442528838,5.518634557724011
DH,15.3,F.nucleatum,0.2018332008731152,0.3621501922607422,90200.74412551912,82270.76444978658,1.7943043597094421,4.245972003253807,5.536742067337048
DH,15.350000000000001,F.nucleatum,0.20119875861692937,0.3621501922607422,90200.74412551912,82012.15462152315,1.799962359361545,4.256047802241058,5.554849576950086
DH,15.4,F.nucleatum,0.2005665910316801,0.3621501922607422,90200.74412551912,81754.47198916214,1.8056356764000614,4.266091935982273,5.572957086563123
DH,15.450000000000001,F.nucleatum,0.19993669772426242,0.3621501922607422,90200.74412551912,81497.71639246705,1.8113242660444075,4.276104518201172,5.59106459617616
DH,15.5,F.nucleatum,0.19930907807776493,0.3621501922607422,90200.74412551912,81241.88757997393,1.817028083986426,4.286085662596222,5.609172105789197
DH,15.55,F.nucleatum,0.1986837312852292,0.3621501922607422,90200.74412551912,80986.98522275234,1.8227470861257458,4.296035482830297,5.627279615402235
DH,15.600000000000001,F.nucleatum,0.1980606561145925,0.3621501922607422,90200.74412551912,80733.00881859181,1.8284812307761515,4.305954092515293,5.645387125015272
DH,15.65,F.nucleatum,0.19743985118997168,0.3621501922607422,90200.74412551912,80479.95780665817,1.8342304761579786,4.315841605197907,5.663494634628309
DH,15.700000000000001,F.nucleatum,0.19682131489274998,0.3621501922607422,90200.74412551912,80227.83152717476,1.8399947813481565,4.325698134349975,5.681602144241347
DH,15.75,F.nucleatum,0.1962050452579848,0.3621501922607422,90200.74412551912,79976.62917919634,1.8457741073098326,4.335523793353743,5.699709653854383
DH,15.8,F.nucleatum,0.19559104019610626,0.3621501922607422,90200.74412551912,79726.34991097753,1.851568414880549,4.3453186954900955,5.717817163467421
DH,15.850000000000001,F.nucleatum,0.19497929734692723,0.3621501922607422,90200.74412551912,79476.99276046448,1.8573776661855914,4.3550829539286715,5.735924673080459
DH,15.9,F.nucleatum,0.19436981408402765,0.3621501922607422,90200.74412551912,79228.55665708215,1.8632018246628652,4.364816681714445,5.7540321826934955
DH,15.950000000000001,F.nucleatum,0.1937625876775565,0.3621501922607422,90200.74412551912,78981.04048809524,1.8690408535594203,4.3745199917584845,5.772139692306533
DH,16.0,F.nucleatum,0.19315761507330928,0.3621501922607422,90200.74412551912,78734.44300855625,1.8748947180948317,4.384192996827256,5.79024720191957
DH,16.05,F.nucleatum,0.19255489306337356,0.3621501922607422,90200.74412551912,78488.76291086362,1.8807633838811435,4.393835809530673,5.8083547115326075
DH,16.1,F.nucleatum,0.19195441829999596,0.3621501922607422,90200.74412551912,78243.99883041416,1.8866468168227093,4.403448542314758,5.826462221145645
DH,16.150000000000002,F.nucleatum,0.19135618713573307,0.3621501922607422,90200.74412551912,78000.14928044574,1.892544984729766,4.413031307450651,5.844569730758683
DH,16.2,F.nucleatum,0.1907601958233106,0.3621501922607422,90200.74412551912,77757.21273350343,1.898457855412245,4.422584217024626,5.862677240371719
DH,16.25,F.nucleatum,0.19016644044034012,0.3621501922607422,90200.74412551912,77515.18759075267,1.9043853974558544,4.432107382931218,5.880784749984756
DH,16.3,F.nucleatum,0.18957491682368924,0.3621501922607422,90200.74412551912,77274.07215522746,1.9103275809296727,4.441600916862819,5.898892259597794
DH,16.35,F.nucleatum,0.18898562072563996,0.3621501922607422,90200.74412551912,77033.86469548316,1.916284375870554,4.451064930301552,5.916999769210832
DH,16.400000000000002,F.nucleatum,0.18839854770164433,0.3621501922607422,90200.74412551912,76794.56339984384,1.9222557534480473,4.460499534512234,5.935107278823869
DH,16.45,F.nucleatum,0.18781369312885576,0.3621501922607422,90200.74412551912,76556.16638395586,1.9282416858299951,4.469904840532996,5.953214788436905
DH,16.5,F.nucleatum,0.1872310523101798,0.3621501922607422,90200.74412551912,76318.67173320088,1.934242145158589,4.479280959168972,5.971322298049943
DH,16.55,F.nucleatum,0.18665062032221008,0.3621501922607422,90200.74412551912,76082.07744071182,1.9402571051495665,4.488628000984781,5.98942980766298
DH,16.6,F.nucleatum,0.18607239213936186,0.3621501922607422,90200.74412551912,75846.38145797189,1.9462865398618838,4.497946076296321,6.007537317276018
DH,16.650000000000002,F.nucleatum,0.1854963626365674,0.3621501922607422,90200.74412551912,75611.58169591331,1.9523304236982948,4.507235295165719,6.025644826889056
DH,16.7,F.nucleatum,0.1849225264849746,0.3621501922607422,90200.74412551912,75377.67598240216,1.9583887325385843,4.516495767393757,6.0437523365020915
DH,16.75,F.nucleatum,0.18435087828873076,0.3621501922607422,90200.74412551912,75144.66211799395,1.9644614423455133,4.5257276025131,6.061859846115129
DH,16.8,F.nucleatum,0.18378141253029642,0.3621501922607422,90200.74412551912,74912.5378536425,1.9705485297706133,4.534930909783576,6.079967355728167
DH,16.85,F.nucleatum,0.1832141235312345,0.3621501922607422,90200.74412551912,74681.30087471692,1.9766499726152527,4.5441057981851145,6.0980748653412045
DH,16.900000000000002,F.nucleatum,0.18264900555763902,0.3621501922607422,90200.74412551912,74450.94884397624,1.9827657487379942,4.5532523764123365,6.116182374954242
DH,16.95,F.nucleatum,0.18208605273870163,0.3621501922607422,90200.74412551912,74221.47936837566,1.9888958369614251,4.562370752869745,6.134289884567278
DH,17.0,F.nucleatum,0.18152525908921166,0.3621501922607422,90200.74412551912,73992.89000823797,1.9950402168701014,4.571461035665442,6.152397394180316
DH,17.05,F.nucleatum,0.1809666185727827,0.3621501922607422,90200.74412551912,73765.17830302587,2.0011988681497606,4.580523332606992,6.170504903793353
DH,17.1,F.nucleatum,0.18041012500237577,0.3621501922607422,90200.74412551912,73538.34173079339,2.007371771711666,4.589557751196371,6.188612413406391
DH,17.150000000000002,F.nucleatum,0.17985577212612844,0.3621501922607422,90200.74412551912,73312.37774317135,2.013558908783729,4.598564398624584,6.2067199230194285
DH,17.2,F.nucleatum,0.17930355362471462,0.3621501922607422,90200.74412551912,73087.28376429128,2.0197602609635315,4.607543381768354,6.224827432632464
DH,17.25,F.nucleatum,0.17875346304726517,0.3621501922607422,90200.74412551912,72863.05716466537,2.0259758109692347,4.616494807185154,6.242934942245502
DH,17.3,F.nucleatum,0.17820549390016535,0.3621501922607422,90200.74412551912,72639.695297382,2.032205541674415,4.62541878110884,6.26104245185854
DH,17.35,F.nucleatum,0.1776596396097387,0.3621501922607422,90200.74412551912,72417.19548289495,2.038449436553345,4.634315409446588,6.279149961471577
DH,17.400000000000002,F.nucleatum,0.17711589349973408,0.3621501922607422,90200.74412551912,72195.55499984678,2.044707479971502,4.643184797774325,6.297257471084615
DH,17.45,F.nucleatum,0.17657424886074752,0.3621501922607422,90200.74412551912,71974.77111336633,2.0509796564183387,4.652027051333336,6.315364980697651
DH,17.5,F.nucleatum,0.17603469890467915,0.3621501922607422,90200.74412551912,71754.84105650468,2.0572659510545845,4.660842275027472,6.3334724903106885
DH,17.55,F.nucleatum,0.17549723674754508,0.3621501922607422,90200.74412551912,71535.76202322883,2.063566349946009,4.669630573418777,6.351579999923726
DH,17.6,F.nucleatum,0.1749618554834727,0.3621501922607422,90200.74412551912,71317.5311985836,2.0698808392264203,4.678392050724552,6.369687509536764
DH,17.650000000000002,F.nucleatum,0.17442854815422937,0.3621501922607422,90200.74412551912,71100.1457462709,2.076209405472605,4.687126810815495,6.387795019149801
DH,17.7,F.nucleatum,0.1738973076971855,0.3621501922607422,90200.74412551912,70883.60278743862,2.0825520363510694,4.69583495721178,6.405902528762837
DH,17.75,F.nucleatum,0.17336812702979892,0.3621501922607422,90200.74412551912,70667.89943511796,2.088908719643115,4.704516593079955,6.424010038375875
DH,17.8,F.nucleatum,0.17284099903888162,0.3621501922607422,90200.74412551912,70453.03278984828,2.0952794433875863,4.713171821231672,6.442117547988913
DH,17.85,F.nucleatum,0.17231591652116243,0.3621501922607422,90200.74412551912,70238.99991544952,2.101664196622637,4.7218007441206735,6.46022505760195
DH,17.900000000000002,F.nucleatum,0.17179287224202996,0.3621501922607422,90200.74412551912,70025.79786296673,2.1080629687041252,4.730403463839753,6.478332567214988
DH,17.95,F.nucleatum,0.17127185894329489,0.3621501922607422,90200.74412551912,69813.42367383426,2.114475749227687,4.738980082119386,6.496440076828024
DH,18.0,F.nucleatum,0.17075286931401307,0.3621501922607422,90200.74412551912,69601.8743679826,2.120902528406425,4.747530700325819,6.514547586441061
DH,18.05,F.nucleatum,0.17023589598868155,0.3621501922607422,90200.74412551912,69391.14694310313,2.1273432971200177,4.756055419458386,6.532655096054099
DH,18.1,F.nucleatum,0.16972093158938023,0.3621501922607422,90200.74412551912,69181.23839182578,2.133798046412577,4.764554340147837,6.550762605667137
DH,18.150000000000002,F.nucleatum,0.16920796870732968,0.3621501922607422,90200.74412551912,68972.1456942017,2.140266767737959,4.773027562655256,6.568870115280174
DH,18.2,F.nucleatum,0.1686969998754263,0.3621501922607422,90200.74412551912,68763.86580650804,2.1467494533285754,4.781475186869824,6.58697762489321
DH,18.25,F.nucleatum,0.16818801761574925,0.3621501922607422,90200.74412551912,68556.39568061267,2.1532460956173978,4.789897312307104,6.605085134506248
DH,18.3,F.nucleatum,0.16768101443293534,0.3621501922607422,90200.74412551912,68349.73226127366,2.159756687335557,4.798294038108321,6.623192644119285
DH,18.35,F.nucleatum,0.16717598278412155,0.3621501922607422,90200.74412551912,68143.8724738873,2.1662812219168806,4.8066654630387475,6.641300153732323
DH,18.400000000000002,F.nucleatum,0.16667291511029378,0.3621501922607422,90200.74412551912,67938.81323726644,2.172819693116267,4.815011685486108,6.659407663345361
DH,18.45,F.nucleatum,0.16617180384034036,0.3621501922607422,90200.74412551912,67734.55146529271,2.1793720949716593,4.8233328034598735,6.677515172958397
DH,18.5,F.nucleatum,0.16567264137682744,0.3621501922607422,90200.74412551912,67531.0840611184,2.1859384220054814,4.831628914590302,6.695622682571434
DH,18.55,F.nucleatum,0.16517542009672956,0.3621501922607422,90200.74412551912,67328.40791746415,2.192518669234568,4.839900116127142,6.713730192184472
DH,18.6,F.nucleatum,0.1646801323716586,0.3621501922607422,90200.74412551912,67126.51992486476,2.1991128319196576,4.8481465049388515,6.7318377017975095
DH,18.650000000000002,F.nucleatum,0.16418677055850583,0.3621501922607422,90200.74412551912,66925.41696785459,2.205720905702903,4.856368177512105,6.749945211410547
DH,18.7,F.nucleatum,0.16369532699051148,0.3621501922607422,90200.74412551912,66725.09592132745,2.2123428867443113,4.864565229950831,6.768052721023583
DH,18.75,F.nucleatum,0.1632057939969714,0.3621501922607422,90200.74412551912,66525.55365856933,2.218978771473411,4.872737757975518,6.786160230636621
DH,18.8,F.nucleatum,0.16271816389961602,0.3621501922607422,90200.74412551912,66326.78704978245,2.2256285566506246,4.880885856922933,6.804267740249658
DH,18.85,F.nucleatum,0.16223242900448556,0.3621501922607422,90200.74412551912,66128.7929587734,2.2322922394925686,4.889009621745536,6.822375249862696
DH,18.900000000000002,F.nucleatum,0.161748581612941,0.3621501922607422,90200.74412551912,65931.56824744144,2.238969817536673,4.897109147010972,6.840482759475734
DH,18.95,F.nucleatum,0.16126661402288953,0.3621501922607422,90200.74412551912,65735.10977627798,2.2456612886368412,4.905184526901867,6.8585902690887695
DH,19.0,F.nucleatum,0.1607865185253748,0.3621501922607422,90200.74412551912,65539.4144029768,2.2523666510235985,4.913235855215574,6.876697778701807
DH,19.05,F.nucleatum,0.16030828740766634,0.3621501922607422,90200.74412551912,65344.47898369321,2.259085903274538,4.921263225363901,6.894805288314845
DH,19.1,F.nucleatum,0.15983191295685104,0.3621501922607422,90200.74412551912,65150.30037450809,2.2658190442762827,4.929266730373014,6.912912797927882
DH,19.150000000000002,F.nucleatum,0.15935738745724645,0.3621501922607422,90200.74412551912,64956.87543037351,2.272566073272897,4.937246462883366,6.93102030754092
DH,19.200000000000003,F.nucleatum,0.15888470319526185,0.3621501922607422,90200.74412551912,64764.20100709414,2.2793269898089346,4.9452025151496795,6.949127817153958
DH,19.25,F.nucleatum,0.1584138524584886,0.3621501922607422,90200.74412551912,64572.27396095651,2.2861017937534314,4.953134979041023,6.9672353267669935
DH,19.3,F.nucleatum,0.1579448275342388,0.3621501922607422,90200.74412551912,64381.091148133295,2.292890485332521,4.961043946040841,6.985342836380031
DH,19.35,F.nucleatum,0.15747762071754798,0.3621501922607422,90200.74412551912,64190.6494279454,2.299693065024745,4.968929507247136,7.003450345993069
DH,19.400000000000002,F.nucleatum,0.15701222430758766,0.3621501922607422,90200.74412551912,64000.945661399615,2.306509533622607,4.976791753372765,7.0215578556061065
DH,19.450000000000003,F.nucleatum,0.15654863060690602,0.3621501922607422,90200.74412551912,63811.97671087913,2.3133398922543256,4.984630774745627,7.039665365219144
DH,19.5,F.nucleatum,0.15608683192056472,0.3621501922607422,90200.74412551912,63623.73943979165,2.320184142407648,4.992446661308813,7.05777287483218
DH,19.55,F.nucleatum,0.15562682057395158,0.3621501922607422,90200.74412551912,63436.23071983021,2.327042285675005,5.000239502621176,7.075880384445218
DH,19.6,F.nucleatum,0.15516858889245447,0.3621501922607422,90200.74412551912,63249.44742268784,2.3339143240629987,5.008009387857837,7.093987894058255
DH,19.650000000000002,F.nucleatum,0.1547121292111392,0.3621501922607422,90200.74412551912,63063.38642400248,2.3408002598587956,5.015756405810427,7.112095403671293
DH,19.700000000000003,F.nucleatum,0.1542574338668453,0.3621501922607422,90200.74412551912,62878.04460013508,2.3477000957590772,5.023480644887377,7.1302029132843305
DH,19.75,F.nucleatum,0.15380449522764103,0.3621501922607422,90200.74412551912,62693.41884017596,2.3546138344314023,5.031182193114739,7.148310422897366
DH,19.8,F.nucleatum,0.1533533056616064,0.3621501922607422,90200.74412551912,62509.50603322022,2.3615414789940865,5.03886113813697,7.166417932510404
DH,19.85,F.nucleatum,0.1529038575484938,0.3621501922607422,90200.74412551912,62326.30307312084,2.3684830328488307,5.046517567217223,7.184525442123442
DH,19.900000000000002,F.nucleatum,0.15245614327150434,0.3621501922607422,90200.74412551912,62143.80685513655,2.375438499816963,5.0541515672377235,7.202632951736479
DH,19.950000000000003,F.nucleatum,0.1520101552529578,0.3621501922607422,90200.74412551912,61962.014290471554,2.38240788359234,5.061763224700835,7.220740461349517
DH,20.0,F.nucleatum,0.15156588591630274,0.3621501922607422,90200.74412551912,61780.92229079015,2.389391188335927,5.069352625730066,7.238847970962553
DH,20.05,F.nucleatum,0.15112332769784553,0.3621501922607422,90200.74412551912,61600.52777299771,2.396388418502944,5.07691985607042,7.2569554805755905
DH,20.1,F.nucleatum,0.1506824730386985,0.3621501922607422,90200.74412551912,61420.8276559586,2.4033995789791307,5.084465001088834,7.275062990188628
DH,20.150000000000002,F.nucleatum,0.15024331442591593,0.3621501922607422,90200.74412551912,61241.81887726395,2.4104246744324604,5.091988145775449,7.293170499801666
DH,20.200000000000003,F.nucleatum,0.14980584434931463,0.3621501922607422,90200.74412551912,61063.4983756309,2.41746371000244,5.09948937474483,7.311278009414703
DH,20.25,F.nucleatum,0.14937005531214653,0.3621501922607422,90200.74412551912,60885.86309525305,2.4245166911395843,5.106968772236366,7.329385519027739
DH,20.3,F.nucleatum,0.1489359398234961,0.3621501922607422,90200.74412551912,60708.90998270138,2.4315836237373345,5.114426422114757,7.347493028640777
DH,20.35,F.nucleatum,0.14850349044414246,0.3621501922607422,90200.74412551912,60532.636005618566,2.438664513390411,5.121862407871449,7.3656005382538146
DH,20.400000000000002,F.nucleatum,0.14807269973976778,0.3621501922607422,90200.74412551912,60357.038133645816,2.445759366157351,5.129276812626046,7.383708047866852
DH,20.450000000000003,F.nucleatum,0.14764356028960712,0.3621501922607422,90200.74412551912,60182.11334194877,2.4528681884287677,5.136669719126781,7.40181555747989
DH,20.5,F.nucleatum,0.147216064679465,0.3621501922607422,90200.74412551912,60007.85860837086,2.4599909870519596,5.144041209751007,7.419923067092926
DH,20.55,F.nucleatum,0.14679020555149425,0.3621501922607422,90200.74412551912,59834.27093372412,2.4671277685056396,5.151391366506782,7.438030576705963
DH,20.6,F.nucleatum,0.1463659755553926,0.3621501922607422,90200.74412551912,59661.347321895984,2.4742785397121576,5.158720271034454,7.456138086319001
DH,20.650000000000002,F.nucleatum,0.14594336735418129,0.3621501922607422,90200.74412551912,59489.084782204794,2.4814433079501406,5.166028004607194,7.474245595932039
DH,20.700000000000003,F.nucleatum,0.14552237361797174,0.3621501922607422,90200.74412551912,59317.480326859,2.4886220809692547,5.173314648131497,7.492353105545076
DH,20.75,F.nucleatum,0.14510298707673577,0.3621501922607422,90200.74412551912,59146.530992467146,2.4958148660938586,5.180580282148864,7.510460615158112
DH,20.8,F.nucleatum,0.14468520047113134,0.3621501922607422,90200.74412551912,58976.23381999369,2.5030216710588937,5.187824986837561,7.52856812477115
DH,20.85,F.nucleatum,0.14426900655180247,0.3621501922607422,90200.74412551912,58806.58585447357,2.5102425040315604,5.195048842013135,7.546675634384187
DH,20.900000000000002,F.nucleatum,0.1438543980870471,0.3621501922607422,90200.74412551912,58637.58414813774,2.5174773734870666,5.202251927129106,7.564783143997225
DH,20.950000000000003,F.nucleatum,0.14344136789754283,0.3621501922607422,90200.74412551912,58469.22577456808,2.5247262876035768,5.209434321278721,7.582890653610263
DH,21.0,F.nucleatum,0.14302990881422362,0.3621501922607422,90200.74412551912,58301.5078115271,2.5319892549964917,5.2165961031965145,7.600998163223299
DH,0.0,P.gingivalis,0.20043598745213215,0.3099184036254883,75050.90708084323,75137.598495588,1.5462213525877062,0.0,0.0
DH,0.05,P.gingivalis,0.20195974853111515,0.30905294418334955,75212.97880629566,76039.48880047745,1.5302699990029696,0.010059893399581183,0.015474283695220949
DH,0.1,P.gingivalis,0.2034926640884853,0.3081874847412109,75375.0505317481,76949.83065988596,1.514489409835437,0.020196203715071193,0.03090529441833496
DH,0.15000000000000002,P.gingivalis,0.2050348036981494,0.3073220252990722,75537.12225720054,77868.69546376866,1.498877360116428,0.030409390409737065,0.046293032169342045
DH,0.2,P.gingivalis,0.20658623570106938,0.30645656585693354,75699.19398265297,78796.15458747528,1.4834316759630428,0.04069991639471753,0.061637496948242186
DH,0.25,P.gingivalis,0.2081470281332007,0.30559110641479487,75861.2657081054,79732.27973711005,1.4681502260951629,0.051068247990574286,0.0769386887550354
DH,0.30000000000000004,P.gingivalis,0.2097172487236118,0.3047256469726562,76023.33743355786,80677.14294631133,1.4530309205718066,0.061514854911994606,0.09219660758972169
DH,0.35000000000000003,P.gingivalis,0.21129696360857436,0.3038601875305175,76185.40915901029,81630.81607695088,1.4380717183111806,0.07204021022029926,0.10741125345230103
DH,0.4,P.gingivalis,0.2128862383132499,0.30299472808837885,76347.48088446273,82593.37118695864,1.4232706185664263,0.08264479026834486,0.12258262634277343
DH,0.45,P.gingivalis,0.2144851379409022,0.3021292686462402,76509.55260991516,83564.88059903808,1.408625658387048,0.09332907467469866,0.1377107262611389
DH,0.5,P.gingivalis,0.21609372616572678,0.3012638092041015,76671.6243353676,84545.4165031628,1.3941349179802471,0.10409354627736438,0.15279555320739743
DH,0.55,P.gingivalis,0.2177120652426076,0.30039834976196284,76833.69606082003,85535.0509487103,1.3797965189812227,0.11493869106257275,0.16783710718154907
DH,0.6000000000000001,P.gingivalis,0.2193402168969539,0.29953289031982416,76995.76778627247,86533.8561838999,1.3656086173223072,0.1258649981160618,0.18283538818359377
DH,0.65,P.gingivalis,0.22097824187666726,0.2986674308776855,77157.8395117249,87541.90447396718,1.351569404938873,0.13687295958540233,0.19779039621353148
DH,0.7000000000000001,P.gingivalis,0.2226261984638423,0.2978019714355468,77319.91123717734,88559.26750112545,1.3376771174750763,0.14796307059391509,0.2127021312713623
DH,0.75,P.gingivalis,0.22428414440543085,0.29693651199340815,77481.98296262979,89586.01711554582,1.3239300209142117,0.1591358291656469,0.22757059335708615
DH,0.8,P.gingivalis,0.22595213667501113,0.2960710525512695,77644.05468808222,90622.22523542949,1.3103264120804088,0.17039173619265796,0.24239578247070312
DH,0.8500000000000001,P.gingivalis,0.22763022918779335,0.2952055931091308,77806.12641353466,91667.96292049618,1.2968646306883442,0.18173129533922808,0.2571776986122131
DH,0.9,P.gingivalis,0.22931847489993284,0.29434013366699213,77968.19813898709,92723.30119578874,1.2835430455196977,0.1931550129414212,0.27191634178161617
DH,0.9500000000000001,P.gingivalis,0.2310169260469434,0.29347467422485346,78130.26986443953,93788.31114061267,1.2703600521687248,0.2046633979650931,0.28661171197891233
DH,1.0,P.gingivalis,0.23272563196636328,0.2926092147827148,78292.34158989196,94863.06299511684,1.257314084015493,0.21625696191542576,0.3012638092041015
DH,1.05,P.gingivalis,0.23444464001246101,0.2926092147827148,78292.34158989196,95563.76092507089,1.2480951356668348,0.2279362187148964,0.31589426994323727
DH,1.1,P.gingivalis,0.23617399653168974,0.2926092147827148,78292.34158989196,96268.67707478114,1.2389561047354871,0.23970168462850017,0.33052473068237304
DH,1.1500000000000001,P.gingivalis,0.23791374608424273,0.2926092147827148,78292.34158989196,96977.82960776647,1.2298962107011042,0.2515538781938985,0.3451551914215088
DH,1.2000000000000002,P.gingivalis,0.23966392946855683,0.2926092147827148,78292.34158989196,97691.23515418773,1.220914700979666,0.26349332008271853,0.35978565216064456
DH,1.25,P.gingivalis,0.2414245867048717,0.2926092147827148,78292.34158989196,98408.91002699884,1.2120108344243061,0.2755205329870542,0.3744161128997803
DH,1.3,P.gingivalis,0.24319575639535726,0.2926092147827148,78292.34158989196,99130.86996112358,1.2031838841259521,0.2876360415645599,0.38904657363891604
DH,1.35,P.gingivalis,0.24497747250687285,0.2926092147827148,78292.34158989196,99857.12880205153,1.194433152519792,0.2998403722871157,0.4036770343780518
DH,1.4000000000000001,P.gingivalis,0.24676976777162116,0.2926092147827148,78292.34158989196,100587.69989200454,1.185757953354792,0.31213405329407806,0.41830749511718757
DH,1.4500000000000002,P.gingivalis,0.24857267381803205,0.2926092147827148,78292.34158989196,101322.59612328719,1.1771576106427522,0.3245176143338194,0.43293795585632333
DH,1.5,P.gingivalis,0.2503862176417193,0.2926092147827148,78292.34158989196,102061.82849978672,1.168631474761973,0.33699158662031314,0.44756841659545904
DH,1.55,P.gingivalis,0.2522104239144889,0.2926092147827148,78292.34158989196,102805.4070781654,1.1601789102972324,0.34955650265921834,0.4621988773345948
DH,1.6,P.gingivalis,0.25404531564609967,0.2926092147827148,78292.34158989196,103553.34123760587,1.151799292337029,0.36221289614823304,0.47682933807373057
DH,1.6500000000000001,P.gingivalis,0.255890913154855,0.2926092147827148,78292.34158989196,104305.63926020611,1.143492010619538,0.37496130186825694,0.49145979881286633
DH,1.7000000000000002,P.gingivalis,0.25774723178850767,0.2926092147827148,78292.34158989196,105062.30740198026,1.1352564788079387,0.387802255491841,0.506090259552002
DH,1.75,P.gingivalis,0.2596142858560313,0.2926092147827148,78292.34158989196,105823.35149551777,1.1270921159746223,0.4007362934329544,0.5207207202911377
DH,1.8,P.gingivalis,0.261492087446205,0.2926092147827148,78292.34158989196,106588.77646841771,1.1189983515004496,0.4137639527655103,0.5353511810302735
DH,1.85,P.gingivalis,0.2633806425204379,0.2926092147827148,78292.34158989196,107358.5847506554,1.110974641046404,0.4268857710146764,0.5499816417694092
DH,1.9000000000000001,P.gingivalis,0.26527995561277484,0.2926092147827148,78292.34158989196,108132.77819038725,1.1030204453510692,0.4401022859680067,0.564612102508545
DH,1.9500000000000002,P.gingivalis,0.26719002965820793,0.2926092147827148,78292.34158989196,108911.35798396773,1.0951352307457853,0.4534140355997813,0.5792425632476808
DH,2.0,P.gingivalis,0.26911086119913297,0.2926092147827148,78292.34158989196,109694.3227220165,1.087318488294658,0.46682155787121477,0.5938730239868164
DH,2.0500000000000003,P.gingivalis,0.2710424442516447,0.2926092147827148,78292.34158989196,110481.66996538849,1.0795697168043792,0.4803253905074843,0.6085034847259522
DH,2.1,P.gingivalis,0.27298477095724316,0.2926092147827148,78292.34158989196,111273.39651082082,1.0718884198435572,0.49392607088770646,0.6231339454650878
DH,2.15,P.gingivalis,0.2749378284556253,0.2926092147827148,78292.34158989196,112069.49711622765,1.064274117629985,0.5076241358730281,0.6377644062042235
DH,2.2,P.gingivalis,0.276901599712254,0.2926092147827148,78292.34158989196,112869.96483803188,1.0567263428119722,0.5214201215772252,0.6523948669433592
DH,2.25,P.gingivalis,0.2788760661023487,0.2926092147827148,78292.34158989196,113674.79208444525,1.049244629961633,0.5353145632225902,0.6670253276824949
DH,2.3000000000000003,P.gingivalis,0.2808612033603718,0.2926092147827148,78292.34158989196,114483.96896440756,1.041828530540294,0.5493079949591583,0.6816557884216307
DH,2.35,P.gingivalis,0.28285698337689047,0.2926092147827148,78292.34158989196,115297.48402001934,1.0344776052172981,0.5634009496275898,0.6962862491607663
DH,2.4000000000000004,P.gingivalis,0.28486337626380376,0.2926092147827148,78292.34158989196,116115.32506836472,1.0271914158306465,0.5775939586186072,0.7109167098999021
DH,2.45,P.gingivalis,0.28688034573953025,0.2926092147827148,78292.34158989196,116937.47732043262,1.019969541755872,0.5918875516686904,0.7255471706390377
DH,2.5,P.gingivalis,0.2889078521022939,0.2926092147827148,78292.34158989196,117763.92459308048,1.0128115683027898,0.606282256614736,0.7401776313781734
DH,2.5500000000000003,P.gingivalis,0.2909458535759989,0.2926092147827148,78292.34158989196,118594.64985763645,1.005717081670942,0.6207785992566934,0.7548080921173091
DH,2.6,P.gingivalis,0.29299430143331173,0.2926092147827148,78292.34158989196,119429.63325198198,0.9986856855279672,0.6353771031319262,0.7694385528564448
DH,2.6500000000000004,P.gingivalis,0.29505314391731563,0.2926092147827148,78292.34158989196,120268.85367908694,0.9917169866344969,0.650078289265692,0.7840690135955806
DH,2.7,P.gingivalis,0.29712232681323913,0.2926092147827148,78292.34158989196,121112.28904005646,0.9848105927315212,0.6648826760339558,0.7986994743347162
DH,2.75,P.gingivalis,0.29920178859949587,0.2926092147827148,78292.34158989196,121959.9142576093,0.9779661283188192,0.6797907789192741,0.8133299350738519
DH,2.8000000000000003,P.gingivalis,0.30129146506479576,0.2926092147827148,78292.34158989196,122811.70315809366,0.9711832186145274,0.6948031102608815,0.8279603958129876
DH,2.85,P.gingivalis,0.3033912890951182,0.2926092147827148,78292.34158989196,123667.62838465371,0.9644614901615615,0.7099201791148793,0.8425908565521233
DH,2.9000000000000004,P.gingivalis,0.30550118611428456,0.2926092147827148,78292.34158989196,124527.65953872666,0.9578005850139415,0.7251424909951144,0.857221317291259
DH,2.95,P.gingivalis,0.30762107913018866,0.2926092147827148,78292.34158989196,125391.76523697516,0.9512001440541054,0.7404705476262262,0.8718517780303947
DH,3.0,P.gingivalis,0.30975088777441556,0.2926092147827148,78292.34158989196,126259.912719819,0.9446598099690204,0.7559048467988413,0.8864822387695304
DH,3.0500000000000003,P.gingivalis,0.3118905242503024,0.2926092147827148,78292.34158989196,127132.0661997934,0.9381792392893805,0.7714458820994593,0.9011126995086661
DH,3.1,P.gingivalis,0.31403989854069503,0.2926092147827148,78292.34158989196,128008.18898432222,0.9317580859707126,0.7870941426692342,0.9157431602478018
DH,3.1500000000000004,P.gingivalis,0.3161989167870095,0.2926092147827148,78292.34158989196,128888.24281499497,0.9253960062735298,0.8028501130524268,0.9303736209869375
DH,3.2,P.gingivalis,0.3183674779061565,0.2926092147827148,78292.34158989196,129772.18648856564,0.9190926683439873,0.818714272919756,0.9450040817260732
DH,3.25,P.gingivalis,0.3205454787033678,0.2926092147827148,78292.34158989196,130659.97794103072,0.9128477368214413,0.834687096834994,0.9596345424652089
DH,3.3000000000000003,P.gingivalis,0.32273281172546786,0.2926092147827148,78292.34158989196,131551.57337258494,0.9066608790668064,0.8507690540957149,0.9742650032043446
DH,3.35,P.gingivalis,0.32492936264154887,0.2926092147827148,78292.34158989196,132446.9261799383,0.9005317722101693,0.8669606084548903,0.9888954639434803
DH,3.4000000000000004,P.gingivalis,0.32713501502763276,0.2926092147827148,78292.34158989196,133345.98890662863,0.8944600893854129,0.88326221789662,1.003525924682616
DH,3.45,P.gingivalis,0.3293496478723222,0.2926092147827148,78292.34158989196,134248.71222628083,0.8884455066918716,0.8996743344691188,1.0181563854217517
DH,3.5,P.gingivalis,0.3315731337436523,0.2926092147827148,78292.34158989196,135155.04419538353,0.8824877078519229,0.9161974040095181,1.0327868461608873
DH,3.5500000000000003,P.gingivalis,0.3338053430467296,0.2926092147827148,78292.34158989196,136064.93198877753,0.8765863725007909,0.9328318659292777,1.0474173069000232
DH,3.6,P.gingivalis,0.3360461413954826,0.2926092147827148,78292.34158989196,136978.32082833533,0.870741183242309,0.9495781530403329,1.0620477676391589
DH,3.6500000000000004,P.gingivalis,0.33829538843558804,0.2926092147827148,78292.34158989196,137895.15350316482,0.8649518284474872,0.9664366912861098,1.0766782283782947
DH,3.7,P.gingivalis,0.34055294181387674,0.2926092147827148,78292.34158989196,138815.37198760916,0.8592179918464343,0.9834078995423463,1.0913086891174304
DH,3.75,P.gingivalis,0.34281865386703103,0.2926092147827148,78292.34158989196,139738.91609150157,0.8535393610646667,1.000492189434369,1.105939149856566
DH,3.8000000000000003,P.gingivalis,0.3450923717254407,0.2926092147827148,78292.34158989196,140665.72350249882,0.8479156271107549,1.0176899650741809,1.120569610595702
DH,3.85,P.gingivalis,0.3473739407028914,0.2926092147827148,78292.34158989196,141595.7311677778,0.842346475934944,1.035001622884889,1.1352000713348376
DH,3.9000000000000004,P.gingivalis,0.34966320021826874,0.2926092147827148,78292.34158989196,142528.87363165044,0.8368315985212644,1.0524275514079182,1.1498305320739735
DH,3.95,P.gingivalis,0.3519599854352506,0.2926092147827148,78292.34158989196,143465.08370393113,0.8313706867013879,1.0699681310492561,1.164460992813109
DH,4.0,P.gingivalis,0.3542641296903317,0.2926092147827148,78292.34158989196,144404.29344964228,0.8259634274530968,1.0876237339273955,1.1790914535522448
DH,4.05,P.gingivalis,0.35657546018924624,0.2926092147827148,78292.34158989196,145346.43243480037,0.8206095131376049,1.1053947236743848,1.1937219142913804
DH,4.1000000000000005,P.gingivalis,0.35889380071482047,0.2926092147827148,78292.34158989196,146291.4288301844,0.8153086350333036,1.1232814551969867,1.2083523750305163
DH,4.15,P.gingivalis,0.36121897313802004,0.2926092147827148,78292.34158989196,147239.2100272653,0.8100604800482344,1.1412842745433076,1.222982835769652
DH,4.2,P.gingivalis,0.36355079327125145,0.2926092147827148,78292.34158989196,148189.70094793872,0.8048647402191035,1.1594035187035394,1.2376132965087876
DH,4.25,P.gingivalis,0.36588907421195604,0.2926092147827148,78292.34158989196,149142.8254074327,0.7997211051270939,1.1776395153906196,1.2522437572479233
DH,4.3,P.gingivalis,0.36823362703244494,0.2926092147827148,78292.34158989196,150098.50639549666,0.7946292606159325,1.1959925829217295,1.266874217987059
DH,4.3500000000000005,P.gingivalis,0.37058425707733317,0.2926092147827148,78292.34158989196,151056.66456717014,0.7895888969769522,1.2144630300244743,1.2815046787261948
DH,4.4,P.gingivalis,0.37294076756060535,0.2926092147827148,78292.34158989196,152017.21970901036,0.7845997011714839,1.2330511556404227,1.2961351394653304
DH,4.45,P.gingivalis,0.3753029595726614,0.2926092147827148,78292.34158989196,152980.09074196397,0.7796613570963953,1.2517572488187543,1.310765600204466
DH,4.5,P.gingivalis,0.3776706290106367,0.2926092147827148,78292.34158989196,153945.19447011166,0.7747735521537571,1.2705815885333367,1.3253960609436017
DH,4.55,P.gingivalis,0.38004357010886514,0.2926092147827148,78292.34158989196,154912.44701974693,0.7699359699702211,1.2895244435113242,1.3400265216827374
DH,4.6000000000000005,P.gingivalis,0.38242157493278817,0.2926092147827148,78292.34158989196,155881.76363308457,0.7651482917357416,1.3085860721373659,1.3546569824218733
DH,4.65,P.gingivalis,0.38480443103509654,0.2926092147827148,78292.34158989196,156853.05771286282,0.7604102010873857,1.327766722286563,1.369287443161009
DH,4.7,P.gingivalis,0.38719192472826613,0.2926092147827148,78292.34158989196,157826.24215628643,0.7557213776812879,1.347066631180647,1.3839179039001446
DH,4.75,P.gingivalis,0.3895838399343822,0.2926092147827148,78292.34158989196,158801.2288861949,0.7510814997665177,1.366486025297213,1.3985483646392802
DH,4.800000000000001,P.gingivalis,0.3919799572618519,0.2926092147827148,78292.34158989196,159777.92847471422,0.7464902461511441,1.3860251202271192,1.413178825378416
DH,4.8500000000000005,P.gingivalis,0.39438005611490634,0.2926092147827148,78292.34158989196,160756.25100312708,0.7419472923282417,1.405684120561538,1.4278092861175518
DH,4.9,P.gingivalis,0.39678391347528735,0.2926092147827148,78292.34158989196,161736.10556526683,0.7374523130735218,1.4254632198012929,1.4424397468566874
DH,4.95,P.gingivalis,0.3991913041355378,0.2926092147827148,78292.34158989196,162717.40036261085,0.7330049822011276,1.4453626002415634,1.457070207595823
DH,5.0,P.gingivalis,0.40160200189122686,0.2926092147827148,78292.34158989196,163700.04319025253,0.7286049706046223,1.4653824328922325,1.4717006683349587
DH,5.050000000000001,P.gingivalis,0.40401577802556016,0.2926092147827148,78292.34158989196,164683.94081920155,0.7242519492993731,1.4855228773901523,1.4863311290740946
DH,5.1000000000000005,P.gingivalis,0.4064324028616761,0.2926092147827148,78292.34158989196,165668.99962912741,0.7199455868244355,1.5057840819123331,1.5009615898132302
DH,5.15,P.gingivalis,0.4088516454632368,0.2926092147827148,78292.34158989196,166655.12548631488,0.7156855500757076,1.5261661831204558,1.515592050552366
DH,5.2,P.gingivalis,0.4112732732354185,0.2926092147827148,78292.34158989196,167642.22358102066,0.7114715052617125,1.5466693060879222,1.5302225112915016
DH,5.25,P.gingivalis,0.4136970530319592,0.2926092147827148,78292.34158989196,168630.19887872558,0.7073031162252682,1.5672935642446066,1.5448529720306372
DH,5.300000000000001,P.gingivalis,0.41612275056939024,0.2926092147827148,78292.34158989196,169618.95588136496,0.7031800457493154,1.5880390593346407,1.559483432769773
DH,5.3500000000000005,P.gingivalis,0.41855013079825576,0.2926092147827148,78292.34158989196,170608.39877864433,0.699101955181934,1.6089058813688317,1.5741138935089087
DH,5.4,P.gingivalis,0.4209789582721564,0.2926092147827148,78292.34158989196,171598.431598468,0.6950685040974125,1.629894108595592,1.5887443542480444
DH,5.45,P.gingivalis,0.42340899689291517,0.2926092147827148,78292.34158989196,172588.9581030643,0.6910793510056634,1.6510038074747186,1.60337481498718
DH,5.5,P.gingivalis,0.4258400103997328,0.2926092147827148,78292.34158989196,173579.88198837382,0.6871341528196111,1.6722350326570348,1.6180052757263157
DH,5.550000000000001,P.gingivalis,0.4282717623419336,0.2926092147827148,78292.34158989196,174571.1068729402,0.6832325651885838,1.6935878269755766,1.6326357364654516
DH,5.6000000000000005,P.gingivalis,0.4307040163309929,0.2926092147827148,78292.34158989196,175562.5364006409,0.6793742423749463,1.7150622214423996,1.6472661972045872
DH,5.65,P.gingivalis,0.43313653604206154,0.2926092147827148,78292.34158989196,176554.07424130864,0.6755588375354689,1.736658235251726,1.6618966579437229
DH,5.7,P.gingivalis,0.4355690855504826,0.2926092147827148,78292.34158989196,177545.62422790163,0.6717860024728529,1.7583758757915395,1.6765271186828585
DH,5.75,P.gingivalis,0.43800142942642273,0.2926092147827148,78292.34158989196,178537.09039507672,0.6680553877778348,1.7802151386659621,1.6911575794219942
DH,5.800000000000001,P.gingivalis,0.44043333254709016,0.2926092147827148,78292.34158989196,179528.37690264644,0.6643666433930262,1.8021760077153002,1.70578804016113
DH,5.8500000000000005,P.gingivalis,0.442864560998245,0.2926092147827148,78292.34158989196,180519.3884030503,0.6607194175193313,1.8242584550539336,1.7204185009002657
DH,5.9,P.gingivalis,0.44529488142090684,0.2926092147827148,78292.34158989196,181510.02977506132,0.6571133578922307,1.8464624411144124,1.7350489616394014
DH,5.95,P.gingivalis,0.4477240614128645,0.2926092147827148,78292.34158989196,182500.20628744853,0.6535481114402023,1.8687879146852566,1.749679422378537
DH,6.0,P.gingivalis,0.45015187022047976,0.2926092147827148,78292.34158989196,183489.8238809682,0.6500233235494453,1.89123481297609,1.7643098831176727
DH,6.050000000000001,P.gingivalis,0.4525780776998906,0.2926092147827148,78292.34158989196,184478.78874493233,0.6465386398515465,1.9138030616740997,1.7789403438568085
DH,6.1000000000000005,P.gingivalis,0.4550024557056809,0.2926092147827148,78292.34158989196,185467.0078832544,0.643093704470003,1.936492575009239,1.7935708045959442
DH,6.15,P.gingivalis,0.45742477753368077,0.2926092147827148,78292.34158989196,186454.38888732536,0.639688161101351,1.959303255840223,1.8082012653350799
DH,6.2,P.gingivalis,0.4598448178174133,0.2926092147827148,78292.34158989196,187440.83989380335,0.6363216534037329,1.9822349957240002,1.8228317260742155
DH,6.25,P.gingivalis,0.4622623536124821,0.2926092147827148,78292.34158989196,188426.27002662903,0.6329938237367503,2.0052876750097477,1.8374621868133512
DH,6.300000000000001,P.gingivalis,0.46467716323912417,0.2926092147827148,78292.34158989196,189410.58892523008,0.6297043150195382,2.028461162931038,1.852092647552487
DH,6.3500000000000005,P.gingivalis,0.46708902777564326,0.2926092147827148,78292.34158989196,190393.70735327058,0.6264527689210967,2.051755317706407,1.8667231082916227
DH,6.4,P.gingivalis,0.4694977297980763,0.2926092147827148,78292.34158989196,191375.53668491702,0.6232388278183187,2.07516998664575,1.8813535690307583
DH,6.45,P.gingivalis,0.4719030547464333,0.2926092147827148,78292.34158989196,192355.98946174176,0.6200621331852617,2.0987050062593626,1.895984029769894
DH,6.5,P.gingivalis,0.4743047900476646,0.2926092147827148,78292.34158989196,193334.97903522901,0.6169223269984463,2.122360202379215,1.9106144905090297
DH,6.550000000000001,P.gingivalis,0.4767027258385736,0.2926092147827148,78292.34158989196,194312.41986144675,0.613819050998675,2.1461353902763713,1.9252449512481655
DH,6.6000000000000005,P.gingivalis,0.47909665479798397,0.2926092147827148,78292.34158989196,195288.22743263515,0.6107519471328734,2.1700303747922853,1.9398754119873012
DH,6.65,P.gingivalis,0.4814863721998089,0.2926092147827148,78292.34158989196,196262.3182988385,0.6077206576914015,2.19404495046723,1.9545058727264368
DH,6.7,P.gingivalis,0.4838716763899253,0.2926092147827148,78292.34158989196,197234.6102622877,0.6047248249077454,2.2181789016819735,1.9691363334655725
DH,6.75,P.gingivalis,0.4862523681028152,0.2926092147827148,78292.34158989196,198205.02209885098,0.6017640920174281,2.242432002794292,1.9837667942047081
DH,6.800000000000001,P.gingivalis,0.4886282517196955,0.2926092147827148,78292.34158989196,199173.47407086994,0.5988381018758036,2.266804018289855,1.998397254943844
DH,6.8500000000000005,P.gingivalis,0.49099913379536814,0.2926092147827148,78292.34158989196,200139.88732667768,0.5959464989701274,2.2912947029277313,2.0130277156829797
DH,6.9,P.gingivalis,0.4933648250047236,0.2926092147827148,78292.34158989196,201104.1846940279,0.5930889272049609,2.3159038018977336,2.0276581764221153
DH,6.95,P.gingivalis,0.49572513813314883,0.2926092147827148,78292.34158989196,202066.28986094982,0.5902650325231675,2.3406310509761803,2.042288637161251
DH,7.0,P.gingivalis,0.4980798902842762,0.2926092147827148,78292.34158989196,203026.12827566543,0.5874744604037513,2.3654761766866157,2.0569190979003866
DH,7.050000000000001,P.gingivalis,0.5004289009447763,0.2926092147827148,78292.34158989196,203983.62635776508,0.5847168583394927,2.390438896467342,2.0715495586395227
DH,7.1000000000000005,P.gingivalis,0.5027719937080146,0.2926092147827148,78292.34158989196,204938.71220080022,0.5819918739400746,2.415518918833662,2.0861800193786584
DH,7.15,P.gingivalis,0.5051089951258761,0.2926092147827148,78292.34158989196,205891.3151042669,0.5792991564321575,2.440715943554509,2.100810480117794
DH,7.2,P.gingivalis,0.5074397354459941,0.2926092147827148,78292.34158989196,206841.36587411317,0.5766383559331189,2.466029661818806,2.1154409408569297
DH,7.25,P.gingivalis,0.509764048461206,0.2926092147827148,78292.34158989196,207788.79676137483,0.5740091237622515,2.4914597564164858,2.1300714015960653
DH,7.300000000000001,P.gingivalis,0.5120817712987212,0.2926092147827148,78292.34158989196,208733.5413762362,0.5714111128006198,2.5170059019104842,2.1447018623352014
DH,7.3500000000000005,P.gingivalis,0.5143927451759648,0.2926092147827148,78292.34158989196,209675.5349961255,0.5688439767606331,2.5426677648223515,2.159332323074337
DH,7.4,P.gingivalis,0.5166968142310014,0.2926092147827148,78292.34158989196,210614.7140889752,0.5663073716028312,2.5684450038075255,2.1739627838134727
DH,7.45,P.gingivalis,0.5189938272193945,0.2926092147827148,78292.34158989196,211551.01700489133,0.5638009537616716,2.5943372698437854,2.1885932445526084
DH,7.5,P.gingivalis,0.5212836354757049,0.2926092147827148,78292.34158989196,212484.3831452248,0.5613243824845758,2.6203442064111626,2.203223705291744
DH,7.550000000000001,P.gingivalis,0.5235660952856314,0.2926092147827148,78292.34158989196,213414.75392949738,0.5588773173386674,2.6464654496801963,2.21785416603088
DH,7.6000000000000005,P.gingivalis,0.5258410654245986,0.2926092147827148,78292.34158989196,214342.07179208696,0.5564594209591502,2.6727006286979518,2.232484626770016
DH,7.65,P.gingivalis,0.5281084095784518,0.2926092147827148,78292.34158989196,215266.28116894528,0.5540703565320653,2.699049365573028,2.2471150875091515
DH,7.7,P.gingivalis,0.5303679942670729,0.2926092147827148,78292.34158989196,216187.32765122724,0.5517097900809,2.7255112756691657,2.261745548248287
DH,7.75,P.gingivalis,0.5326196904254431,0.2926092147827148,78292.34158989196,217105.15862975994,0.5493773888625596,2.7520859677864786,2.2763760089874228
DH,7.800000000000001,P.gingivalis,0.5348633723856536,0.2926092147827148,78292.34158989196,218019.7228800924,0.547072822499676,2.778773044356756,2.291006469726559
DH,7.8500000000000005,P.gingivalis,0.5370989183762338,0.2926092147827148,78292.34158989196,218930.9707660302,0.544795762514912,2.8055721016258035,2.3056369304656945
DH,7.9,P.gingivalis,0.5393262105184516,0.2926092147827148,78292.34158989196,219838.85423812782,0.542545882391718,2.8324827298481705,2.32026739120483
DH,7.95,P.gingivalis,0.5415451343308295,0.2926092147827148,78292.34158989196,220743.3266317204,0.5403228581201877,2.8595045134694024,2.334897851943966
DH,8.0,P.gingivalis,0.543755579699788,0.2926092147827148,78292.34158989196,221644.3430625753,0.5381263672627815,2.8866370313201677,2.3495283126831015
DH,8.05,P.gingivalis,0.5459574394051251,0.2926092147827148,78292.34158989196,222541.85982585122,0.5359560904629153,2.913879856797791,2.3641587734222376
DH,8.1,P.gingivalis,0.5481506109911365,0.2926092147827148,78292.34158989196,223435.83515880024,0.5338117096205266,2.941232558057697,2.378789234161373
DH,8.15,P.gingivalis,0.5503349945318202,0.2926092147827148,78292.34158989196,224326.22832982548,0.5316929101185772,2.968694698195771,2.393419694900509
DH,8.200000000000001,P.gingivalis,0.5525104950152611,0.2926092147827148,78292.34158989196,225213.00061039825,0.5295993785143077,2.9962658354344485,2.408050155639645
DH,8.25,P.gingivalis,0.5546770199004871,0.2926092147827148,78292.34158989196,226096.11427919,0.5275308049271825,3.023945523307342,2.42268061637878
DH,8.3,P.gingivalis,0.5568344813069858,0.2926092147827148,78292.34158989196,226975.5335145572,0.5254868809415518,3.051733310837529,2.4373110771179163
DH,8.35,P.gingivalis,0.5589827942212793,0.2926092147827148,78292.34158989196,227851.2236635104,0.5234673013332184,3.079628742725735,2.4519415378570515
DH,8.4,P.gingivalis,0.5611218776209226,0.2926092147827148,78292.34158989196,228723.15169987513,0.5214717630033184,3.1076313595217906,2.4665719985961876
DH,8.450000000000001,P.gingivalis,0.5632516538262657,0.2926092147827148,78292.34158989196,229591.28596005912,0.5194999655925906,3.1357406978079707,2.4812024593353237
DH,8.5,P.gingivalis,0.565372048659725,0.2926092147827148,78292.34158989196,230455.59620797387,0.5175516113263403,3.1639562903701197,2.495832920074459
DH,8.55,P.gingivalis,0.5674829916225353,0.2926092147827148,78292.34158989196,231316.05370708217,0.5156264048479986,3.192277666377177,2.510463380813595
DH,8.6,P.gingivalis,0.5695844151993238,0.2926092147827148,78292.34158989196,232172.63093692987,0.5137240538442706,3.2207043515477225,2.52509384155273
DH,8.65,P.gingivalis,0.5716762560139448,0.2926092147827148,78292.34158989196,233025.3020642848,0.5118442679829914,3.2492358683280544,2.5397243022918663
DH,8.700000000000001,P.gingivalis,0.5737584527187835,0.2926092147827148,78292.34158989196,233874.04208277958,0.5099867607983312,3.277871736046373,2.5543547630310024
DH,8.75,P.gingivalis,0.5758309489958217,0.2926092147827148,78292.34158989196,234718.8280361989,0.5081512469814088,3.3066114710892376,2.5689852237701376
DH,8.8,P.gingivalis,0.577893690434126,0.2926092147827148,78292.34158989196,235559.63774568884,0.5063374451499904,3.3354545870749868,2.5836156845092737
DH,8.85,P.gingivalis,0.5799466260809909,0.2926092147827148,78292.34158989196,236396.45044202998,0.504545076432346,3.364400594987864,2.598246145248409
DH,8.9,P.gingivalis,0.5819897089010982,0.2926092147827148,78292.34158989196,237229.24695279892,0.5027738640520188,3.393449003362417,2.612876605987545
DH,8.950000000000001,P.gingivalis,0.5840228935528201,0.2926092147827148,78292.34158989196,238058.0087959502,0.5010235352293612,3.4225993184237655,2.627507066726681
DH,9.0,P.gingivalis,0.5860461392572626,0.2926092147827148,78292.34158989196,238882.7193492891,0.499293818663423,3.451851044244017,2.6421375274658163
DH,9.05,P.gingivalis,0.5880594073112209,0.2926092147827148,78292.34158989196,239703.3628367083,0.497584446647337,3.4812036829082293,2.6567679882049524
DH,9.1,P.gingivalis,0.590062661896084,0.2926092147827148,78292.34158989196,240519.92465791153,0.49589515432556924,3.5106567346384114,2.6713984489440876
DH,9.15,P.gingivalis,0.5920558710826707,0.2926092147827148,78292.34158989196,241332.39179800265,0.49422567881580354,3.5402096979628808,2.6860289096832237
DH,9.200000000000001,P.gingivalis,0.594039004089673,0.2926092147827148,78292.34158989196,242140.75170997897,0.49257576147061216,3.56986206984219,2.70065937042236
DH,9.25,P.gingivalis,0.5960120344686026,0.2926092147827148,78292.34158989196,242944.99361297113,0.49094514516573773,3.599613345806146,2.715289831161495
DH,9.3,P.gingivalis,0.5979749383620536,0.2926092147827148,78292.34158989196,243745.10778228065,0.48933357572512476,3.629463020126913,2.729920291900631
DH,9.35,P.gingivalis,0.5999276931570319,0.2926092147827148,78292.34158989196,244541.08500045323,0.4877408029672735,3.6594105859148893,2.7445507526397663
DH,9.4,P.gingivalis,0.6018702803270168,0.2926092147827148,78292.34158989196,245332.91771575302,0.4861665783260309,3.689455535251991,2.7591812133789024
DH,9.450000000000001,P.gingivalis,0.603802683906114,0.2926092147827148,78292.34158989196,246120.5994202005,0.48461065606692955,3.7195973593578198,2.7738116741180385
DH,9.5,P.gingivalis,0.6057248890836869,0.2926092147827148,78292.34158989196,246904.12407671963,0.48307279435943384,3.7498355486825643,2.7884421348571737
DH,9.55,P.gingivalis,0.6076368846741601,0.2926092147827148,78292.34158989196,247683.48712587295,0.4815527532362093,3.780169593026511,2.80307259559631
DH,9.600000000000001,P.gingivalis,0.609538662082989,0.2926092147827148,78292.34158989196,248458.68506437293,0.48005029538696575,3.81059898169544,2.817703056335446
DH,9.65,P.gingivalis,0.6114302138009321,0.2926092147827148,78292.34158989196,249229.71483132054,0.47856518729050207,3.8411232035925376,2.832333517074581
DH,9.700000000000001,P.gingivalis,0.6133115354775506,0.2926092147827148,78292.34158989196,249996.57465340034,0.47709719751949026,3.8717417473245,2.8469639778137172
DH,9.75,P.gingivalis,0.6151826254075693,0.2926092147827148,78292.34158989196,250759.26383551222,0.47564609710629596,3.9024541013466276,2.8615944385528524
DH,9.8,P.gingivalis,0.6170434829493451,0.2926092147827148,78292.34158989196,251517.7821161111,0.4742116607148996,3.933259754055551,2.8762248992919885
DH,9.850000000000001,P.gingivalis,0.6188941095198903,0.2926092147827148,78292.34158989196,252272.1300727962,0.472793665801259,3.964158193867282,2.8908553600311246
DH,9.9,P.gingivalis,0.6207345104321278,0.2926092147827148,78292.34158989196,253022.30987120827,0.47139189116295993,3.995148909366082,2.90548582077026
DH,9.950000000000001,P.gingivalis,0.622564691476457,0.2926092147827148,78292.34158989196,253768.3238716161,0.4700061195066668,4.026231389413797,2.920116281509396
DH,10.0,P.gingivalis,0.6243846594614031,0.2926092147827148,78292.34158989196,254510.1748492944,0.4686361369530135,4.057405123187243,2.934746742248531
DH,10.05,P.gingivalis,0.626194425036722,0.2926092147827148,78292.34158989196,255247.86714527095,0.46728173085468666,4.0886696002996965,2.9493772029876673
DH,10.100000000000001,P.gingivalis,0.6279940004321702,0.2926092147827148,78292.34158989196,255981.4057446099,0.46594269146098244,4.12002431093642,2.9640076637268034
DH,10.15,P.gingivalis,0.6297833986979903,0.2926092147827148,78292.34158989196,256710.79596681957,0.4646188124165435,4.151468745914673,2.9786381244659386
DH,10.200000000000001,P.gingivalis,0.6315626341440878,0.2926092147827148,78292.34158989196,257436.04364486944,0.4633098903630792,4.183002396735725,2.9932685852050747
DH,10.25,P.gingivalis,0.6333317247506566,0.2926092147827148,78292.34158989196,258157.15610780288,0.4620157231155843,4.214624755708093,3.00789904594421
DH,10.3,P.gingivalis,0.635090688982512,0.2926092147827148,78292.34158989196,258874.14088220356,0.46073611195829095,4.246335316051423,3.022529506683346
DH,10.350000000000001,P.gingivalis,0.6368395463294142,0.2926092147827148,78292.34158989196,259587.00591244068,0.4594708611756949,4.278133571934221,3.037159967422482
DH,10.4,P.gingivalis,0.6385783185814107,0.2926092147827148,78292.34158989196,260295.76008052108,0.45821977707094796,4.310019018556991,3.0517904281616173
DH,10.450000000000001,P.gingivalis,0.6403070290374724,0.2926092147827148,78292.34158989196,261000.4128835153,0.4569826684904166,4.341991152247464,3.0664208889007534
DH,10.5,P.gingivalis,0.6420257017072842,0.2926092147827148,78292.34158989196,261700.97410819345,0.455759347335479,4.3740494705160815,3.0810513496398886
DH,10.55,P.gingivalis,0.6437343627837855,0.2926092147827148,78292.34158989196,262397.45443125843,0.4545496274540109,4.406193472128359,3.0956818103790247
DH,10.600000000000001,P.gingivalis,0.6454330394455905,0.2926092147827148,78292.34158989196,263089.86493119184,0.4533533254418742,4.438422657184094,3.1103122711181608
DH,10.65,P.gingivalis,0.6471217597766235,0.2926092147827148,78292.34158989196,263778.2170554953,0.4521702606379965,4.470736527164648,3.124942731857296
DH,10.700000000000001,P.gingivalis,0.6488005538478833,0.2926092147827148,78292.34158989196,264462.5230616372,0.451000254311311,4.503134585005261,3.139573192596432
DH,10.75,P.gingivalis,0.6504694523806183,0.2926092147827148,78292.34158989196,265142.7954721389,0.4498431305448857,4.535616335160973,3.1542036533355673
DH,10.8,P.gingivalis,0.6521284871813251,0.2926092147827148,78292.34158989196,265819.04725188826,0.44869871587338656,4.568181283650022,3.1688341140747034
DH,10.850000000000001,P.gingivalis,0.6537776916631389,0.2926092147827148,78292.34158989196,266491.2920206671,0.4475668388720162,4.600828938121134,3.1834645748138395
DH,10.9,P.gingivalis,0.6554170997898165,0.2926092147827148,78292.34158989196,267159.5436227004,0.44644733083184834,4.633558807907456,3.1980950355529747
DH,10.950000000000001,P.gingivalis,0.657046746673965,0.2926092147827148,78292.34158989196,267823.8163705046,0.44534002529337724,4.666370404069052,3.212725496292111
DH,11.0,P.gingivalis,0.6586666686752896,0.2926092147827148,78292.34158989196,268484.12508493545,0.444244757930761,4.699263239452782,3.227355957031246
DH,11.05,P.gingivalis,0.660276902577207,0.2926092147827148,78292.34158989196,269140.484759561,0.44316136705766357,4.732236828734095,3.241986417770382
DH,11.100000000000001,P.gingivalis,0.6618774864962033,0.2926092147827148,78292.34158989196,269792.91093133163,0.4420896929607127,4.765290688460931,3.256616878509518
DH,11.15,P.gingivalis,0.6634684593089321,0.2926092147827148,78292.34158989196,270441.41944705555,0.44102957823721745,4.798424337106058,3.2712473392486534
DH,11.200000000000001,P.gingivalis,0.6650498603858414,0.2926092147827148,78292.34158989196,271086.0263548201,0.43998086792011654,4.831637295098428,3.2858777999877895
DH,11.25,P.gingivalis,0.6666217303631633,0.2926092147827148,78292.34158989196,271726.7482186687,0.4389434089154379,4.8649290848671525,3.3005082607269247
DH,11.3,P.gingivalis,0.6681841103348579,0.2926092147827148,78292.34158989196,272363.6017892225,0.43791705049088164,4.898299230884604,3.315138721466061
DH,11.350000000000001,P.gingivalis,0.6697370419911117,0.2926092147827148,78292.34158989196,272996.60406013526,0.43690164413303884,4.931747259692753,3.329769182205197
DH,11.4,P.gingivalis,0.6712805680609343,0.2926092147827148,78292.34158989196,273625.7724485032,0.43589704321093015,4.9652726999440535,3.344399642944332
DH,11.450000000000001,P.gingivalis,0.6728147315998689,0.2926092147827148,78292.34158989196,274251.1245045234,0.4349031033950859,4.998875082435574,3.359030103683468
DH,11.5,P.gingivalis,0.674339576308794,0.2926092147827148,78292.34158989196,274872.678041443,0.43391968240156054,5.0325539401332895,3.3736605644226034
DH,11.55,P.gingivalis,0.6758551466720005,0.2926092147827148,78292.34158989196,275490.4511918417,0.43294663985849774,5.06630880820781,3.3882910251617395
DH,11.600000000000001,P.gingivalis,0.6773614874317081,0.2926092147827148,78292.34158989196,276104.46219343564,0.4319838375992934,5.1001392240604035,3.4029214859008756
DH,11.65,P.gingivalis,0.6788586440143913,0.2926092147827148,78292.34158989196,276714.72956285527,0.4310311393435121,5.134044727346556,3.417551946640011
DH,11.700000000000001,P.gingivalis,0.6803466623643255,0.2926092147827148,78292.34158989196,277321.27202779567,0.43008841076084037,5.168024860006024,3.432182407379147
DH,11.75,P.gingivalis,0.681825588661704,0.2926092147827148,78292.34158989196,277924.10841211636,0.4291555196059038,5.202079166281674,3.446812868118282
DH,11.8,P.gingivalis,0.6832954697643343,0.2926092147827148,78292.34158989196,278523.25781588425,0.4282323353960395,5.2362071927423255,3.4614433288574182
DH,11.850000000000001,P.gingivalis,0.6847563528174113,0.2926092147827148,78292.34158989196,279118.7394563104,0.42731872961642803,5.270408488306869,3.4760737895965543
DH,11.9,P.gingivalis,0.6862082852401441,0.2926092147827148,78292.34158989196,279710.5726622989,0.42641457568573926,5.304682604258308,3.4907042503356895
DH,11.950000000000001,P.gingivalis,0.6876513150046455,0.2926092147827148,78292.34158989196,280298.77698812715,0.4255197487417559,5.339029094264428,3.5053347110748256
DH,12.0,P.gingivalis,0.6890854902553802,0.2926092147827148,78292.34158989196,280883.37205832615,0.4246341258386846,5.373447514395928,3.519965171813961
DH,12.05,P.gingivalis,0.6905108594271903,0.2926092147827148,78292.34158989196,281464.3776157899,0.42375758583354833,5.407937423137993,3.534595632553097
DH,12.100000000000001,P.gingivalis,0.6919274713486548,0.2926092147827148,78292.34158989196,282041.8135639065,0.4228900092843288,5.442498381407389,3.549226093292233
DH,12.15,P.gingivalis,0.6933353749785757,0.2926092147827148,78292.34158989196,282615.69985914504,0.4220312785738886,5.477129952565569,3.5638565540313683
DH,12.200000000000001,P.gingivalis,0.6947346195387051,0.2926092147827148,78292.34158989196,283186.056565158,0.42118127779065273,5.511831702428502,3.5784870147705043
DH,12.25,P.gingivalis,0.6961252545078633,0.2926092147827148,78292.34158989196,283752.9038503833,0.42033989269586186,5.546603199279666,3.5931174755096396
DH,12.3,P.gingivalis,0.6975073294657836,0.2926092147827148,78292.34158989196,284316.2619243926,0.41950701078198316,5.581444013879008,3.6077479362487757
DH,12.350000000000001,P.gingivalis,0.6988808942278921,0.2926092147827148,78292.34158989196,284876.15109283023,0.4186825211554579,5.61635371947135,3.6223783969879118
DH,12.4,P.gingivalis,0.7002459987189051,0.2926092147827148,78292.34158989196,285432.59170588915,0.41786631457807855,5.651331891795019,3.637008857727047
DH,12.450000000000001,P.gingivalis,0.7016026930013833,0.2926092147827148,78292.34158989196,285985.60416995006,0.41705828341530876,5.686378109088027,3.651639318466183
DH,12.5,P.gingivalis,0.7029510272516029,0.2926092147827148,78292.34158989196,286535.208937746,0.41625832161702353,5.721491952094351,3.6662697792053183
DH,12.55,P.gingivalis,0.7042910517235818,0.2926092147827148,78292.34158989196,287081.42649369925,0.4154663247057088,5.756673004068731,3.6809002399444544
DH,12.600000000000001,P.gingivalis,0.7056228167646045,0.2926092147827148,78292.34158989196,287624.2773602488,0.4146821897347023,5.7919208507809365,3.6955307006835905
DH,12.65,P.gingivalis,0.7069463727612567,0.2926092147827148,78292.34158989196,288163.7820758537,0.4139058152881025,5.827235080519082,3.7101611614227257
DH,12.700000000000001,P.gingivalis,0.7082617701568185,0.2926092147827148,78292.34158989196,288699.9612020826,0.41313710143910104,5.862615284092034,3.7247916221618618
DH,12.75,P.gingivalis,0.7095690594136188,0.2926092147827148,78292.34158989196,289232.8353082688,0.4123759497412758,5.898061054831294,3.739422082900997
DH,12.8,P.gingivalis,0.7108682910077774,0.2926092147827148,78292.34158989196,289762.42496936687,0.41162226320137474,5.933571988591829,3.754052543640133
DH,12.850000000000001,P.gingivalis,0.7121595154147303,0.2926092147827148,78292.34158989196,290288.75076005294,0.41087594625806845,5.969147683752393,3.768683004379269
DH,12.9,P.gingivalis,0.7134427830933646,0.2926092147827148,78292.34158989196,290811.83324825723,0.4101369047620214,6.004787741215095,3.7833134651184044
DH,12.950000000000001,P.gingivalis,0.714718144470575,0.2926092147827148,78292.34158989196,291331.69298886944,0.40940504595621263,6.0404917644041936,3.7979439258575405
DH,13.0,P.gingivalis,0.7159856499415634,0.2926092147827148,78292.34158989196,291848.3505238607,0.40868027844775473,6.076259359264497,3.8125743865966757
DH,13.05,P.gingivalis,0.7172453498292113,0.2926092147827148,78292.34158989196,292361.8263657231,0.40796251220365554,6.112090134258766,3.827204847335812
DH,13.100000000000001,P.gingivalis,0.7184972944169116,0.2926092147827148,78292.34158989196,292872.1410108524,0.4072516585051006,6.14798370036492,3.841835308074948
DH,13.15,P.gingivalis,0.7197415338821644,0.2926092147827148,78292.34158989196,293379.3149124807,0.40654762995881316,6.183939671072396,3.856465768814083
DH,13.200000000000001,P.gingivalis,0.7209781183378571,0.2926092147827148,78292.34158989196,293883.3684975027,0.4058503404476353,6.219957662377897,3.871096229553219
DH,13.25,P.gingivalis,0.7222070977862606,0.2926092147827148,78292.34158989196,294384.322147724,0.4051597051311636,6.2560372927809995,3.8857266902923544
DH,13.3,P.gingivalis,0.7234285221233672,0.2926092147827148,78292.34158989196,294882.19620162906,0.40447564041830214,6.2921781832787405,3.9003571510314905
DH,13.350000000000001,P.gingivalis,0.724642441138492,0.2926092147827148,78292.34158989196,295377.0109542189,0.4037980639430861,6.328379957360287,3.9149876117706266
DH,13.4,P.gingivalis,0.7258489044672358,0.2926092147827148,78292.34158989196,295868.78663783794,0.403126894566971,6.364642241000429,3.929618072509762
DH,13.450000000000001,P.gingivalis,0.7270479616524957,0.2926092147827148,78292.34158989196,296357.54344704276,0.40246205232134613,6.400964662653423,3.944248533248898
DH,13.5,P.gingivalis,0.7282396620386488,0.2926092147827148,78292.34158989196,296843.3014954698,0.4018034584433079,6.4373468532457006,3.958878993988033
DH,13.55,P.gingivalis,0.7294240548753408,0.2926092147827148,78292.34158989196,297326.0808581415,0.4011510352955414,6.473788446168551,3.973509454727169
DH,13.600000000000001,P.gingivalis,0.7306011892024148,0.2926092147827148,78292.34158989196,297805.9015245607,0.4005047064078166,6.510289077270495,3.9881399154663053
DH,13.65,P.gingivalis,0.7317711139252805,0.2926092147827148,78292.34158989196,298282.7834294331,0.3998643964137022,6.546848384848687,4.002770376205441
DH,13.700000000000001,P.gingivalis,0.7329338777657779,0.2926092147827148,78292.34158989196,298756.7464326381,0.399230031056394,6.583466009640964,4.017400836944577
DH,13.75,P.gingivalis,0.7340895292522768,0.2926092147827148,78292.34158989196,299227.8103151931,0.39860153717320884,6.620141594816415,4.032031297683712
DH,13.8,P.gingivalis,0.7352381167614508,0.2926092147827148,78292.34158989196,299695.9947962817,0.39797884265248495,6.6568747859667585,4.046661758422848
DH,13.850000000000001,P.gingivalis,0.7363796884200059,0.2926092147827148,78292.34158989196,300161.31949319603,0.3973618764669409,6.693665231096295,4.0612922191619845
DH,13.9,P.gingivalis,0.7375142922291049,0.2926092147827148,78292.34158989196,300623.80397205485,0.3967505685866997,6.7305125806125226,4.07592267990112
DH,13.950000000000001,P.gingivalis,0.7386419759080974,0.2926092147827148,78292.34158989196,301083.46768410486,0.39614485004453837,6.767416487315953,4.090553140640256
DH,14.0,P.gingivalis,0.7397627870317411,0.2926092147827148,78292.34158989196,301540.3300216544,0.39554465284310086,6.804376606389448,4.105183601379391
DH,14.05,P.gingivalis,0.7408767729187464,0.2926092147827148,78292.34158989196,301994.41027264245,0.394949909996444,6.8413925953882115,4.119814062118527
DH,14.100000000000001,P.gingivalis,0.7419839806863602,0.2926092147827148,78292.34158989196,302445.72764288815,0.3943605554826688,6.87846411422834,4.134444522857663
DH,14.15,P.gingivalis,0.743084457237868,0.2926092147827148,78292.34158989196,302894.301250996,0.39377652423302933,6.915590825176444,4.149074983596798
DH,14.200000000000001,P.gingivalis,0.7441782492119119,0.2926092147827148,78292.34158989196,303340.1501076973,0.393197752141492,6.952772392837689,4.1637054443359345
DH,14.25,P.gingivalis,0.7452654030795463,0.2926092147827148,78292.34158989196,303783.29315541143,0.3926241759963772,6.990008484144974,4.17833590507507
DH,14.3,P.gingivalis,0.7463459649934551,0.2926092147827148,78292.34158989196,304223.74920678476,0.3920557335434657,7.0272987683468,4.192966365814206
DH,14.350000000000001,P.gingivalis,0.7474199809593323,0.2926092147827148,78292.34158989196,304661.53701454756,0.391492363379346,7.06464291699562,4.207596826553342
DH,14.4,P.gingivalis,0.7484874966579755,0.2926092147827148,78292.34158989196,305096.6751989969,0.39093400502910974,7.102040603936052,4.222227287292477
DH,14.450000000000001,P.gingivalis,0.7495485575828111,0.2926092147827148,78292.34158989196,305529.1823040539,0.39038059885851617,7.139491505292072,4.236857748031613
DH,14.5,P.gingivalis,0.7506032089567797,0.2926092147827148,78292.34158989196,305959.07676338503,0.389832086102317,7.176995299455561,4.251488208770748
DH,14.55,P.gingivalis,0.751651495746097,0.2926092147827148,78292.34158989196,306386.376906011,0.38928840884200977,7.214551667073133,4.2661186695098845
DH,14.600000000000001,P.gingivalis,0.7526934627001104,0.2926092147827148,78292.34158989196,306811.1009725534,0.38874950997056384,7.252160291034288,4.280749130249021
DH,14.65,P.gingivalis,0.7537291542491003,0.2926092147827148,78292.34158989196,307233.26707357634,0.3882153332309742,7.289820856458018,4.295379590988156
DH,14.700000000000001,P.gingivalis,0.7547586146545726,0.2926092147827148,78292.34158989196,307652.8932508486,0.38768582312456557,7.327533050680611,4.310010051727292
DH,14.75,P.gingivalis,0.7557818878207032,0.2926092147827148,78292.34158989196,308069.9974004847,0.3871609249944496,7.365296563242492,4.324640512466427
DH,14.8,P.gingivalis,0.756799017482234,0.2926092147827148,78292.34158989196,308484.59734953515,0.3866405849153786,7.403111085875065,4.339270973205563
DH,14.850000000000001,P.gingivalis,0.7578100470432366,0.2926092147827148,78292.34158989196,308896.71079026343,0.38612474976334016,7.4409763124882025,4.353901433944699
DH,14.9,P.gingivalis,0.7588150196823107,0.2926092147827148,78292.34158989196,309306.3553230265,0.3856133671487157,7.47889193915634,4.3685318946838345
DH,14.950000000000001,P.gingivalis,0.7598139783106433,0.2926092147827148,78292.34158989196,309713.5484391794,0.38510638542514947,7.516857664106165,4.383162355422971
DH,15.0,P.gingivalis,0.7608069655427548,0.2926092147827148,78292.34158989196,310118.3075091505,0.38460375369193583,7.554873187702499,4.397792816162106
DH,15.05,P.gingivalis,0.7617940237881008,0.2926092147827148,78292.34158989196,310520.6498197802,0.3841054217355037,7.5929382124357705,4.412423276901242
DH,15.100000000000001,P.gingivalis,0.7627751951010293,0.2926092147827148,78292.34158989196,310920.59251316084,0.38361134009340564,7.6310524429079996,4.427053737640378
DH,15.15,P.gingivalis,0.7637505213691392,0.2926092147827148,78292.34158989196,311318.15266341483,0.38312145994763863,7.669215585819753,4.441684198379513
DH,15.200000000000001,P.gingivalis,0.764720044112944,0.2926092147827148,78292.34158989196,311713.34719503415,0.38263573321415173,7.707427349956806,4.456314659118649
DH,15.25,P.gingivalis,0.765683804648828,0.2926092147827148,78292.34158989196,312106.19294930407,0.38215411244974234,7.745687446175849,4.4709451198577845
DH,15.3,P.gingivalis,0.766641844018408,0.2926092147827148,78292.34158989196,312496.7066555098,0.3816765508767206,7.783995587392531,4.485575580596921
DH,15.350000000000001,P.gingivalis,0.7675942029181936,0.2926092147827148,78292.34158989196,312884.90490226494,0.3812030024071191,7.822351488565946,4.500206041336057
DH,15.4,P.gingivalis,0.7685409219195053,0.2926092147827148,78292.34158989196,313270.8042271536,0.3807334215228188,7.860754866686888,4.514836502075192
DH,15.450000000000001,P.gingivalis,0.7694820411729589,0.2926092147827148,78292.34158989196,313654.4209962734,0.38026776341222507,7.8992054407642,4.529466962814328
DH,15.5,P.gingivalis,0.770417600612976,0.2926092147827148,78292.34158989196,314035.7714875972,0.37980598385849806,7.937702931808847,4.544097423553463
DH,15.55,P.gingivalis,0.771347639989322,0.2926092147827148,78292.34158989196,314414.8719038289,0.37934803921454335,7.976247062823905,4.558727884292599
DH,15.600000000000001,P.gingivalis,0.7722721986162572,0.2926092147827148,78292.34158989196,314791.738270153,0.3788938865169645,8.014837558789045,4.573358345031735
DH,15.65,P.gingivalis,0.7731913156561789,0.2926092147827148,78292.34158989196,315166.3865498517,0.37844348333683514,8.053474146645856,4.587988805770871
DH,15.700000000000001,P.gingivalis,0.7741050300124166,0.2926092147827148,78292.34158989196,315538.8326006066,0.3779967878235094,8.092156555287572,4.602619266510007
DH,15.75,P.gingivalis,0.7750133802010739,0.2926092147827148,78292.34158989196,315909.09212225943,0.3775537587580728,8.130884515542908,4.617249727249142
DH,15.8,P.gingivalis,0.7759164045949114,0.2926092147827148,78292.34158989196,316277.1807562227,0.37711435542528515,8.169657760162808,4.631880187988278
DH,15.850000000000001,P.gingivalis,0.7768141412496198,0.2926092147827148,78292.34158989196,316643.11401466554,0.3766785376898647,8.208476023808922,4.646510648727414
DH,15.9,P.gingivalis,0.7777066278956162,0.2926092147827148,78292.34158989196,317006.90727717004,0.37624626599169064,8.247339043037552,4.661141109466549
DH,15.950000000000001,P.gingivalis,0.7785939021367103,0.2926092147827148,78292.34158989196,317368.57587171067,0.3758175012412782,8.286246556288361,4.6757715702056855
DH,16.0,P.gingivalis,0.7794760011578156,0.2926092147827148,78292.34158989196,317728.13495551253,0.3753922049531735,8.325198303870724,4.690402030944821
DH,16.05,P.gingivalis,0.7803529619388662,0.2926092147827148,78292.34158989196,318085.5996022476,0.3749703391343546,8.364194027948143,4.705032491683957
DH,16.1,P.gingivalis,0.7812248212726871,0.2926092147827148,78292.34158989196,318440.9848093188,0.3745518662681857,8.403233472528433,4.719662952423093
DH,16.150000000000002,P.gingivalis,0.7820916155287075,0.2926092147827148,78292.34158989196,318794.3054015454,0.3741367494202145,8.442316383448468,4.734293413162229
DH,16.2,P.gingivalis,0.7829533809308659,0.2926092147827148,78292.34158989196,319145.57614444225,0.3737249520971823,8.481442508359955,4.748923873901364
DH,16.25,P.gingivalis,0.783810153445614,0.2926092147827148,78292.34158989196,319494.811698568,0.3733164382936486,8.520611596719368,4.7635543346405
DH,16.3,P.gingivalis,0.7846619686675547,0.2926092147827148,78292.34158989196,319842.0265729091,0.37291117253917444,8.559823399772197,4.778184795379636
DH,16.35,P.gingivalis,0.7855088620573587,0.2926092147827148,78292.34158989196,320187.235221859,0.37250911977788503,8.599077670540321,4.7928152561187725
DH,16.400000000000002,P.gingivalis,0.7863508687568304,0.2926092147827148,78292.34158989196,320530.4519698356,0.3721102454497328,8.638374163810676,4.807445716857909
DH,16.45,P.gingivalis,0.7871880236060271,0.2926092147827148,78292.34158989196,320871.6910182594,0.37171451547535256,8.677712636119745,4.822076177597044
DH,16.5,P.gingivalis,0.7880203613195383,0.2926092147827148,78292.34158989196,321210.9665174078,0.3713218961661616,8.717092845742885,4.83670663833618
DH,16.55,P.gingivalis,0.7888479162064466,0.2926092147827148,78292.34158989196,321548.2924522668,0.3709323543502105,8.756514552681034,4.851337099075316
DH,16.6,P.gingivalis,0.7896707223862602,0.2926092147827148,78292.34158989196,321883.68273054826,0.37054585726376676,8.795977518645852,4.865967559814452
DH,16.650000000000002,P.gingivalis,0.7904888137937166,0.2926092147827148,78292.34158989196,322217.1511846484,0.3701623725431656,8.835481507050352,4.880598020553588
DH,16.7,P.gingivalis,0.791302223961894,0.2926092147827148,78292.34158989196,322548.71148323995,0.3697818683203975,8.87502628299424,4.895228481292723
DH,16.75,P.gingivalis,0.7921109862872726,0.2926092147827148,78292.34158989196,322878.377239316,0.3694043130928057,8.91461161325047,4.9098589420318595
DH,16.8,P.gingivalis,0.792915133916308,0.2926092147827148,78292.34158989196,323206.1619639551,0.369029675770572,8.95423726625556,4.924489402770996
DH,16.85,P.gingivalis,0.7937146996460429,0.2926092147827148,78292.34158989196,323532.0790258091,0.3686579257171423,8.99390301209462,4.939119863510132
DH,16.900000000000002,P.gingivalis,0.7945097161503548,0.2926092147827148,78292.34158989196,323856.1417433253,0.3682890326382626,9.033608622489531,4.953750324249268
DH,16.95,P.gingivalis,0.7953002157900046,0.2926092147827148,78292.34158989196,324178.3633073194,0.3679229666649266,9.073353870788038,4.968380784988403
DH,17.0,P.gingivalis,0.7960862306510582,0.2926092147827148,78292.34158989196,324498.75679663644,0.36755969832993096,9.113138531949065,4.983011245727539
DH,17.05,P.gingivalis,0.7968677926973369,0.2926092147827148,78292.34158989196,324817.33524029254,0.36719919849220517,9.152962382532776,4.997641706466675
DH,17.1,P.gingivalis,0.7976449335074636,0.2926092147827148,78292.34158989196,325134.11151029007,0.36684143845311196,9.192825200687896,5.012272167205811
DH,17.150000000000002,P.gingivalis,0.798417684487495,0.2926092147827148,78292.34158989196,325449.0984082904,0.3664863898531267,9.23272676613777,5.026902627944947
DH,17.2,P.gingivalis,0.7991860768641302,0.2926092147827148,78292.34158989196,325762.3086628457,0.3661340246702788,9.272666860171558,5.041533088684083
DH,17.25,P.gingivalis,0.7999501414892259,0.2926092147827148,78292.34158989196,326073.7548497155,0.3657843153049255,9.312645265630392,5.056163549423219
DH,17.3,P.gingivalis,0.8007099090879605,0.2926092147827148,78292.34158989196,326383.44949302333,0.36543723446111465,9.352661766894823,5.070794010162355
DH,17.35,P.gingivalis,0.8014654101465154,0.2926092147827148,78292.34158989196,326691.40501947317,0.3650927551935436,9.392716149875685,5.085424470901491
DH,17.400000000000002,P.gingivalis,0.8022166748231467,0.2926092147827148,78292.34158989196,326997.63372210093,0.36475085094338405,9.432808201999928,5.100054931640627
DH,17.45,P.gingivalis,0.8029637331687656,0.2926092147827148,78292.34158989196,327302.1478501868,0.36441149543327467,9.472937712199723,5.114685392379762
DH,17.5,P.gingivalis,0.8037066149702325,0.2926092147827148,78292.34158989196,327604.95954537933,0.36407466273442624,9.5131044709032,5.129315853118898
DH,17.55,P.gingivalis,0.8044453496684951,0.2926092147827148,78292.34158989196,327906.0808083268,0.3637403272991714,9.553308270019167,5.143946313858034
DH,17.6,P.gingivalis,0.8051799666194949,0.2926092147827148,78292.34158989196,328205.5236050276,0.3634084638384869,9.593548902926369,5.1585767745971705
DH,17.650000000000002,P.gingivalis,0.8059104949923331,0.2926092147827148,78292.34158989196,328503.2998253207,0.3630790473643087,9.633826164466665,5.1732072353363066
DH,17.7,P.gingivalis,0.8066369635258256,0.2926092147827148,78292.34158989196,328799.42118365323,0.36275205329509613,9.674139850929617,5.187837696075442
DH,17.75,P.gingivalis,0.8073594008706083,0.2926092147827148,78292.34158989196,329093.8993585285,0.36242745729743464,9.714489760039529,5.202468156814578
DH,17.8,P.gingivalis,0.8080778355567769,0.2926092147827148,78292.34158989196,329386.7459793156,0.3621052352971703,9.754875690950215,5.217098617553714
DH,17.85,P.gingivalis,0.80879229569315,0.2926092147827148,78292.34158989196,329677.9725036636,0.36178536361049685,9.795297444231464,5.23172907829285
DH,17.900000000000002,P.gingivalis,0.8095028092336713,0.2926092147827148,78292.34158989196,329967.590326092,0.3614678188204411,9.835754821854636,5.246359539031986
DH,17.95,P.gingivalis,0.8102094040150123,0.2926092147827148,78292.34158989196,330255.6107933177,0.3611525777566673,9.876247627185851,5.260989999771121
DH,18.0,P.gingivalis,0.8109121076015543,0.2926092147827148,78292.34158989196,330542.0451410679,0.3608396175612287,9.916775664976266,5.2756204605102575
DH,18.05,P.gingivalis,0.8116109472426684,0.2926092147827148,78292.34158989196,330826.90447666554,0.36052891570377726,9.957338741347371,5.290250921249394
DH,18.1,P.gingivalis,0.8123059501089978,0.2926092147827148,78292.34158989196,331110.19987534307,0.36022044987292234,9.997936663781163,5.30488138198853
DH,18.150000000000002,P.gingivalis,0.8129971431977296,0.2926092147827148,78292.34158989196,331391.94234162907,0.3599141980152679,10.038569241113832,5.319511842727666
DH,18.2,P.gingivalis,0.8136845531048428,0.2926092147827148,78292.34158989196,331672.14271651243,0.359610138432863,10.079236283521395,5.334142303466801
DH,18.25,P.gingivalis,0.8143682063438187,0.2926092147827148,78292.34158989196,331950.8118073548,0.35930824963858904,10.119937602507612,5.348772764205937
DH,18.3,P.gingivalis,0.8150481293163918,0.2926092147827148,78292.34158989196,332227.9603759678,0.35900851036629694,10.160673010899117,5.363403224945073
DH,18.35,P.gingivalis,0.8157243480330573,0.2926092147827148,78292.34158989196,332503.5990246869,0.35871089969090486,10.201442322832854,5.378033685684209
DH,18.400000000000002,P.gingivalis,0.8163968883593715,0.2926092147827148,78292.34158989196,332777.73829676816,0.358415396916494,10.242245353742666,5.392664146423345
DH,18.45,P.gingivalis,0.8170657760513879,0.2926092147827148,78292.34158989196,333050.3886908321,0.35812198155795927,10.283081920352933,5.407294607162481
DH,18.5,P.gingivalis,0.8177310366145015,0.2926092147827148,78292.34158989196,333321.5606033266,0.35783063340013344,10.323951840669581,5.421925067901617
DH,18.55,P.gingivalis,0.818392695259481,0.2926092147827148,78292.34158989196,333591.26431060466,0.3575413325138974,10.36485493396643,5.436555528640753
DH,18.6,P.gingivalis,0.8190507771244981,0.2926092147827148,78292.34158989196,333859.5100594274,0.35725405915613623,10.40579102077603,5.451185989379889
DH,18.650000000000002,P.gingivalis,0.8197053071874053,0.2926092147827148,78292.34158989196,334126.30803120707,0.35696879380557306,10.446759922883828,5.465816450119025
DH,18.7,P.gingivalis,0.8203563100534735,0.2926092147827148,78292.34158989196,334391.668255485,0.35668551725242603,10.487761463314849,5.48044691085816
DH,18.75,P.gingivalis,0.821003810251086,0.2926092147827148,78292.34158989196,334655.600730462,0.3564042104667293,10.528795466322464,5.495077371597296
DH,18.8,P.gingivalis,0.821647832205441,0.2926092147827148,78292.34158989196,334918.1154122786,0.3561248546074812,10.569861757383878,5.509707832336432
DH,18.85,P.gingivalis,0.822288399979704,0.2926092147827148,78292.34158989196,335179.22210950457,0.3558474311323582,10.610960163188507,5.5243382930755685
DH,18.900000000000002,P.gingivalis,0.8229255375018731,0.2926092147827148,78292.34158989196,335438.9305756129,0.35557192169655905,10.652090511625547,5.5389687538147045
DH,18.95,P.gingivalis,0.8235592685980306,0.2926092147827148,78292.34158989196,335697.2505225341,0.3552983081361371,10.693252631778043,5.55359921455384
DH,19.0,P.gingivalis,0.8241896168642922,0.2926092147827148,78292.34158989196,335954.1915684601,0.3550265725209866,10.734446353914601,5.568229675292976
DH,19.05,P.gingivalis,0.8248166056220594,0.2926092147827148,78292.34158989196,336209.7632196047,0.3547566971715307,10.77567150947676,5.582860136032112
DH,19.1,P.gingivalis,0.82544025812598,0.2926092147827148,78292.34158989196,336463.97495497135,0.3544886645667533,10.816927931070461,5.597490596771248
DH,19.150000000000002,P.gingivalis,0.8260605974829595,0.2926092147827148,78292.34158989196,336716.8361933415,0.3542224573769855,10.858215452460685,5.612121057510384
DH,19.200000000000003,P.gingivalis,0.8266776464548359,0.2926092147827148,78292.34158989196,336968.3562128409,0.3539580585462232,10.89953390855913,5.62675151824952
DH,19.25,P.gingivalis,0.8272914277319646,0.2926092147827148,78292.34158989196,337218.54426245764,0.3536954511723983,10.940883135413797,5.6413819789886555
DH,19.3,P.gingivalis,0.8279019639096681,0.2926092147827148,78292.34158989196,337467.4095524428,0.3534346185155821,10.982262970204838,5.6560124397277916
DH,19.35,P.gingivalis,0.8285092772490562,0.2926092147827148,78292.34158989196,337714.96115681645,0.35317554409804663,11.023673251233806,5.670642900466928
DH,19.400000000000002,P.gingivalis,0.8291133898805344,0.2926092147827148,78292.34158989196,337961.2080963213,0.3529182116150318,11.065113817912046,5.685273361206064
DH,19.450000000000003,P.gingivalis,0.8297143238329079,0.2926092147827148,78292.34158989196,338206.1593502861,0.35266260492044,11.106584510754882,5.6999038219452
DH,19.5,P.gingivalis,0.8303121010102852,0.2926092147827148,78292.34158989196,338449.8238472109,0.3524087080348239,11.148085171375959,5.714534282684335
DH,19.55,P.gingivalis,0.8309067429142384,0.2926092147827148,78292.34158989196,338692.21035151486,0.35215650526128456,11.189615642474072,5.729164743423471
DH,19.6,P.gingivalis,0.8314982710463396,0.2926092147827148,78292.34158989196,338933.32762761705,0.3519059810124459,11.231175767823087,5.743795204162607
DH,19.650000000000002,P.gingivalis,0.8320867067481877,0.2926092147827148,78292.34158989196,339173.18437472894,0.3516571198766505,11.272765392267951,5.758425664901743
DH,19.700000000000003,P.gingivalis,0.8326720712765431,0.2926092147827148,78292.34158989196,339411.7892574799,0.3514099065843831,11.31438436171857,5.773056125640879
DH,19.75,P.gingivalis,0.8332543854646862,0.2926092147827148,78292.34158989196,339649.1507678818,0.35116432614937104,11.356032523137099,5.787686586380015
DH,19.8,P.gingivalis,0.8338336701457372,0.2926092147827148,78292.34158989196,339885.277397881,0.3509203636878475,11.39770972452736,5.802317047119151
DH,19.85,P.gingivalis,0.8344099460126443,0.2926092147827148,78292.34158989196,340120.1775822873,0.35067800447608843,11.43941581493132,5.816947507858287
DH,19.900000000000002,P.gingivalis,0.8349832336764176,0.2926092147827148,78292.34158989196,340353.85972251114,0.35043723392428033,11.481150644423547,5.831577968597423
DH,19.950000000000003,P.gingivalis,0.8355535533350235,0.2926092147827148,78292.34158989196,340586.33205159905,0.350198037713796,11.522914064098833,5.846208429336559
DH,20.0,P.gingivalis,0.8361209251746107,0.2926092147827148,78292.34158989196,340817.60279778054,0.3499604016268436,11.564705926061572,5.860838890075694
DH,20.05,P.gingivalis,0.8366853692585097,0.2926092147827148,78292.34158989196,341047.6801392221,0.34972431159162254,11.6065260834224,5.87546935081483
DH,20.1,P.gingivalis,0.8372469055724864,0.2926092147827148,78292.34158989196,341276.5722224737,0.34948975366189816,11.648374390293176,5.8900998115539664
DH,20.150000000000002,P.gingivalis,0.8378055537004772,0.2926092147827148,78292.34158989196,341504.2870302923,0.34925671415079346,11.690250701775001,5.9047302722931025
DH,20.200000000000003,P.gingivalis,0.8383613332025327,0.2926092147827148,78292.34158989196,341730.8325356989,0.34902517947118367,11.732154873947577,5.919360733032239
DH,20.25,P.gingivalis,0.8389142635311045,0.2926092147827148,78292.34158989196,341956.21666785504,0.34879513616931807,11.774086763865915,5.933991193771374
DH,20.3,P.gingivalis,0.839464364066325,0.2926092147827148,78292.34158989196,342180.4473264436,0.3485665709087755,11.816046229555852,5.94862165451051
DH,20.35,P.gingivalis,0.8400116537988471,0.2926092147827148,78292.34158989196,342403.5322523891,0.348339470600707,11.858033130002482,5.963252115249646
DH,20.400000000000002,P.gingivalis,0.8405561516828821,0.2926092147827148,78292.34158989196,342625.4791717614,0.3481138222555153,11.900047325139527,5.977882575988782
DH,20.450000000000003,P.gingivalis,0.84109787657843,0.2926092147827148,78292.34158989196,342846.2957722286,0.3478896130056153,11.94208867584606,5.992513036727918
DH,20.5,P.gingivalis,0.8416368472787371,0.2926092147827148,78292.34158989196,343065.98971424846,0.3476668300928217,11.984157043942487,6.0071434974670535
DH,20.55,P.gingivalis,0.8421730822013692,0.2926092147827148,78292.34158989196,343284.56850514497,0.3474454609946201,12.02625229217949,6.0217739582061895
DH,20.6,P.gingivalis,0.8427065997143437,0.2926092147827148,78292.34158989196,343502.0396320452,0.3472254932878204,12.068374284227383,6.036404418945326
DH,20.650000000000002,P.gingivalis,0.843237418103299,0.2926092147827148,78292.34158989196,343718.4105484972,0.3470069146609779,12.110522884672825,6.051034879684462
DH,20.700000000000003,P.gingivalis,0.8437655555925214,0.2926092147827148,78292.34158989196,343933.6886830408,0.3467897129045929,12.15269795901522,6.065665340423598
DH,20.75,P.gingivalis,0.8442910300461269,0.2926092147827148,78292.34158989196,344147.8813174039,0.3465738760326856,12.194899373656185,6.080295801162733
DH,20.8,P.gingivalis,0.8448138592649763,0.2926092147827148,78292.34158989196,344360.99570753076,0.3463593921592351,12.237126995888962,6.094926261901869
DH,20.85,P.gingivalis,0.8453340609933032,0.2926092147827148,78292.34158989196,344573.0390862832,0.3461462494944148,12.279380693895419,6.109556722641005
DH,20.900000000000002,P.gingivalis,0.8458516528641913,0.2926092147827148,78292.34158989196,344784.01864121645,0.34593443636587146,12.321660336741857,6.124187183380141
DH,20.950000000000003,P.gingivalis,0.8463666522209167,0.2926092147827148,78292.34158989196,344993.941441755,0.3457239412905633,12.363965794368985,6.138817644119277
DH,21.0,P.gingivalis,0.8468790763510292,0.2926092147827148,78292.34158989196,345202.8145346084,0.345514752877693,12.406296937583281,6.153448104858413
