condition,t_day,species,phi_ode,coverage_interp,biovol_interp_um3,biovol_pred_um3,R_spatial,phi_integral,coverage_integral
CH,0.0,S.oralis,0.20919062275677527,0.2520732879638672,55127.683094831424,47166.6662379189,1.2049932479858398,0.0,0.0
CH,0.05,S.oralis,0.22179241401212385,0.2520732879638672,55127.683094831424,50008.019613648554,1.136527996625205,0.01077457591922248,0.01260366439819336
CH,0.1,S.oralis,0.2346470602860017,0.2520732879638672,55127.683094831424,52906.38476222148,1.0742656978383849,0.02218556277667562,0.02520732879638672
CH,0.15000000000000002,S.oralis,0.24771467204642203,0.2520732879638672,55127.683094831424,55852.767703808124,1.0175953078654476,0.034244606084986216,0.03781099319458009
CH,0.2,S.oralis,0.2609539254684807,0.2520732879638672,55127.683094831424,58837.85106542473,0.9659685613517006,0.046961321022858785,0.05041465759277344
CH,0.25,S.oralis,0.2743226547656042,0.2520732879638672,55127.683094831424,61852.12763515252,0.9188934402054835,0.0603432355287109,0.0630183219909668
CH,0.30000000000000004,S.oralis,0.28777844047718654,0.2520732879638672,55127.683094831424,64886.03300463499,0.8759283271738008,0.07439576290978069,0.07562198638916016
CH,0.35000000000000003,S.oralis,0.30127918360565065,0.2520732879638672,55127.683094831424,67930.07502101414,0.8366767492765452,0.08912220351185161,0.08822565078735352
CH,0.4,S.oralis,0.31478364710473317,0.2520732879638672,55127.683094831424,70974.95587747573,0.8007826654349636,0.10452377427961121,0.10082931518554687
CH,0.45,S.oralis,0.3282519535186009,0.2520732879638672,55127.683094831424,74011.68431702691,0.7679262385549918,0.12059966429519456,0.11343297958374023
CH,0.5,S.oralis,0.3416460275559828,0.2520732879638672,55127.683094831424,77031.67542065159,0.7378200465760193,0.13734711382205916,0.1260366439819336
CH,0.55,S.oralis,0.35492997601359233,0.2520732879638672,55127.683094831424,80026.8362694736,0.7102056884432152,0.15476151391129855,0.13864030838012698
CH,0.6000000000000001,S.oralis,0.36807040025981114,0.2520732879638672,55127.683094831424,82989.63640113478,0.684850745362668,0.17283652331813365,0.15124397277832036
CH,0.65,S.oralis,0.38103663915469876,0.2520732879638672,55127.683094831424,85913.16258149977,0.6615460616151583,0.19156419930349639,0.1638476371765137
CH,0.7000000000000001,S.oralis,0.39380094281361505,0.2520732879638672,55127.683094831424,88791.15798351905,0.6401033125082507,0.21093513885270423,0.1764513015747071
CH,0.75,S.oralis,0.40633857981170984,0.2520732879638672,55127.683094831424,91618.04635885933,0.6203528300971902,0.23093862691833733,0.18905496597290045
CH,0.8,S.oralis,0.4186278822302067,0.2520732879638672,55127.683094831424,94388.9421945873,0.6021416600847674,0.2515627884693853,0.20165863037109383
CH,0.8500000000000001,S.oralis,0.43065023433223015,0.2520732879638672,55127.683094831424,97099.64815988381,0.5853318258487288,0.2727947413834462,0.2142622947692872
CH,0.9,S.oralis,0.44239001162419306,0.2520732879638672,55127.683094831424,99746.64136608182,0.5697987778666249,0.2946207475323568,0.22686595916748056
CH,0.9500000000000001,S.oralis,0.45383447763031753,0.2520732879638672,55127.683094831424,102327.05009219237,0.5554300089320229,0.31702635976371957,0.23946962356567394
CH,1.0,S.oralis,0.46497364592740914,0.2520732879638672,55127.683094831424,104838.62267758403,0.5421238174931325,0.3399965628526627,0.2520732879638673
CH,1.05,S.oralis,0.4758001149524968,0.2533640193939209,55422.056308256666,108258.42739505997,0.5325009629710081,0.3635159068746604,0.264709220647812
CH,1.1,S.oralis,0.48630888198162736,0.2546547508239746,55716.429521681916,111649.83293699687,0.5236481591417764,0.38756863179801354,0.27740968990325937
CH,1.1500000000000001,S.oralis,0.4964971456367573,0.2559454822540283,56010.80273510716,115010.22981134777,0.5155024243407852,0.4121387824884732,0.29017469573020943
CH,1.2000000000000002,S.oralis,0.5063640973399309,0.25723621368408206,56305.17594853241,118337.45119396043,0.5080064227211492,0.4372103135628904,0.3030042381286622
CH,1.25,S.oralis,0.5159107123339075,0.25852694511413576,56599.54916195765,121629.74415644325,0.5011079222305662,0.4627671838047363,0.3158983170986176
CH,1.3,S.oralis,0.5251395446989902,0.25981767654418947,56893.92237538289,124885.73926511932,0.4947593057253323,0.48879344023055876,0.32885693264007576
CH,1.35,S.oralis,0.5340545214512269,0.2611084079742432,57188.295588808134,128104.41742968335,0.4889171376448859,0.5152732918843143,0.3418800847530366
CH,1.4000000000000001,S.oralis,0.5426607543196968,0.2623991394042969,57482.668802233384,131285.07848765023,0.4835417658556346,0.5421911737785874,0.35496777343750013
CH,1.4500000000000002,S.oralis,0.5509643515194751,0.2636898708343506,57777.042015658626,134427.30746466576,0.4785969729386927,0.5695318014245667,0.36811999869346634
CH,1.5,S.oralis,0.5589722528235481,0.2649806022644043,58071.41522908387,137530.94424421343,0.47404965260064746,0.5972802165331422,0.3813367605209352
CH,1.55,S.oralis,0.5666920675223498,0.266271333694458,58365.78844250912,140596.0519181621,0.46986952695249523,0.6254218245417897,0.39461805891990676
CH,1.6,S.oralis,0.574131934561816,0.2675620651245117,58660.16165593436,143622.88868547973,0.4660288846826089,0.653942424593894,0.407963893890381
CH,1.6500000000000001,S.oralis,0.5813003908382448,0.26885279655456545,58954.53486935961,146611.880082,0.4625023495457749,0.6828282327288955,0.42137426543235795
CH,1.7000000000000002,S.oralis,0.5882062565053222,0.27014352798461916,59248.90808278485,149563.59391035122,0.4592666687865719,0.7120658989124847,0.4348491735458376
CH,1.75,S.oralis,0.5948585323498086,0.27143425941467286,59543.281296210094,152478.71684785333,0.4563005229872958,0.7416425186338629,0.4483886182308198
CH,1.8,S.oralis,0.6012663101077842,0.27272499084472657,59837.654509635344,155358.03313144736,0.4535843539875656,0.7715456396953028,0.4619925994873048
CH,1.85,S.oralis,0.6074386949782268,0.27401572227478027,60132.027723060586,158202.4053124241,0.4511002090253769,0.8017632648224531,0.4756611173152925
CH,1.9000000000000001,S.oralis,0.6133847390404462,0.275306453704834,60426.40093648583,161012.7569170489,0.44883159978109666,0.83228385067292,0.48939417171478283
CH,1.9500000000000002,S.oralis,0.6191133850932329,0.2765971851348877,60720.77414991108,163790.05704253603,0.4467633745202176,0.863096303776262,0.5031917626857759
CH,2.0,S.oralis,0.6246334198366417,0.2778879165649414,61015.14736333632,166535.306750741,0.44488160213652433,0.8941899738995087,0.5170538902282716
CH,2.0500000000000003,S.oralis,0.6299534354939416,0.27917864799499514,61309.52057676157,169249.52715163137,0.4431734669025074,0.9255546452827734,0.5309805543422701
CH,2.1,S.oralis,0.6350817987235324,0.28046937942504885,61603.89379018681,171933.74898667814,0.4416271730488444,0.9571805261382101,0.5449717550277712
CH,2.15,S.oralis,0.6400266266067748,0.28176011085510255,61898.267003612054,174589.00375874757,0.44023185777271234,0.9890582367714678,0.5590274922847749
CH,2.2,S.oralis,0.6447957683187403,0.28305084228515626,62192.640217037304,177216.31612752905,0.43897751224886516,1.0211787966446058,0.5731477661132814
CH,2.25,S.oralis,0.6493967920311075,0.28434157371520996,62487.013430462546,179816.69752751078,0.4378549096706801,1.053533610653352,0.5873325765132905
CH,2.3000000000000003,S.oralis,0.6538369759118267,0.28563230514526367,62781.38664388779,182391.14076712268,0.43685553994086546,1.0861144548519255,0.6015819234848024
CH,2.35,S.oralis,0.658123303401228,0.28692303657531737,63075.75985731304,184940.61571852738,0.4359715498486054,1.1189134618347518,0.6158958070278169
CH,2.4000000000000004,S.oralis,0.6622624614583135,0.28821376800537113,63370.13307073828,187466.0657898759,0.4351956886862037,1.1519231059562405,0.6302742271423342
CH,2.45,S.oralis,0.6662608416602851,0.2895044994354248,63664.50628416352,189968.40518945034,0.4345212585419182,1.1851361885342053,0.644717183828354
CH,2.5,S.oralis,0.670124543301801,0.29079523086547854,63958.87949758877,192448.51677766637,0.43394206908567795,1.2185458231582573,0.6592246770858765
CH,2.5500000000000003,S.oralis,0.6738593785050646,0.29208596229553224,64253.252711014014,194907.25053894016,0.4334523961713133,1.252145421203429,0.6737967069149019
CH,2.6,S.oralis,0.677470878936399,0.29337669372558595,64547.62592443926,197345.42258459068,0.4330469439308965,1.2859286776394656,0.6884332733154298
CH,2.6500000000000004,S.oralis,0.6809643035888774,0.29466742515563965,64841.999137864506,199763.81455137103,0.4327208101844072,1.3198895572025977,0.7031343762874606
CH,2.7,S.oralis,0.6843446473920701,0.29595815658569335,65136.37235128975,202163.17334039457,0.43246945484785093,1.3540222809771212,0.7179000158309938
CH,2.75,S.oralis,0.6876166504432891,0.29724888801574706,65430.74556471499,204544.21114719962,0.43228867105547575,1.388321313423005,0.7327301919460298
CH,2.8000000000000003,S.oralis,0.6907848080049641,0.29853961944580076,65725.11877814024,206907.60583522468,0.432174558540169,1.4227813498842115,0.7476249046325686
CH,2.85,S.oralis,0.6938533805974428,0.29983035087585447,66019.49199156548,209254.0014614509,0.43212349937343447,1.4573973045992714,0.76258415389061
CH,2.9000000000000004,S.oralis,0.6968264042661356,0.3011210823059082,66313.86520499073,211584.00897955024,0.43213213572616355,1.492164299220861,0.7776079397201541
CH,2.95,S.oralis,0.6997077007372832,0.30241181373596193,66608.23841841597,213898.20703570504,0.4321973495751299,1.5270776518459463,0.7926962621212008
CH,3.0,S.oralis,0.7025008878422947,0.30370254516601564,66902.61163184122,216197.14297242588,0.43231624389661155,1.5621328665604357,0.8078491210937502
CH,3.0500000000000003,S.oralis,0.7052093895918257,0.30499327659606934,67196.98484526646,218481.33385251416,0.4324861255358484,1.597325623496289,0.8230665166378024
CH,3.1,S.oralis,0.7078364461058564,0.30628400802612304,67491.35805869171,220751.26756245265,0.4327044894496977,1.6326517693887308,0.8383484487533571
CH,3.1500000000000004,S.oralis,0.710385123104491,0.30757473945617675,67785.73127211696,223007.40390045394,0.43296900435080676,1.6681073086189897,0.8536949174404147
CH,3.2,S.oralis,0.7128583213988348,0.30886547088623045,68080.1044855422,225250.17578167154,0.4332774993495858,1.7036883947315726,0.8691059226989748
CH,3.25,S.oralis,0.7152587858696021,0.31015620231628416,68374.47769896744,227479.99039762752,0.43362795178978525,1.7393913224132835,0.8845814645290376
CH,3.3000000000000003,S.oralis,0.7175891141791276,0.3114469337463379,68668.85091239269,229697.23040111957,0.43401847602246824,1.775212519914502,0.9001215429306033
CH,3.35,S.oralis,0.7198517650069544,0.3127376651763916,68963.22412581793,231902.25504517235,0.4344473131539385,1.8111485418941538,0.9157261579036715
CH,3.4000000000000004,S.oralis,0.7220490659045397,0.3140283966064453,69257.59733924318,234095.40130014895,0.4349128216280557,1.8471960626669413,0.9313953094482426
CH,3.45,S.oralis,0.7241832212316613,0.31531912803649903,69551.97055266843,236276.98509446174,0.4354134682935861,1.8833518698453462,0.9471289975643161
CH,3.5,S.oralis,0.7262563187950222,0.31660985946655273,69846.34376609366,238447.30222713796,0.4359478207251404,1.9196128583460133,0.9629272222518923
CH,3.5500000000000003,S.oralis,0.7282703372145295,0.31790059089660644,70140.71697951891,240606.62960272937,0.43651453952182756,1.9559760247462523,0.9787899835109714
CH,3.6,S.oralis,0.730227151957979,0.31919132232666014,70435.09019294416,242755.22611446536,0.4371123717747324,1.9924384619755648,0.994717281341553
CH,3.6500000000000004,S.oralis,0.7321285417510547,0.3204820537567139,70729.4634063694,244893.3337274288,0.43774014463390126,2.028997354318291,1.0107091157436374
CH,3.7,S.oralis,0.7339761941649092,0.32177278518676755,71023.83661979465,247021.1783640585,0.438396759656311,2.06564997271619,1.0267654867172245
CH,3.75,S.oralis,0.735771711178993,0.3230635166168213,71318.2098332199,249138.97085023328,0.4390811874231311,2.1023936703497874,1.042886394262314
CH,3.8000000000000003,S.oralis,0.7375166141340738,0.324354248046875,71612.58304664513,251246.907722273,0.43979246274702954,2.1392258784826144,1.0590718383789066
CH,3.85,S.oralis,0.7392123487856249,0.3256449794769287,71906.95626007038,253345.1721294685,0.4405296800194112,2.1761441025556065,1.0753218190670017
CH,3.9000000000000004,S.oralis,0.7408602897261606,0.3269357109069824,72201.32947349563,255433.93458140767,0.4412919891115038,2.2131459185184013,1.0916363363265995
CH,3.95,S.oralis,0.7424617444658955,0.32822644233703613,72495.70268692088,257513.35363137678,0.44207859163592633,2.2502289693732025,1.1080153901577
CH,4.0,S.oralis,0.7440179576970676,0.32951717376708983,72790.07590034611,259583.57667420505,0.4428887372383224,2.2873909619272763,1.124458980560303
CH,4.05,S.oralis,0.7455301149861233,0.33080790519714354,73084.44911377135,261644.74059594836,0.4437217203537122,2.3246296637443558,1.1409671075344088
CH,4.1000000000000005,S.oralis,0.7469993460933347,0.3320986366271973,73378.8223271966,263696.9723376225,0.44457687729448536,2.361942900271343,1.1575397710800175
CH,4.15,S.oralis,0.7484267284068711,0.333389368057251,73673.19554062185,265740.38954054704,0.44545358336802854,2.3993285521338477,1.1741769711971286
CH,4.2,S.oralis,0.7498132900351226,0.3346800994873047,73967.5687540471,267775.10111202736,0.4463512502847578,2.4367845525948972,1.1908787078857423
CH,4.25,S.oralis,0.7511600127100149,0.3359708309173584,74261.94196747235,269801.20776131423,0.44726932375600226,2.4743088851635253,1.207644981145859
CH,4.3,S.oralis,0.7524678343074503,0.3372615623474121,74556.31518089758,271818.80243308947,0.44820728138873595,2.511899581338962,1.2244757909774782
CH,4.3500000000000005,S.oralis,0.7537376515223406,0.3385522937774658,74850.68839432283,273827.97082822095,0.44916463054974665,2.5495547184847074,1.2413711373806005
CH,4.4,S.oralis,0.7549703221844775,0.3398430252075195,75145.06160774807,275828.79182631365,0.4501409064984129,2.5872724178273776,1.258331020355225
CH,4.45,S.oralis,0.756166667462284,0.3411337566375732,75439.43482117332,277821.33789565,0.4511356706351887,2.6250508425685464,1.2753554399013523
CH,4.5,S.oralis,0.7573274739232692,0.34242448806762693,75733.80803459857,279805.6754773867,0.4521485088791598,2.662888196103185,1.2924443960189822
CH,4.55,S.oralis,0.7584534954603975,0.34371521949768064,76028.1812480238,281781.865345366,0.45317903016458266,2.7007827203377763,1.3095978887081148
CH,4.6000000000000005,S.oralis,0.759545455093084,0.3450059509277344,76322.55446144905,283749.96294286585,0.45422686504713944,2.738732694101614,1.3268159179687504
CH,4.65,S.oralis,0.7606040466510265,0.3462966823577881,76616.9276748743,285710.01869756763,0.45529166441139485,2.7767364316452166,1.3440984838008885
CH,4.7,S.oralis,0.7616299363723317,0.3475874137878418,76911.30088829953,287662.0783249355,0.45637309825741884,2.8147922812208,1.3614455862045292
CH,4.75,S.oralis,0.7626237642736231,0.3488781452178955,77205.67410172478,289606.1830647305,0.4574708546490048,2.852898623736949,1.3788572251796725
CH,4.800000000000001,S.oralis,0.7635861456769764,0.3501688766479492,77500.04731515003,291542.3699943119,0.4585846385904478,2.8910538714857146,1.3963334007263188
CH,4.8500000000000005,S.oralis,0.7645176724219367,0.3514596080780029,77794.42052857528,293470.67223989946,0.4597141711121004,2.9292564669381873,1.4138741128444676
CH,4.9,S.oralis,0.7654189140813015,0.3527503395080567,78088.79374200052,295391.11920424766,0.46085918837196144,2.9675048816007683,1.431479361534119
CH,4.95,S.oralis,0.766290419087287,0.3540410709381103,78383.16695542577,297303.7367745559,0.4620194408274104,3.0057976149299828,1.449149146795273
CH,5.0,S.oralis,0.7671327157011544,0.3553318023681641,78677.540168851,299208.5474832218,0.463194692516005,3.0441331932996936,1.46688346862793
CH,5.050000000000001,S.oralis,0.7679463131622126,0.3566225337982178,78971.91338227625,301105.570750895,0.4643847202413598,3.0825101690212784,1.4846823270320897
CH,5.1000000000000005,S.oralis,0.7687317025109592,0.3579132652282715,79266.2865957015,302994.8230152724,0.4655893129673145,3.1209271194131074,1.5025457220077518
CH,5.15,S.oralis,0.7694893574796549,0.3592039966583252,79560.65980912675,304876.3178967717,0.46680827118238927,3.1593826459128724,1.5204736535549166
CH,5.2,S.oralis,0.7702197352921866,0.3604947280883789,79855.03302255199,306750.06633906934,0.4680414063288361,3.1978753732321685,1.5384661216735842
CH,5.25,S.oralis,0.770923277669448,0.3617854595184326,80149.40623597724,308616.07684178255,0.46928854011534576,3.2364039485562093,1.5565231263637545
CH,5.300000000000001,S.oralis,0.7716004109340237,0.3630761909484863,80443.77944940249,310474.3553431412,0.47054950438528403,3.2749670407712967,1.5746446676254278
CH,5.3500000000000005,S.oralis,0.7722515472329972,0.36436692237854007,80738.15266282772,312324.9055561591,0.47182414031293146,3.313563339725472,1.5928307454586033
CH,5.4,S.oralis,0.7728770852035903,0.3656576538085937,81032.52587625297,314167.7290934126,0.4731122979435632,3.3521915555363866,1.6110813598632816
CH,5.45,S.oralis,0.7734774101922295,0.3669483852386475,81326.89908967822,316002.82541758893,0.4744138360129369,3.390850417921282,1.6293965108394626
CH,5.5,S.oralis,0.7740528949117813,0.3682391166687012,81621.27230310345,317830.19197465235,0.47572862150547135,3.429538675548882,1.6477761983871462
CH,5.550000000000001,S.oralis,0.7746039001737541,0.3695298480987549,81915.6455165287,319649.82436605776,0.4770565291704113,3.468255095426021,1.6662204225063328
CH,5.6000000000000005,S.oralis,0.775130775404603,0.3708205795288086,82210.01872995395,321461.7164404646,0.47839744117403615,3.50699846231548,1.684729183197022
CH,5.65,S.oralis,0.7756338587119368,0.3721113109588623,82504.39194337919,323265.8602042339,0.4797512470340222,3.5457675781683933,1.7033024804592136
CH,5.7,S.oralis,0.7761134774995548,0.373402042388916,82798.76515680444,325062.245962609,0.4811178432204589,3.5845612615736804,1.721940314292908
CH,5.75,S.oralis,0.7765699496255648,0.3746927738189697,83093.13837022969,326850.8626970666,0.4824971324214047,3.6233783472518084,1.7406426846981051
CH,5.800000000000001,S.oralis,0.7770035821441992,0.37598350524902346,83387.51158365494,328631.69743499166,0.48388902430986097,3.662217685546053,1.7594095916748052
CH,5.8500000000000005,S.oralis,0.7774146735993323,0.37727423667907717,83681.88479708017,330404.7361133125,0.48529343411071063,3.701078141939641,1.7782410352230076
CH,5.9,S.oralis,0.7778035128522154,0.3785649681091309,83976.25801050542,332169.962990342,0.4867102833219772,3.739958596600929,1.7971370153427126
CH,5.95,S.oralis,0.7781703801303596,0.3798556995391846,84270.63122393066,333927.3609962843,0.48813949905874204,3.7788579439254932,1.8160975320339205
CH,6.0,S.oralis,0.7785155476078996,0.3811464309692383,84565.0044373559,335676.91189467476,0.48958101368735046,3.8177750921189495,1.835122585296631
CH,6.050000000000001,S.oralis,0.7788392785900243,0.37918821573257444,84152.36334286892,333722.45743926795,0.4868632414367182,3.856708962773898,1.8541309514641766
CH,6.1000000000000005,S.oralis,0.7791418293238621,0.3772300004959106,83739.72224838195,331757.2436612387,0.48416088868347645,3.895658490471745,1.8730414068698886
CH,6.15,S.oralis,0.7794234478007434,0.3752717852592468,83327.08115389498,329781.54632799537,0.4814735639762067,3.93462262239986,1.8918539515137676
CH,6.2,S.oralis,0.7796843751916682,0.373313570022583,82914.440059408,327795.6356724726,0.4788008864879613,3.9736003179746704,1.9105685853958132
CH,6.25,S.oralis,0.7799248450784398,0.3713553547859192,82501.79896492104,325799.7761636386,0.47614248620143734,4.012590548481423,1.9291853085160258
CH,6.300000000000001,S.oralis,0.7801450848095358,0.36939713954925535,82089.15787043405,323794.22717126505,0.47349800279705634,4.051592296728623,1.9477041208744055
CH,6.3500000000000005,S.oralis,0.7803453143368818,0.3674389243125915,81676.51677594708,321779.2425700619,0.47086708609871264,4.090604556707284,1.9661250224709517
CH,6.4,S.oralis,0.7805257480612371,0.3654807090759277,81263.87568146011,319755.07159510313,0.4682493946980638,4.129626333267237,1.9844480133056646
CH,6.45,S.oralis,0.7806865931813044,0.36352249383926394,80851.23458697312,317721.9582445787,0.4656445967105785,4.1686566417983,2.002673093378544
CH,6.5,S.oralis,0.7808280519320993,0.3615642786026001,80438.59349248615,315680.14228156133,0.4630523681980136,4.207694507926135,2.020800262689591
CH,6.550000000000001,S.oralis,0.7809503195514671,0.35960606336593626,80025.95239799918,313629.8584840879,0.4604723941626316,4.246738967213225,2.0388295212388043
CH,6.6000000000000005,S.oralis,0.7810535868181934,0.3576478481292724,79613.3113035122,311571.33775170683,0.4579043668261426,4.285789064872466,2.0567608690261845
CH,6.65,S.oralis,0.7811380377382912,0.35568963289260863,79200.67020902522,309504.8062486761,0.45534798679433564,4.324843855486378,2.0745943060517313
CH,6.7,S.oralis,0.7812038522805542,0.35373141765594485,78788.02911453825,307430.486571546,0.45280296125435526,4.36390240273685,2.092329832315445
CH,6.75,S.oralis,0.7812512037732836,0.351773202419281,78375.38802005128,305348.5967859551,0.45026900530877695,4.4029637791381955,2.1099674478173256
CH,6.800000000000001,S.oralis,0.7812802623820242,0.34981498718261717,77962.7469255643,303259.35186580796,0.44774583977851395,4.442027065792079,2.1275071525573734
CH,6.8500000000000005,S.oralis,0.781291191185615,0.3478567719459533,77550.10583107732,301162.962223235,0.4452331932964433,4.48109135213127,2.1449489465355875
CH,6.9,S.oralis,0.7812841501086263,0.34589855670928954,77137.46473659035,299059.6353091183,0.4427307998776083,4.520155735663626,2.1622928297519683
CH,6.95,S.oralis,0.7812592941628745,0.34394034147262575,76724.82364210338,296949.5749871112,0.4402383997763003,4.559219321770414,2.1795388022065163
CH,7.0,S.oralis,0.7812167728641188,0.3419821262359619,76312.1825476164,294832.98137954186,0.43775573965491993,4.598281223446088,2.196686863899231
CH,7.050000000000001,S.oralis,0.7811567332239161,0.3400239109992981,75899.54145312942,292710.05206238764,0.43528257075373794,4.63734056109829,2.2137370148301128
CH,7.1000000000000005,S.oralis,0.7810793158981622,0.33806569576263423,75486.90035864245,290580.98066610115,0.43281865091241456,4.676396462326341,2.230689254999161
CH,7.15,S.oralis,0.7809846587722358,0.33610748052597045,75074.25926415547,288445.95828517515,0.4303637424253066,4.715448061693101,2.247543584406376
CH,7.2,S.oralis,0.7808728955681405,0.33414926528930666,74661.6181696685,286305.17300469946,0.4279176126944313,4.75449450055161,2.264300003051758
CH,7.25,S.oralis,0.7807441550871871,0.3321910500526428,74248.97707518152,284158.80968069815,0.42548003451341426,4.793534926817993,2.2809585109353065
CH,7.300000000000001,S.oralis,0.780598564005169,0.330232834815979,73836.33598069454,282007.0510160937,0.42305078441547356,4.832568494795303,2.2975191080570223
CH,7.3500000000000005,S.oralis,0.7804362434634926,0.32827461957931514,73423.69488620757,279850.0763669234,0.4206296444184441,4.871594364982019,2.3139817944169048
CH,7.4,S.oralis,0.7802573120920917,0.32631640434265136,73011.0537917206,277688.0628925736,0.41821640026378515,4.9106117038709085,2.330346570014954
CH,7.45,S.oralis,0.7800618849859831,0.32435818910598757,72598.41269723362,275521.18522805726,0.41581084186906014,4.94961968379786,2.34661343485117
CH,7.5,S.oralis,0.7798500728216927,0.32239997386932373,72185.77160274665,273349.6152218289,0.41341276369033336,4.988617482743052,2.3627823889255524
CH,7.550000000000001,S.oralis,0.7796219844537751,0.3204417586326599,71773.13050825967,271173.522898323,0.41102196323667084,5.02760428417494,2.378853432238102
CH,7.6000000000000005,S.oralis,0.7793777239189154,0.31848354339599605,71360.4894137727,268993.0754484485,0.40863824256430803,5.066579276884257,2.3948265647888185
CH,7.65,S.oralis,0.7791173929597158,0.31652532815933226,70947.84831928572,266808.43815862655,0.40626140684257345,5.105541654806222,2.4107017865777016
CH,7.7,S.oralis,0.7788410903179828,0.3145671129226685,70535.20722479874,264619.7742015172,0.40389126464069586,5.144490616888165,2.4264790976047514
CH,7.75,S.oralis,0.7785489107283231,0.31260889768600464,70122.56613031177,262427.2443371296,0.4015276283587152,5.183425366914323,2.4421584978699684
CH,7.800000000000001,S.oralis,0.7782409474906793,0.3106506824493408,69709.9250358248,260231.00782690517,0.3991703128073473,5.222345113369799,2.457739987373352
CH,7.8500000000000005,S.oralis,0.7779172895784897,0.30869246721267696,69297.28394133781,258031.2214937963,0.3968191366204758,5.261249069296528,2.4732235661149025
CH,7.9,S.oralis,0.777578023679249,0.3067342519760132,68884.64284685084,255828.04045178567,0.39447392111809615,5.300136452127971,2.4886092340946195
CH,7.95,S.oralis,0.7772232345935397,0.3047760367393494,68472.00175236387,253621.61826682824,0.392134490033274,5.33900648358479,2.5038969913125038
CH,8.0,S.oralis,0.7768530028734965,0.30281782150268555,68059.3606578769,251412.1062179561,0.38980067063214624,5.377858389521466,2.5190868377685547
CH,8.05,S.oralis,0.7764674076198491,0.3008596062660217,67646.71956338991,249199.65425207582,0.38747229222185153,5.416691399783801,2.5341787734627728
CH,8.1,S.oralis,0.7760665254705573,0.2989013910293579,67234.07846890295,246984.41068161154,0.3851491865959856,5.455504748111061,2.549172798395157
CH,8.15,S.oralis,0.7756504295697707,0.2969431757926941,66821.43737441597,244766.52189225418,0.38283118847416775,5.494297671987069,2.5640689125657086
CH,8.200000000000001,S.oralis,0.7752191918165466,0.29498496055603024,66408.79627992898,242546.13309349693,0.38051813431605236,5.533069412521727,2.5788671159744267
CH,8.25,S.oralis,0.7747728812683442,0.29302674531936646,65996.15518544201,240323.38784015935,0.3782098630500156,5.5718192143488485,2.593567408621311
CH,8.3,S.oralis,0.7743115643288911,0.2910685300827026,65583.51409095504,238098.42812835675,0.3759062159106155,5.61054632548878,2.608169790506363
CH,8.35,S.oralis,0.7738353063048256,0.28911031484603883,65170.87299646807,235871.39490565262,0.37360703561922237,5.649249997254622,2.6226742616295815
CH,8.4,S.oralis,0.7733441691183846,0.287152099609375,64758.23190198109,233642.42739476523,0.3713121674360454,5.687929484140203,2.637080821990967
CH,8.450000000000001,S.oralis,0.7728382131557805,0.28519388437271115,64345.59080749411,231411.66369252655,0.3690214582016596,5.726584043697057,2.651389471590519
CH,8.5,S.oralis,0.7723174972785718,0.28323566913604736,63932.94971300714,229179.24079390572,0.3667347562810498,5.765212936457916,2.665600210428238
CH,8.55,S.oralis,0.7717820772427212,0.2812774538993835,63520.30861852016,226945.29414762362,0.36445191226036117,5.8038154258209484,2.679713038504124
CH,8.6,S.oralis,0.7712320077709203,0.27931923866271974,63107.6675240332,224709.95830170563,0.3621727779038006,5.842390777946289,2.693727955818176
CH,8.65,S.oralis,0.7706673416702239,0.2773610234260559,62695.02642954621,222473.36666265357,0.35989720652356566,5.880938261682318,2.7076449623703955
CH,8.700000000000001,S.oralis,0.7700881292538869,0.27540280818939206,62282.38533505923,220235.65135585144,0.35762505319517235,5.919457148455422,2.721464058160782
CH,8.75,S.oralis,0.7694944199805617,0.27344459295272827,61869.74424057227,217996.94372347274,0.3553561739403332,5.957946712186282,2.735185243189335
CH,8.8,S.oralis,0.7688862610520044,0.27148637771606443,61457.10314608528,215757.37394247134,0.3530904263325134,5.996406229212097,2.748808517456055
CH,8.85,S.oralis,0.7682636979244725,0.26952816247940065,61044.46205159832,213517.0711970503,0.35082766920726977,6.034834978186508,2.762333880960941
CH,8.9,S.oralis,0.7676267751893711,0.2675699472427368,60631.82095711134,211276.16394450972,0.34856776221325547,6.073232240014354,2.775761333703995
CH,8.950000000000001,S.oralis,0.766975534974286,0.26561173200607296,60219.179862624354,209034.7794910844,0.34631056649672404,6.111597297768446,2.7890908756852153
CH,9.0,S.oralis,0.7663100184017878,0.2636535167694092,59806.53876813739,206793.04441873176,0.3440559439889401,6.149929436602847,2.802322506904602
CH,9.05,S.oralis,0.7656302654213127,0.26169530153274534,59393.89767365041,204551.08455372707,0.3418037574425549,6.1882279436984255,2.815456227362156
CH,9.1,S.oralis,0.7649363138454923,0.25973708629608155,58981.25657916344,202309.02472756428,0.33955387081877414,6.226492108180095,2.8284920370578766
CH,9.15,S.oralis,0.7642282007821588,0.2577788710594177,58568.61548467646,200066.9891805658,0.337306148602722,6.264721221045787,2.8414299359917643
CH,9.200000000000001,S.oralis,0.7635059619465128,0.2558206558227539,58155.97439018948,197825.10139313983,0.33506045607103635,6.302914575114004,2.8542699241638188
CH,9.25,S.oralis,0.7627696314049618,0.2538624405860901,57743.33329570251,195583.48403881857,0.33281665936082877,6.34107146494779,2.8670120015740395
CH,9.3,S.oralis,0.7620192426611758,0.25190422534942625,57330.692201215534,193342.25928198124,0.33057462495265744,6.379191186799444,2.8796561682224278
CH,9.35,S.oralis,0.7612548276033558,0.24994601011276246,56918.05110672857,191101.5485211476,0.32833422009245283,6.417273038556057,2.8922024241089823
CH,9.4,S.oralis,0.7604764170760381,0.24798779487609862,56505.410012241584,188861.47255269974,0.32609531250106205,6.4553163196730425,2.904650769233704
CH,9.450000000000001,S.oralis,0.7596840412981012,0.24602957963943478,56092.768917754605,186622.15168759972,0.3238577701580181,6.493320331132397,2.9170012035965924
CH,9.5,S.oralis,0.7588777288979625,0.244071364402771,55680.12782326764,184383.705525383,0.32162146167764066,6.531284375387298,2.929253727197647
CH,9.55,S.oralis,0.7580575079189061,0.24211314916610716,55267.486728780656,182146.2532170997,0.3193862558406419,6.56920775630772,2.9414083400368694
CH,9.600000000000001,S.oralis,0.7572234056092545,0.24015493392944331,54854.84563429368,179909.91342332773,0.31715202164969664,6.607089779145925,2.9534650421142583
CH,9.65,S.oralis,0.7563754479571533,0.23819671869277953,54442.20453980671,177674.80421557924,0.3149186284881536,6.644929750485084,2.9654238334298135
CH,9.700000000000001,S.oralis,0.7555136605347104,0.2362385034561157,54029.56344531973,175441.04328926228,0.3126859457298486,6.6827269781973815,2.977284713983536
CH,9.75,S.oralis,0.7546380680629197,0.2342802882194519,53616.92235083276,173208.74786941332,0.31045384288765865,6.720480771412322,2.989047683775425
CH,9.8,S.oralis,0.7537486943762888,0.23232207298278806,53204.281256345785,170978.03471411462,0.3082221895920227,6.758190440473302,3.000712742805481
CH,9.850000000000001,S.oralis,0.7528455629942851,0.23036385774612422,52791.6401618588,168749.02025450073,0.30599085532217307,6.795855296907567,3.012279891073704
CH,9.9,S.oralis,0.7519286965435551,0.22840564250946044,52378.99906737183,166521.82047103843,0.3037597096099526,6.833474653396013,3.0237491285800933
CH,9.950000000000001,S.oralis,0.7509981171812954,0.2264474272727966,51966.357972884856,164296.5509981502,0.3015286218329238,6.871047823739135,3.03512045532465
CH,10.0,S.oralis,0.7500538467173948,0.2244892120361328,51553.716878397885,162073.32715691847,0.2992974611337682,6.908574122836601,3.046393871307373
CH,10.05,S.oralis,0.7490959062488445,0.22484148979187013,51589.56418088369,161915.74910713866,0.30015047194394806,6.946052866660757,3.057627138853073
CH,10.100000000000001,S.oralis,0.7481243166466265,0.22519376754760742,51625.41148336949,161755.09353534292,0.30101115889002283,6.983483372233144,3.06887802028656
CH,10.15,S.oralis,0.7471390984251746,0.22554604530334474,51661.25878585529,161591.36217720388,0.3018795908000965,7.0208649576099385,3.080146515607834
CH,10.200000000000001,S.oralis,0.746140271679214,0.22589832305908203,51697.10608834109,161424.55668300492,0.30275583778729726,7.0581969418625485,3.091432624816895
CH,10.25,S.oralis,0.7451278563751639,0.22625060081481935,51732.95339082689,161254.67868056483,0.3036399711526885,7.095478645063907,3.102736347913742
CH,10.3,S.oralis,0.7441018722229028,0.22660287857055664,51768.80069331269,161081.72974743551,0.30453206345740197,7.132709388278859,3.1140576848983765
CH,10.350000000000001,S.oralis,0.7430623387758882,0.22695515632629396,51804.64799579849,160905.7114324977,0.3054321885027535,7.169888493553829,3.125396635770798
CH,10.4,S.oralis,0.742009275516911,0.22730743408203125,51840.495298284295,160726.62527448448,0.3063404213157316,7.207015283911148,3.136753200531006
CH,10.450000000000001,S.oralis,0.7409427018666042,0.22765971183776856,51876.34260077009,160544.4728038019,0.30725683816608446,7.244089083345736,3.148127379179001
CH,10.5,S.oralis,0.7398626372732098,0.22801198959350585,51912.189903255894,160359.25556196447,0.3081815165499534,7.281109216824231,3.159519171714783
CH,10.55,S.oralis,0.738769101186406,0.22836426734924317,51948.0372057417,160170.97509592984,0.3091145352215027,7.318075010285722,3.170928578138352
CH,10.600000000000001,S.oralis,0.737662113263339,0.2287165451049805,51983.8845082275,159979.6330027822,0.3100559741277246,7.354985790646966,3.1823555984497074
CH,10.65,S.oralis,0.7365416932697526,0.22906882286071778,52019.731810713296,159785.23090835198,0.31100591447010334,7.391840885810292,3.1938002326488495
CH,10.700000000000001,S.oralis,0.7354078611451296,0.2294211006164551,52055.5791131991,159587.77048138736,0.3119644386982965,7.428639624670665,3.205262480735779
CH,10.75,S.oralis,0.7342606372559928,0.2297733783721924,52091.4264156849,159387.25348859638,0.3129316304233318,7.465381337130692,3.216742342710495
CH,10.8,S.oralis,0.7331000421428167,0.23012565612792968,52127.2737181707,159183.68173983257,0.3139075745450557,7.502065354115663,3.228239818572998
CH,10.850000000000001,S.oralis,0.7319260967923492,0.230477933883667,52163.1210206565,158977.05714730185,0.3148923571570022,7.538691007589042,3.239754908323288
CH,10.9,S.oralis,0.7307388227493938,0.2308302116394043,52198.968323142304,158767.38174999628,0.31588606551778525,7.575257630577585,3.2512876119613647
CH,10.950000000000001,S.oralis,0.7295382417684195,0.2311824893951416,52234.81562562811,158554.65763816083,0.3168887882213676,7.611764557190531,3.2628379294872287
CH,11.0,S.oralis,0.7283243765036288,0.2315347671508789,52270.6629281139,158338.8871033843,0.31790061491883254,7.648211122647331,3.274405860900879
CH,11.05,S.oralis,0.7270972500894445,0.2318870449066162,52306.510230599706,158120.0725476656,0.3189216365184856,7.684596663312159,3.2859914062023163
CH,11.100000000000001,S.oralis,0.7258568861117266,0.23223932266235353,52342.35753308551,157898.21647731078,0.31995194521941395,7.720920516717189,3.297594565391541
CH,11.15,S.oralis,0.7246033093515928,0.23259160041809082,52378.204835571305,157673.321664937,0.3209916342035811,7.757182021603771,3.309215338468552
CH,11.200000000000001,S.oralis,0.7233365450371876,0.23294387817382814,52414.05213805711,157445.3909870027,0.3220407979827042,7.793380517963491,3.32085372543335
CH,11.25,S.oralis,0.7220566192200487,0.23329615592956543,52449.89944054291,157214.42750590187,0.3230995322521485,7.829515347069921,3.3325097262859344
CH,11.3,S.oralis,0.7207635592755314,0.23364843368530275,52485.746743028714,156980.43457922665,0.324167933684317,7.865585851532311,3.3441833410263064
CH,11.350000000000001,S.oralis,0.7194573930278367,0.23400071144104004,52521.59404551451,156743.4156695799,0.3252461003371554,7.901591375339896,3.355874569654465
CH,11.4,S.oralis,0.7181381496184908,0.23435298919677736,52557.44134800031,156503.37453399008,0.3263341312827857,7.937531263906053,3.36758341217041
CH,11.450000000000001,S.oralis,0.7168058595594097,0.23470526695251465,52593.288650486116,156260.3152359139,0.3274321265967023,7.973404864135501,3.3793098685741425
CH,11.5,S.oralis,0.7154605538521209,0.23505754470825196,52629.13595297191,156014.2419536245,0.32854018777509875,8.009211524470789,3.3910539388656615
CH,11.55,S.oralis,0.7141022652555697,0.23540982246398925,52664.983255457715,155765.159256916,0.32965841717325817,8.044950594948482,3.4028156230449675
CH,11.600000000000001,S.oralis,0.7127310279866281,0.23576210021972657,52700.83055794352,155513.07204233637,0.3307869181530144,8.080621427279537,3.4145949211120605
CH,11.65,S.oralis,0.7113468768312957,0.23611437797546386,52736.677860429314,155257.98533967973,0.33192579550955303,8.116223374899985,3.42639183306694
CH,11.700000000000001,S.oralis,0.7099498487519649,0.23646665573120118,52772.52516291512,154999.9046630804,0.33307515474070554,8.151755793039566,3.438206358909607
CH,11.75,S.oralis,0.7085399822483484,0.23681893348693847,52808.37246540092,154738.8358721631,0.33423510235154485,8.187218038814573,3.45003849864006
CH,11.8,S.oralis,0.7071173164880524,0.2371712112426758,52844.21976788672,154474.7849826174,0.335405746277864,8.222609471282983,3.4618882522583005
CH,11.850000000000001,S.oralis,0.7056818932504952,0.2375234889984131,52880.06707037252,154207.7585912092,0.33658719498149237,8.257929451526447,3.473755619764328
CH,11.9,S.oralis,0.7042337559125186,0.2378757667541504,52915.91437285832,153937.76365490796,0.3377795579337436,8.293177342755522,3.485640601158142
CH,11.950000000000001,S.oralis,0.7027729486407993,0.23822804450988772,52951.761675344125,153664.80731483037,0.33898294601497336,8.328352510369355,3.497543196439743
CH,12.0,S.oralis,0.7012995186586336,0.238580322265625,52987.60897782992,153388.89739229393,0.34019747043596216,8.36345432205184,3.5094634056091305
CH,12.05,S.oralis,0.6998135148302356,0.2389326000213623,53023.456280315724,153110.0420800884,0.3414232434183896,8.398482147889062,3.5214012286663054
CH,12.100000000000001,S.oralis,0.6983149869580999,0.2392848777770996,53059.30358280153,152828.24978924275,0.342660378548423,8.433435360433771,3.5333566656112674
CH,12.15,S.oralis,0.6968039883484771,0.2396371555328369,53095.15088528733,152543.5297109654,0.3439089895291938,8.468313334816434,3.5453297164440154
CH,12.200000000000001,S.oralis,0.6952805739782982,0.23998943328857422,53130.998187773126,152255.89141638443,0.3451691910725885,8.503115448874604,3.557320381164551
CH,12.25,S.oralis,0.6937447999403581,0.2403417110443115,53166.84549025893,151965.3447355655,0.3464410991836968,8.53784108322257,3.569328659772873
CH,12.3,S.oralis,0.6921967262736383,0.24069398880004883,53202.69279274473,151671.900378051,0.34772482975439273,8.57248962137792,3.581354552268982
CH,12.350000000000001,S.oralis,0.6906364147069288,0.24104626655578615,53238.540095230535,151375.5694396027,0.34902049967648174,8.607060449902436,3.5933980586528778
CH,12.4,S.oralis,0.6890639282934236,0.24139854431152344,53274.38739771633,151076.36332264438,0.3503282270331366,8.641552958477444,3.6054591789245602
CH,12.450000000000001,S.oralis,0.6874793344632799,0.24175082206726076,53310.234700202134,150774.29440617005,0.35164812954850105,8.675966540046362,3.61753791308403
CH,12.5,S.oralis,0.685882702348273,0.24210309982299805,53346.08200268794,150469.37546026835,0.3529803259276023,8.71030059096665,3.629634261131286
CH,12.55,S.oralis,0.6842741026449655,0.24245537757873536,53381.92930517373,150161.61961665694,0.35432493593073033,8.744554511091481,3.6417482230663296
CH,12.600000000000001,S.oralis,0.6826536108392122,0.24280765533447266,53417.776607659536,149851.04107701802,0.3556820786987121,8.778727703928586,3.65387979888916
CH,12.65,S.oralis,0.6810213041265099,0.24315993309020997,53453.62391014534,149537.6544383528,0.3570518743199837,8.81281957680273,3.666028988599777
CH,12.700000000000001,S.oralis,0.6793772615391926,0.24351221084594726,53489.471212631135,149221.47472148325,0.35843444376434913,8.846829540944372,3.678195792198181
CH,12.75,S.oralis,0.6777215672862208,0.24386448860168458,53525.31851511694,148902.5181054445,0.3598299071079935,8.880757011665006,3.6903802096843714
CH,12.8,S.oralis,0.676054307294161,0.24421676635742187,53561.16581760274,148580.8011689812,0.36123838532273356,8.914601408529515,3.7025822410583493
CH,12.850000000000001,S.oralis,0.6743755696287677,0.2445690441131592,53597.013120088544,148256.34098379564,0.3626600000468438,8.948362155452589,3.714801886320114
CH,12.9,S.oralis,0.6726854478885667,0.24492132186889648,53632.86042257434,147929.15586153063,0.36409487173783606,8.982038680890522,3.727039145469665
CH,12.950000000000001,S.oralis,0.6709840374014755,0.2452735996246338,53668.70772506014,147599.26451894853,0.3655431216732168,9.015630418022774,3.7392940185070036
CH,13.0,S.oralis,0.6692714359645697,0.2456258773803711,53704.555027545946,147266.68624128017,0.36700487153821126,9.049136804856923,3.7515665054321286
CH,13.05,S.oralis,0.6675477472269368,0.2459781551361084,53740.40233003174,146931.44162762648,0.3684802415376689,9.082557284436712,3.763856606245041
CH,13.100000000000001,S.oralis,0.6658130765866305,0.24633043289184572,53776.249632517545,146593.55168951204,0.3699693525917031,9.115891305032052,3.77616432094574
CH,13.15,S.oralis,0.6640675322643617,0.24668271064758301,53812.09693500335,146253.0380879297,0.37147232572331207,9.149138320253327,3.7884896495342253
CH,13.200000000000001,S.oralis,0.6623112286100714,0.24703498840332033,53847.94423748915,145909.92386272334,0.37298928016326827,9.182297789275188,3.800832592010498
CH,13.25,S.oralis,0.6605442817540098,0.24738726615905762,53883.79153997495,145564.23247623738,0.3745203357179102,9.215369177034288,3.813193148374557
CH,13.3,S.oralis,0.6587668110205244,0.2477395439147949,53919.63884246075,145215.98812555373,0.3760656119439454,9.248351954353652,3.8255713186264035
CH,13.350000000000001,S.oralis,0.6569789420940059,0.24809182167053223,53955.48614494655,144865.2164416431,0.37762522628165646,9.281245598181515,3.837967102766037
CH,13.4,S.oralis,0.6551808024861481,0.24844409942626955,53991.33344743235,144511.94349168512,0.3791992965659616,9.314049591796019,3.850380500793457
CH,13.450000000000001,S.oralis,0.6533725232849901,0.24879637718200684,54027.18074991815,144156.1961655692,0.38078793998119514,9.346763424940297,3.8628115127086637
CH,13.5,S.oralis,0.6515542421195114,0.24914865493774413,54063.028052403955,143798.00283136035,0.3823912712581864,9.37938659407541,3.875260138511657
CH,13.55,S.oralis,0.6497260985122855,0.24950093269348145,54098.87535488975,143437.39231148062,0.3840094052936735,9.411918602591205,3.887726378202438
CH,13.600000000000001,S.oralis,0.6478882359466093,0.24985321044921877,54134.722657375554,143074.394339822,0.38564245588464197,9.444358960952679,3.900210231781006
CH,13.65,S.oralis,0.6460408045751865,0.2502054882049561,54170.56995986136,142709.04016139504,0.38729053402359365,9.476707186965722,3.91271169924736
CH,13.700000000000001,S.oralis,0.6441839565331554,0.25055776596069335,54206.41726234716,142341.3614988774,0.3889537505856798,9.50896280599343,3.925230780601501
CH,13.75,S.oralis,0.642317848292717,0.25091004371643066,54242.264564832956,141971.3910737107,0.3906322148502496,9.541125351114077,3.937767475843429
CH,13.8,S.oralis,0.6404426430701058,0.251262321472168,54278.11186731876,141599.1631397022,0.3923260329257364,9.573194363398148,3.9503217849731445
CH,13.850000000000001,S.oralis,0.638558506178047,0.2516145992279053,54313.95916980456,141224.71245739033,0.39403531045869195,9.605169392129353,3.9628937079906463
CH,13.9,S.oralis,0.6366656076230995,0.25196687698364256,54349.80647229036,140848.07486934072,0.39576015095950456,9.637049994974381,3.9754832448959347
CH,13.950000000000001,S.oralis,0.6347641241764247,0.2523191547393799,54385.65377477616,140469.2877599422,0.39750065438362886,9.66883573826937,3.9880903956890106
CH,14.0,S.oralis,0.6328542348468107,0.2526714324951172,54421.501077261964,140088.3890555485,0.3992569198123152,9.700526197244951,4.0007151603698725
CH,14.05,S.oralis,0.6309361236613981,0.2530237102508545,54457.34837974777,139705.41784093995,0.4010290436098785,9.732120956207657,4.013357538938522
CH,14.100000000000001,S.oralis,0.6290099813794664,0.2533759880065918,54493.19568223356,139320.4147405682,0.4028171181813667,9.763619608833679,4.026017531394959
CH,14.15,S.oralis,0.6270760011669566,0.2537282657623291,54529.042984719366,138933.4209624344,0.4046212345714932,9.795021758397338,4.0386951377391815
CH,14.200000000000001,S.oralis,0.6251343814869035,0.2540805435180664,54564.89028720517,138544.47893947095,0.4064414804921258,9.826327017963685,4.051390357971192
CH,14.25,S.oralis,0.6231853275332765,0.25443282127380373,54600.737589690965,138153.63264915592,0.40827793921418615,9.857535010689189,4.064103192090989
CH,14.3,S.oralis,0.6212290467750551,0.254785099029541,54636.58489217677,137760.92662760764,0.41013069229809823,9.888645370046897,4.076833640098572
CH,14.350000000000001,S.oralis,0.6192657526894639,0.2551373767852783,54672.43219466257,137366.40679844675,0.4119998170046053,9.91965774003351,4.089581701993943
CH,14.4,S.oralis,0.6172956651230544,0.25548965454101563,54708.27949714837,136970.12055489724,0.4138853858468052,9.950571775478823,4.1023473777771
CH,14.450000000000001,S.oralis,0.6153190061249131,0.25584193229675295,54744.12679963417,136572.11583705383,0.41578746918279924,9.981387142260022,4.115130667448045
CH,14.5,S.oralis,0.6133360044166328,0.2561942100524902,54779.97410211997,136172.4421250287,0.41770613205100565,10.01210351752356,4.127931571006775
CH,14.55,S.oralis,0.6113468947074027,0.25654648780822753,54815.82140460578,135771.15028904358,0.41964143439546464,10.042720590001661,4.140750088453293
CH,14.600000000000001,S.oralis,0.6093519139497621,0.25689876556396485,54851.66870709158,135368.29175961597,0.4215934334213724,10.07323806021809,4.153586219787599
CH,14.65,S.oralis,0.6073513060731386,0.25725104331970217,54887.516009577375,134963.9195801725,0.42356218015397407,10.103655640718662,4.16643996500969
CH,14.700000000000001,S.oralis,0.6053453208032125,0.2576033210754395,54923.36331206318,134558.08814691502,0.42554771999168056,10.133973056390571,4.179311324119569
CH,14.75,S.oralis,0.6033342101065557,0.25795559883117675,54959.210614548974,134150.8524202006,0.4275500949724346,10.164190044663314,4.192200297117234
CH,14.8,S.oralis,0.601318233130998,0.25830787658691406,54995.05791703478,133742.26902409297,0.42956934008458936,10.194306355744255,4.205106884002686
CH,14.850000000000001,S.oralis,0.5992976545969485,0.2586601543426514,55030.90521952058,133332.39589083067,0.4316054841172549,10.224321752937454,4.218031084775926
CH,14.9,S.oralis,0.5972727414550474,0.25901243209838865,55066.75252200638,132921.29151883518,0.4336585518156996,10.254236012838753,4.230972899436951
CH,14.950000000000001,S.oralis,0.5952437679616385,0.25936470985412596,55102.59982449218,132509.01610331287,0.43572855998526167,10.28404892557417,4.243932327985764
CH,15.0,S.oralis,0.5932110136796073,0.2597169876098633,55138.44712697798,132095.63109349346,0.43781551862780516,10.313760295115202,4.256909370422363
CH,15.05,S.oralis,0.5911747603811172,0.2593967358271281,55066.2736507191,131700.23847550253,0.4387818175117977,10.34336993946672,4.269887213508288
CH,15.100000000000001,S.oralis,0.589135297178187,0.2590764840443929,54994.10017446021,131303.73063315125,0.43975719208355946,10.372877690905703,4.282849044005077
CH,15.15,S.oralis,0.5870929181819659,0.2587562322616577,54921.92669820133,130906.17220004555,0.44074153212908934,10.402283396289706,4.295794861912728
CH,15.200000000000001,S.oralis,0.5850479196791831,0.2584359804789225,54849.75322194245,130507.62841059841,0.4417347225516817,10.431586917236235,4.3087246672312425
CH,15.25,S.oralis,0.5830006052305925,0.2581157286961873,54777.579745683564,130108.16623891683,0.4427366393455039,10.460788130358978,4.32163845996062
CH,15.3,S.oralis,0.5809512830489221,0.2577954769134521,54705.406269424675,129707.8538169527,0.4437471513282519,10.489886927565966,4.334536240100861
CH,15.350000000000001,S.oralis,0.5789002634732425,0.25747522513071697,54633.23279316579,129306.75987264523,0.4447661218634387,10.51888321622902,4.3474180076519655
CH,15.4,S.oralis,0.5768478639421744,0.25715497334798176,54561.05931690691,128904.95484229967,0.4457934048513007,10.547776919414405,4.360283762613933
CH,15.450000000000001,S.oralis,0.5747944061617062,0.25683472156524656,54488.88584064802,128502.51024090235,0.44682884664850336,10.576567976167002,4.373133504986764
CH,15.5,S.oralis,0.5727402138962996,0.2565144697825114,54416.71236438914,128099.49817017233,0.4478722875725223,10.605256341668452,4.385967234770457
CH,15.55,S.oralis,0.5706856177195709,0.2561942179997762,54344.53888813026,127695.99238257919,0.4489235579889231,10.63384198745885,4.398784951965014
CH,15.600000000000001,S.oralis,0.5686309520534218,0.255873966217041,54272.365411871375,127292.06762187395,0.44998248036452665,10.662324901703174,4.411586656570435
CH,15.65,S.oralis,0.5665765532884048,0.2555537144343058,54200.19193561249,126887.79920402393,0.45104887053845505,10.690705089336719,4.424372348586719
CH,15.700000000000001,S.oralis,0.5645227642123852,0.25523346265157065,54128.0184593536,126483.26401043613,0.4521225339914663,10.71898257227424,4.437142028013866
CH,15.75,S.oralis,0.562469931011606,0.25491321086883545,54055.84498309472,126078.53981888131,0.453203267969138,10.747157389654838,4.449895694851875
CH,15.8,S.oralis,0.5604184017257247,0.25459295908610025,53983.67150683584,125673.70495870449,0.45429086250936673,10.775229597973272,4.462633349100749
CH,15.850000000000001,S.oralis,0.55836853025501,0.25427270730336504,53911.49803057695,125268.8392107412,0.4553850969846694,10.80319927127279,4.4753549907604855
CH,15.9,S.oralis,0.5563206734216755,0.2539524555206299,53839.32455431807,124864.02315062191,0.4564857422225276,10.831066501364706,4.488060619831085
CH,15.950000000000001,S.oralis,0.5542751897572207,0.2536322037378947,53767.151078059185,124459.33787791072,0.4575925612852863,10.85883139794418,4.500750236312548
CH,16.0,S.oralis,0.5522324429912203,0.2533119519551595,53694.9776018003,124054.86580067468,0.4587053063798115,10.88649408876289,4.513423840204874
CH,16.05,S.oralis,0.5501927991846823,0.2529917001724243,53622.804125541414,123650.68999378437,0.45982372097077,10.914054719817287,4.5260814315080635
CH,16.1,S.oralis,0.5481566262903718,0.25267144838968914,53550.63064928253,123246.89410120208,0.460947539938782,10.941513455454164,4.5387230102221165
CH,16.150000000000002,S.oralis,0.5461242962737115,0.25235119660695393,53478.45717302365,122843.56281397943,0.46207648758494035,10.968870478518266,4.551348576347033
CH,16.2,S.oralis,0.5440961827420915,0.25203094482421873,53406.28369676477,122440.78133873834,0.463210279392246,10.99612599049366,4.563958129882812
CH,16.25,S.oralis,0.5420726617358204,0.2517106930414836,53334.110220505885,122038.63557654656,0.46434862115248127,11.023280211605607,4.5765516708294545
CH,16.3,S.oralis,0.5400541117737799,0.2513904412587484,53261.936744246996,121637.21213439471,0.4654912087106779,11.050333380943348,4.58912919918696
CH,16.35,S.oralis,0.5380409125940073,0.2510701894760132,53189.76326798811,121236.5980426288,0.46663772884026883,11.077285756552543,4.601690714955329
CH,16.400000000000002,S.oralis,0.536033446395747,0.25074993769327797,53117.589791729224,120836.88103554172,0.4677878579765941,11.104137615527288,4.614236218134562
CH,16.45,S.oralis,0.5340320963395684,0.2504296859105428,53045.41631547035,120438.14921431891,0.4689412633193215,11.130889254095669,4.6267657087246565
CH,16.5,S.oralis,0.5320372470702833,0.2501094341278076,52973.24283921146,120040.49116549303,0.47009760219807994,11.157540987680916,4.639279186725616
CH,16.55,S.oralis,0.530049284373906,0.2497891823450724,52901.06936295258,119643.99588424078,0.47125652219325853,11.184093150967021,4.651776652137438
CH,16.6,S.oralis,0.5280685946833246,0.2494689305623372,52828.89588669369,119248.75266331348,0.4724176614061669,11.210546097943451,4.6642581049601235
CH,16.650000000000002,S.oralis,0.5260955652823975,0.24914867877960203,52756.722410434806,118854.85113946386,0.47358064812020234,11.236900201942595,4.676723545193672
CH,16.7,S.oralis,0.5241305836808268,0.24882842699686686,52684.548934175924,118462.38115257445,0.47474510121010755,11.263155855666673,4.689172972838083
CH,16.75,S.oralis,0.5221740376447097,0.24850817521413165,52612.37545791704,118071.43275267688,0.475910629978923,11.289313471199812,4.701606387893358
CH,16.8,S.oralis,0.5202263147726622,0.24818792343139648,52540.20198165816,117682.09610419089,0.4770768344155256,11.315373480010246,4.714023790359497
CH,16.85,S.oralis,0.5182878025348903,0.24786767164866128,52468.02850539927,117294.46149468469,0.47824330504473955,11.341336332942936,4.7264251802364985
CH,16.900000000000002,S.oralis,0.5163588875200561,0.24754741986592607,52395.85502914039,116908.61916429507,0.47940962351754035,11.36720250019431,4.7388105575243635
CH,16.95,S.oralis,0.5144399558641082,0.24722716808319092,52323.681552881506,116524.65940242803,0.48057536212933116,11.392972471278913,4.75117992222309
CH,17.0,S.oralis,0.5125313923881488,0.24690691630045572,52251.508076622624,116142.67235217226,0.4817400845438729,11.41864675498522,4.763533274332682
CH,17.05,S.oralis,0.5106335806049982,0.24658666451772052,52179.334600363734,115762.74801114168,0.48290334573289295,11.444225879310048,4.775870613853137
CH,17.1,S.oralis,0.5087469028733747,0.24626641273498534,52107.16112410485,115384.97626580183,0.4840646917830578,11.469710391397008,4.788191940784454
CH,17.150000000000002,S.oralis,0.506871738938449,0.24594616095225014,52034.98764784596,115009.44655975435,0.48522366125075317,11.495100857442305,4.800497255126635
CH,17.2,S.oralis,0.5050084674646482,0.24562590916951496,51962.81417158709,114636.24824039845,0.4863797836948335,11.52039786260238,4.812786556879678
CH,17.25,S.oralis,0.503157463928094,0.24530565738677979,51890.6406953282,114265.47007977984,0.48753258169262953,11.5456020108872,4.825059846043586
CH,17.3,S.oralis,0.5013191015924761,0.24498540560404458,51818.467219069316,113897.20049473931,0.48868156993386225,11.570713925025213,4.837317122618357
CH,17.35,S.oralis,0.4994937512933701,0.24466515382130938,51746.293742810434,113531.52749680357,0.48982625545921793,11.59573424634736,4.849558386603991
CH,17.400000000000002,S.oralis,0.4976817796793761,0.2443449020385742,51674.120266551545,113168.53829104344,0.49096613943952233,11.62066363462168,4.861783638000488
CH,17.45,S.oralis,0.4958835515536162,0.24402465025583903,51601.94679029267,112808.31980668477,0.492100714958791,11.645502767902503,4.873992876807848
CH,17.5,S.oralis,0.4940994266892625,0.24370439847310382,51529.77331403378,112450.957971456,0.4932294702425727,11.670252342358575,4.886186103026072
CH,17.55,S.oralis,0.49232976197459466,0.24338414669036865,51457.5998377749,112096.53819751817,0.4943518866586981,11.694913072075172,4.898363316655159
CH,17.6,S.oralis,0.49057490997630787,0.24306389490763344,51385.42636151601,111745.14505279351,0.4954674402720109,11.719485688873945,4.910524517695109
CH,17.650000000000002,S.oralis,0.4888352185134658,0.24274364312489824,51313.25288525713,111396.86216175536,0.4965756024352641,11.74397094208619,4.922669706145922
CH,17.7,S.oralis,0.48711103196023303,0.24242339134216306,51241.079408998245,111051.7725000953,0.49767583864114606,11.76836959834803,4.934798882007598
CH,17.75,S.oralis,0.4854026881625395,0.2421031395594279,51168.90593273936,110709.95768978925,0.4987676118479971,11.7926824413511,4.946912045280138
CH,17.8,S.oralis,0.48371052203873366,0.24178288777669268,51096.73245648047,110371.49881747835,0.49985037901931695,11.816910271606133,4.959009195963541
CH,17.85,S.oralis,0.4820348612551969,0.2414626359939575,51024.55898022159,110036.47544588301,0.5009235957855823,11.841053906188481,4.971090334057807
CH,17.900000000000002,S.oralis,0.48037602934553003,0.2411423842112223,50952.38550396271,109704.96632258155,0.5019867134914237,11.8651141784535,4.983155459562937
CH,17.95,S.oralis,0.4787343438007875,0.24082213242848713,50880.21202770383,109377.04894165474,0.503039181431067,11.889091937782156,4.995204572478929
CH,18.0,S.oralis,0.47711011565257777,0.24050188064575195,50808.038551444944,109052.7994454293,0.5040804475855647,11.91298804926849,5.007237672805785
CH,18.05,S.oralis,0.47550365130556216,0.24018162886301675,50735.865075186055,108732.29304034024,0.5051099569973108,11.936803393442444,5.019254760543505
CH,18.1,S.oralis,0.47391524861329754,0.23986137708028155,50663.69159892717,108415.60309694667,0.506127156241816,11.960538865940416,5.031255835692088
CH,18.150000000000002,S.oralis,0.4723452016273712,0.23954112529754637,50591.51812266828,108102.80223264007,0.5071314887337802,11.984195377196434,5.0432408982515335
CH,18.2,S.oralis,0.47079379520731846,0.2392208735148112,50519.34464640941,107793.96107565334,0.5081224008261792,12.0077738521173,5.055209948221842
CH,18.25,S.oralis,0.4692613090424376,0.238900621732076,50447.17117015052,107489.14918178678,0.5090993378925067,12.031275229723544,5.067162985603014
CH,18.3,S.oralis,0.4677480153615253,0.2385803699493408,50374.99769389164,107188.4345070366,0.5100617471673088,12.054700462833644,5.07910001039505
CH,18.35,S.oralis,0.4662541782155596,0.2382601181666056,50302.82421763275,106891.8832394831,0.5110090789501788,12.078050517673072,5.091021022597949
CH,18.400000000000002,S.oralis,0.4647800575569797,0.2379398663838704,50230.650741373865,106599.56073087893,0.5119407825597168,12.101326373567385,5.102926022211711
CH,18.45,S.oralis,0.4633259009402735,0.23761961460113523,50158.47726511498,106311.52959031206,0.5128563158651611,12.124529022529815,5.114815009236335
CH,18.5,S.oralis,0.46189195180094883,0.23729936281840006,50086.3037888561,106027.8515785676,0.5137551366572926,12.147659468848346,5.1266879836718235
CH,18.55,S.oralis,0.4604784467140812,0.23697911103566485,50014.13031259722,105748.58697653325,0.5146367060754293,12.170718728811222,5.138544945518175
CH,18.6,S.oralis,0.45908561004473725,0.23665885925292968,49941.95683633833,105473.7933527795,0.5155004950598813,12.193707830230192,5.150385894775391
CH,18.650000000000002,S.oralis,0.4577136622030989,0.23633860747019447,49869.78336007945,105203.52745497118,0.5163459756316497,12.216627812036387,5.162210831443469
CH,18.7,S.oralis,0.45636281521379485,0.2360183556874593,49797.609883820565,104937.8441891208,0.517172626294915,12.239479723971808,5.1740197555224094
CH,18.75,S.oralis,0.4550332695991452,0.2356981039047241,49725.43640756168,104676.79589848757,0.5179799360876598,12.262264626092131,5.185812667012214
CH,18.8,S.oralis,0.4537252218593328,0.23537785212198892,49653.262931302794,104420.43407941962,0.5187673966138089,12.284983588378593,5.197589565912882
CH,18.85,S.oralis,0.45243885835407116,0.23505760033925371,49581.08945504391,104168.80797070461,0.5195345094680208,12.307637690383928,5.209350452224413
CH,18.900000000000002,S.oralis,0.45117435513151427,0.2347373485565185,49508.91597878502,103921.96450918366,0.5202807869877581,12.330228020721067,5.221095325946807
CH,18.95,S.oralis,0.4499318845759909,0.23441709677378336,49436.74250252615,103679.94985655887,0.5210057451133843,12.352755676713754,5.232824187080064
CH,19.0,S.oralis,0.4487116061663366,0.23409684499104816,49364.56902626726,103442.80726708591,0.5217089145322193,12.375221763982312,5.244537035624186
CH,19.05,S.oralis,0.4475136715316115,0.23377659320831295,49292.395550008376,103210.57824724488,0.5223898353947818,12.397627395924761,5.25623387157917
CH,19.1,S.oralis,0.4463382277959107,0.23345634142557778,49220.22207374949,102983.30332363286,0.5230480538904821,12.41997369340795,5.267914694945017
CH,19.150000000000002,S.oralis,0.44518540787127786,0.23313608964284258,49148.048597490604,102761.0198000904,0.5236831340847816,12.44226178429963,5.279579505721728
CH,19.200000000000003,S.oralis,0.4440553387012687,0.2328158378601074,49075.87512123172,102543.76365437532,0.5242946488179272,12.464492802963944,5.2912283039093015
CH,19.25,S.oralis,0.4429481414171399,0.23249558607737222,49003.70164497284,102331.5695713164,0.5248821799625137,12.486667889966903,5.302861089507738
CH,19.3,S.oralis,0.44186392285329634,0.23217533429463702,48931.52816871396,102124.46897899355,0.5254453289496589,12.508788191573665,5.314477862517038
CH,19.35,S.oralis,0.44080278510862236,0.23185508251190182,48859.35469245507,101922.49225249239,0.5259837059667584,12.530854859272713,5.326078622937202
CH,19.400000000000002,S.oralis,0.4397648230205377,0.23153483072916664,48787.181216196186,101725.66812728265,0.5264969333810349,12.552869049475943,5.337663370768229
CH,19.450000000000003,S.oralis,0.4387501179678906,0.23121457894643144,48715.0077399373,101534.02226154075,0.5269846536277231,12.574831923000653,5.349232106010119
CH,19.5,S.oralis,0.4377587471494985,0.23089432716369626,48642.83426367842,101347.57937766191,0.5274465185839995,12.596744644628586,5.360784828662871
CH,19.55,S.oralis,0.4367907792378753,0.23057407538096109,48570.66078741953,101166.36225355553,0.5278821951856977,12.61860838278827,5.372321538726488
CH,19.6,S.oralis,0.4358462708751316,0.23025382359822588,48498.48731116065,100990.39090652137,0.5282913701106159,12.640424309041096,5.383842236200968
CH,19.650000000000002,S.oralis,0.4349252744081139,0.22993357181549068,48426.31383490177,100819.68438042053,0.5286737408590598,12.662193597673177,5.395346921086311
CH,19.700000000000003,S.oralis,0.4340278328821566,0.2296133200327555,48354.14035864288,100654.25958258138,0.5290290221896855,12.683917425355434,5.406835593382517
CH,19.75,S.oralis,0.4331539786076554,0.22929306825002033,48281.966882384004,100494.13094667054,0.5293569482775331,12.705596970642677,5.418308253089586
CH,19.8,S.oralis,0.4323037403758693,0.22897281646728512,48209.793406125114,100339.31210223811,0.5296572642841425,12.727233413617265,5.429764900207519
CH,19.85,S.oralis,0.43147713537111687,0.22865256468454995,48137.61992986623,100189.81399498669,0.5299297365731421,12.74882793551094,5.441205534736315
CH,19.900000000000002,S.oralis,0.4306741728427964,0.22833231290181474,48065.44645360734,100045.64573408457,0.5301741485788144,12.770381718216289,5.4526301566759745
CH,19.950000000000003,S.oralis,0.42989485811013495,0.22801206111907954,47993.27297734846,99906.81551896721,0.5303902961795022,12.791895943990113,5.464038766026497
CH,20.0,S.oralis,0.4291391839050639,0.22769180933634436,47921.09950108958,99773.3286246577,0.5305779986446434,12.813371795040492,5.475431362787882
CH,20.05,S.oralis,0.4284071372268771,0.2273715575536092,47848.9260248307,99645.18898994436,0.5307370904822183,12.83481045306879,5.4868079469601305
CH,20.1,S.oralis,0.42769870025961926,0.22705130577087398,47776.75254857181,99522.39942803644,0.530867420530038,12.856213099005954,5.498168518543243
CH,20.150000000000002,S.oralis,0.4270138428119614,0.2267310539881388,47704.579072312925,99404.95986427189,0.5309688615597913,12.877580912582744,5.5095130775372185
CH,20.200000000000003,S.oralis,0.42635253059193773,0.2264108022054036,47632.40559605404,99292.86925713888,0.5310413002382329,12.898915071917841,5.520841623942057
CH,20.25,S.oralis,0.42571472276901273,0.22609055042266843,47560.23211979516,99186.12502825544,0.5310846403246011,12.920216753251864,5.532154157757758
CH,20.3,S.oralis,0.42510036834922715,0.22577029863993325,47488.05864353628,99084.72221425912,0.531098807363204,12.94148713052982,5.543450678984323
CH,20.35,S.oralis,0.4245094124553751,0.22545004685719805,47415.88516727739,98988.65492625262,0.5310837410016147,12.962727375049935,5.554731187621751
CH,20.400000000000002,S.oralis,0.4239417920281525,0.22512979507446285,47343.71169101851,98897.9153450537,0.5310394004739045,12.983938655162024,5.565995683670043
CH,20.450000000000003,S.oralis,0.42339743670183877,0.22480954329172764,47271.53821475962,98812.49392154538,0.5309657636166585,13.005122135880274,5.577244167129198
CH,20.5,S.oralis,0.42287627211470025,0.2244892915089925,47199.36473850074,98732.38014599642,0.5308628227977341,13.026278978600686,5.588476637999215
CH,20.55,S.oralis,0.42237821409400256,0.2241690397262573,47127.19126224185,98657.56118785618,0.5307305922657443,13.047410340755905,5.599693096280097
CH,20.6,S.oralis,0.42190317463383425,0.2238487879435221,47055.01778598297,98588.02328780374,0.5305691006895085,13.068517375474102,5.6108935419718415
CH,20.650000000000002,S.oralis,0.421451059350469,0.2235285361607869,46982.84430972408,98523.75116099956,0.5303783943627621,13.089601231323709,5.62207797507445
CH,20.700000000000003,S.oralis,0.421021766124307,0.2232082843780517,46910.6708334652,98464.72767634425,0.5301585389106683,13.110663051960579,5.63324639558792
CH,20.75,S.oralis,0.42061518985408414,0.22288803259531653,46838.49735720632,98410.93496501929,0.5299096132801071,13.131703975860038,5.644398803512254
CH,20.8,S.oralis,0.4202312169655412,0.22256778081258136,46766.323880947435,98362.35313368263,0.5296317166052702,13.15272513603053,5.655535198847452
CH,20.85,S.oralis,0.4198697296015327,0.22224752902984615,46694.15040468855,98318.96124148816,0.5293249628658986,13.173727659694707,5.6666555815935125
CH,20.900000000000002,S.oralis,0.41953060531435554,0.22192727724711098,46621.97692842966,98280.73722590717,0.528989481186528,13.194712668067604,5.677759951750437
CH,20.950000000000003,S.oralis,0.41921371411617925,0.22160702546437577,46549.80345217078,98247.65720920863,0.528625419451236,13.215681276053367,5.688848309318224
CH,21.0,S.oralis,0.4189189229753961,0.2212867736816406,46477.6299759119,98219.69654897181,0.5282329385121549,13.236634591980655,5.699920654296873
CH,0.0,A.naeslundii,0.22262603015210597,0.2682628631591797,46402.05109305427,50195.97686396371,1.2049932479858398,0.0,0.0
CH,0.05,A.naeslundii,0.22984625853166596,0.2682628631591797,46402.05109305427,51823.93751369234,1.167140439322057,0.0113118072170943,0.013413143157958985
CH,0.1,A.naeslundii,0.23677260510453527,0.2682628631591797,46402.05109305427,53385.63599111656,1.1329978949242943,0.02297727880799933,0.02682628631591797
CH,0.15000000000000002,A.naeslundii,0.24337145990831827,0.2682628631591797,46402.05109305427,54873.49418466668,1.1022774127263666,0.03498088043332068,0.04023942947387696
CH,0.2,A.naeslundii,0.2496129023270975,0.2682628631591797,46402.05109305427,56280.765827774856,1.0747155321628483,0.04730548948920607,0.05365257263183594
CH,0.25,A.naeslundii,0.2554710663545603,0.2682628631591797,46402.05109305427,57601.61885554936,1.050071411166641,0.059932588706247514,0.06706571578979492
CH,0.30000000000000004,A.naeslundii,0.26092439985625265,0.2682628631591797,46402.05109305427,58831.19386120077,1.028124864163604,0.07284247536151785,0.08047885894775392
CH,0.35000000000000003,A.naeslundii,0.26595582588643646,0.2682628631591797,46402.05109305427,59965.64046850583,1.0086745130137826,0.08601448100508507,0.0938920021057129
CH,0.4,A.naeslundii,0.27055277836585295,0.2682628631591797,46402.05109305427,61002.125376150616,0.9915361608167381,0.09942719611139231,0.10730514526367188
CH,0.45,A.naeslundii,0.27470714792142986,0.2682628631591797,46402.05109305427,61938.82014609112,0.9765412556207189,0.11305869426857437,0.12071828842163086
CH,0.5,A.naeslundii,0.2784151320715163,0.2682628631591797,46402.05109305427,62774.8674244912,0.9635354988186173,0.12688675126839802,0.13413143157958984
CH,0.55,A.naeslundii,0.2816770063455504,0.2682628631591797,46402.05109305427,63510.32933557458,0.9523775711748558,0.1408890547288247,0.14754457473754884
CH,0.6000000000000001,A.naeslundii,0.28449683016188904,0.2682628631591797,46402.05109305427,64146.12116525722,0.9429379687869576,0.1550434006415107,0.16095771789550783
CH,0.65,A.naeslundii,0.28688210227635585,0.2682628631591797,46402.05109305427,64683.933674379485,0.9350979410376737,0.16932787395246682,0.1743708610534668
CH,0.7000000000000001,A.naeslundii,0.2888433807187133,0.2682628631591797,46402.05109305427,65126.14740495313,0.9287485227865557,0.18372101102734356,0.1877840042114258
CH,0.75,A.naeslundii,0.29039388148715756,0.2682628631591797,46402.05109305427,65475.74219693326,0.9237896535056418,0.1982019425824903,0.20119714736938477
CH,0.8,A.naeslundii,0.29154906909347844,0.2682628631591797,46402.05109305427,65736.20486754192,0.9201293764829941,0.2127505163470062,0.21461029052734376
CH,0.8500000000000001,A.naeslundii,0.2923262504941398,0.2682628631591797,46402.05109305427,65911.43765402267,0.9176831116114819,0.22734739933669668,0.22802343368530276
CH,0.9,A.naeslundii,0.29274418215142844,0.2682628631591797,46402.05109305427,66005.66961686028,0.9163729956567156,0.24197416015283585,0.24143657684326172
CH,0.9500000000000001,A.naeslundii,0.29282269807620365,0.2682628631591797,46402.05109305427,66023.37277376774,0.9161272842632147,0.25661333215852666,0.25484972000122075
CH,1.0,A.naeslundii,0.29258236482176264,0.2682628631591797,46402.05109305427,65969.18431040019,0.9168798103146166,0.2712484587309758,0.2682628631591797
CH,1.05,A.naeslundii,0.2920441676059795,0.2689610195159912,46640.85575938234,66448.58065677261,0.9209600784730217,0.2858641220416694,0.28169346022605896
CH,1.1,A.naeslundii,0.29122923020670055,0.26965917587280275,46879.66042571041,66862.22708179275,0.9259344458020632,0.3004459569869864,0.2951589651107788
CH,1.1500000000000001,A.naeslundii,0.29015856947887353,0.2703573322296143,47118.465092038474,67213.28420669693,0.93175718613163,0.3149806519791258,0.30865937781333924
CH,1.2000000000000002,A.naeslundii,0.28885288497155936,0.2710554885864258,47357.26975836654,67505.01142779388,0.9383859490034663,0.3294559383403866,0.32219469833374026
CH,1.25,A.naeslundii,0.2873323825915801,0.2717536449432373,47596.07442469461,67740.72208032777,0.9457814761154619,0.3438605700294651,0.33576492667198177
CH,1.3,A.naeslundii,0.285616628750889,0.2724518013000488,47834.87909102268,67923.7436754294,0.953907349483064,0.3581842953130268,0.34937006282806393
CH,1.35,A.naeslundii,0.283724437809501,0.27314995765686034,48073.68375735075,68057.38432357776,0.9627297520288308,0.3724178219770366,0.3630101068019867
CH,1.4000000000000001,A.naeslundii,0.2816737809656289,0.2738481140136719,48312.48842367881,68144.90295754846,0.9722172687669786,0.38655277744641486,0.37668505859375
CH,1.4500000000000002,A.naeslundii,0.27948172770246216,0.2745462703704834,48551.29309000688,68189.48637421396,0.9823406797555185,0.40058166516311716,0.3903949182033539
CH,1.5,A.naeslundii,0.2771643981069271,0.27524442672729493,48790.09775633495,68194.22822863761,0.9930728066348137,0.41449781830835186,0.40413968563079833
CH,1.55,A.naeslundii,0.2747369458138665,0.27594258308410646,49028.90242266302,68162.11503782916,1.004388333235155,0.4282953519063717,0.4179193608760834
CH,1.6,A.naeslundii,0.2722135449792636,0.27664073944091794,49267.70708899108,68096.01298188575,1.0162636817429185,0.44196911417619994,0.431733943939209
CH,1.6500000000000001,A.naeslundii,0.2696074003651489,0.27733889579772947,49506.51175531915,67998.66037343524,1.028676866518164,0.4555146378098103,0.4455834348201752
CH,1.7000000000000002,A.naeslundii,0.26693076183753284,0.278037052154541,49745.31642164722,67872.66137365236,1.0416073825307852,0.4689280918648773,0.45946783351898196
CH,1.75,A.naeslundii,0.26419495033773005,0.27873520851135253,49984.12108797529,67720.48282815955,1.0550360941987542,0.4822062346692588,0.47338714003562926
CH,1.8,A.naeslundii,0.26141039073000805,0.27943336486816406,50222.92575430336,67544.45320020834,1.0689451329299708,0.4953463681959523,0.48734135437011716
CH,1.85,A.naeslundii,0.25858664888009253,0.2801315212249756,50461.73042063142,67346.76301116485,1.0833178063840159,0.5083462941862048,0.5013304765224457
CH,1.9000000000000001,A.naeslundii,0.25573247236993946,0.2808296775817871,50700.53508695949,67129.46669314158,1.0981385155325225,0.5212042722174556,0.5153545064926147
CH,1.9500000000000002,A.naeslundii,0.25285583467763717,0.28152783393859865,50939.33975328756,66894.4858608597,1.1133926741200775,0.533918979893645,0.5294134442806244
CH,2.0,A.naeslundii,0.24996398001182518,0.2822259902954101,51178.14441961563,66643.61330329106,1.129066637049301,0.5464894752608815,0.5435072898864746
CH,2.0500000000000003,A.naeslundii,0.2470634687583132,0.28292414665222165,51416.9490859437,66378.51769313592,1.1451476338211244,0.5589151614801351,0.5576360433101655
CH,2.1,A.naeslundii,0.2441602222442234,0.2836223030090332,51655.75375227176,66100.74867244711,1.1616237092270398,0.5711957537551985,0.5717997045516968
CH,2.15,A.naeslundii,0.2412595677518995,0.2843204593658447,51894.55841859983,65811.74255887486,1.1784836639441678,0.5833312485051015,0.5859982736110687
CH,2.2,A.naeslundii,0.2383662816736258,0.28501861572265624,52133.3630849279,65512.828096500976,1.1957170020922145,0.5953218947407397,0.6002317504882813
CH,2.25,A.naeslundii,0.23548463132315914,0.2857167720794678,52372.16775125597,65205.23236737137,1.2133138815644164,0.6071681675656593,0.6145001351833344
CH,2.3000000000000003,A.naeslundii,0.23261841446754875,0.2864149284362793,52610.97241758404,64890.086583138036,1.2312650702734258,0.618870743710427,0.6288034276962281
CH,2.35,A.naeslundii,0.22977099766016754,0.28711308479309083,52849.7770839121,64568.43202773665,1.2495619017058563,0.6304304790136199,0.6431416280269623
CH,2.4000000000000004,A.naeslundii,0.22694535205127234,0.2878112411499023,53088.58175024017,64241.225759144676,1.2681962355628191,0.641848387756406,0.6575147361755372
CH,2.45,A.naeslundii,0.22414408725153045,0.28850939750671384,53327.38641656824,63909.34619797032,1.2871604200870745,0.653125623738976,0.6719227521419526
CH,2.5,A.naeslundii,0.22136948277505622,0.28920755386352537,53566.19108289631,63573.598438868336,1.3064472583937983,0.6642634629896406,0.6863656759262086
CH,2.5500000000000003,A.naeslundii,0.21862351758832518,0.2899057102203369,53804.99574922438,63234.71940217543,1.3260499758595883,0.6752632879987251,0.7008435075283052
CH,2.6,A.naeslundii,0.21590789767232899,0.29060386657714843,54043.80041555244,62893.38277150715,1.3459621890171949,0.6861265733802414,0.7153562469482422
CH,2.6500000000000004,A.naeslundii,0.21322408144835692,0.29130202293395996,54282.60508188051,62550.20364481808,1.3661778770730153,0.6968548728582586,0.72990389418602
CH,2.7,A.naeslundii,0.2105733032192139,0.2920001792907715,54521.40974820858,62205.74291300972,1.3866913555836158,0.7074498074749479,0.7444864492416382
CH,2.75,A.naeslundii,0.20795659476405357,0.29269833564758296,54760.21441453665,61860.51137861351,1.4074972519129625,0.7179130549245295,0.759103912115097
CH,2.8000000000000003,A.naeslundii,0.20537480541058792,0.2933964920043945,54999.01908086472,61514.97368493739,1.4285904807935546,0.7282463399288956,0.7737562828063965
CH,2.85,A.naeslundii,0.20282862029488,0.294094648361206,55237.82374719278,61169.551946354404,1.4499662223883394,0.7384514255715323,0.7884435613155365
CH,2.9000000000000004,A.naeslundii,0.20031857709846113,0.29479280471801755,55476.62841352085,60824.629141613186,1.471619901598643,0.7485301055063659,0.8031657476425171
CH,2.95,A.naeslundii,0.19784508127260186,0.2954909610748291,55715.43307984892,60480.55225124947,1.4935471691999527,0.7584841969656424,0.8179228417873382
CH,3.0,A.naeslundii,0.19540842012148907,0.2961891174316406,55954.23774617698,60137.63523172295,1.5157438827226293,0.7683155345004946,0.8327148437499999
CH,3.0500000000000003,A.naeslundii,0.19300877550986995,0.29688727378845214,56193.04241250505,59796.161737216964,1.5382060893561296,0.7780259643912787,0.8475417535305023
CH,3.1,A.naeslundii,0.19064623545590534,0.2975854301452637,56431.84707883312,59456.3876506114,1.560930009625563,0.787617339665423,0.8624035711288451
CH,3.1500000000000004,A.naeslundii,0.18832080458578185,0.2982835865020752,56670.65174516119,59118.54340021498,1.5839120226687662,0.7970915156664653,0.8773002965450287
CH,3.2,A.naeslundii,0.18603241375301835,0.2989817428588867,56909.45641148926,58782.8361415892,1.6071486512873123,0.8064503461249353,0.8922319297790527
CH,3.25,A.naeslundii,0.18378092867030266,0.2996798992156982,57148.261077817326,58449.4517440422,1.6306365485469645,0.8156956796855183,0.9071984708309173
CH,3.3000000000000003,A.naeslundii,0.1815661577522962,0.30037805557250974,57387.065744145395,58118.5566310926,1.654372484889525,0.8248293568460833,0.9221999197006225
CH,3.35,A.naeslundii,0.1793878591650821,0.30107621192932127,57625.87041047346,57790.2994621489,1.6783533363439895,0.8338532072690177,0.9372362763881683
CH,3.4000000000000004,A.naeslundii,0.177245747196177,0.3017743682861328,57864.675076801526,57464.8126809147,1.7025760733888105,0.8427690474280493,0.9523075408935547
CH,3.45,A.naeslundii,0.17513949812497345,0.30247252464294433,58103.479743129596,57142.21397942085,1.727037749229534,0.8515786785610779,0.9674137132167816
CH,3.5,A.naeslundii,0.1730687552519366,0.30317068099975586,58342.28440945766,56822.60755831093,1.7517354912412098,0.8602838848955007,0.982554793357849
CH,3.5500000000000003,A.naeslundii,0.17103313371524875,0.30386883735656733,58581.08907578573,56506.085378974756,1.7766664900292088,0.8688864321196803,0.9977307813167572
CH,3.6,A.naeslundii,0.16903222457675365,0.30456699371337886,58819.893742113796,56192.728232217516,1.80182799153236,0.8773880660769804,1.0129416770935058
CH,3.6500000000000004,A.naeslundii,0.16706559865587234,0.3052651500701904,59058.698408441865,55882.60677305617,1.8272172878570077,0.8857905116577961,1.028187480688095
CH,3.7,A.naeslundii,0.16513280986430226,0.3059633064270019,59297.503074769935,55575.78243482241,1.8528317096912903,0.8940954718708004,1.0434681921005249
CH,3.75,A.naeslundii,0.1632333982473265,0.30666146278381345,59536.307741098,55272.30828507871,1.8786686185333772,0.902304627073591,1.0587838113307952
CH,3.8000000000000003,A.naeslundii,0.16136689266036217,0.307359619140625,59775.112407426066,54972.22979480922,1.9047253998225138,0.9104196343462833,1.0741343383789064
CH,3.85,A.naeslundii,0.15953281320697696,0.3080577754974365,60013.917073754135,54675.585558894665,1.930999455878485,0.9184421269929667,1.0895197732448578
CH,3.9000000000000004,A.naeslundii,0.15773067336532098,0.30875593185424804,60252.721740082205,54382.407939249686,1.957488199769087,0.9263737141572742,1.10494011592865
CH,3.95,A.naeslundii,0.15595998189280422,0.3094540882110595,60491.52640641027,54092.723657292234,1.984189049366242,0.9342159805387273,1.1203953664302826
CH,4.0,A.naeslundii,0.15422024453820551,0.31015224456787105,60730.331072738336,53806.55434273493,2.0110994214578355,0.9419704861995025,1.135885524749756
CH,4.05,A.naeslundii,0.15251096553180357,0.3108504009246826,60969.135739066405,53523.917025604125,2.0382167265202975,0.9496387664512527,1.1514105908870698
CH,4.1000000000000005,A.naeslundii,0.15083164891466203,0.3115485572814941,61207.940405394475,53244.824589870565,2.0655383636213047,0.9572223318124145,1.1669705648422244
CH,4.15,A.naeslundii,0.14918179971253379,0.31224671363830564,61446.745071722544,52969.286188315986,2.0930617155711366,0.9647226680280944,1.1825654466152193
CH,4.2,A.naeslundii,0.14756092496221124,0.31294486999511717,61685.54973805061,52697.307619193474,2.120784144415325,0.972141236144963,1.1981952362060548
CH,4.25,A.naeslundii,0.14596853460516038,0.3136430263519287,61924.354404378675,52428.89166788629,2.148702987259013,0.9794794726341473,1.2138599336147309
CH,4.3,A.naeslundii,0.1444041422934885,0.3143411827087402,62163.159070706744,52164.03842792786,2.176815551938045,0.9867387895566134,1.2295595388412475
CH,4.3500000000000005,A.naeslundii,0.14286726606240713,0.3150393390655517,62401.963737034814,51902.74558346773,2.205119113344946,0.9939205747655109,1.245294051885605
CH,4.4,A.naeslundii,0.14135742892615882,0.31573749542236323,62640.76840336288,51645.00867207473,2.233610909740695,1.001026192140225,1.261063472747803
CH,4.45,A.naeslundii,0.1398741593883951,0.31643565177917476,62879.573069690945,51390.82132346382,2.262288139301793,1.008056981848089,1.2768678014278414
CH,4.5,A.naeslundii,0.1384169918785918,0.3171338081359863,63118.377736019014,51140.175477195684,2.2911479568501996,1.0150142606297636,1.2927070379257204
CH,4.55,A.naeslundii,0.1369854671222697,0.3178319644927978,63357.18240234708,50893.06158116974,2.320187470756363,1.0218993221047852,1.30858118224144
CH,4.6000000000000005,A.naeslundii,0.13557913245203507,0.31853012084960936,63595.98706867515,50649.46877257819,2.3494037400062164,1.0287134370941429,1.3244902343750002
CH,4.65,A.naeslundii,0.13419754206577028,0.3192282772064209,63834.79173500322,50409.38504284659,2.3787937714236747,1.035457853957088,1.3404341943264009
CH,4.7,A.naeslundii,0.13284025723073778,0.31992643356323236,64073.59640133129,50172.79738533302,2.40835451716669,1.0421337989395008,1.356413062095642
CH,4.75,A.naeslundii,0.1315068464822994,0.3206245899200439,64312.40106765935,49939.69194350146,2.4380828717020404,1.0487424765323266,1.372426837682724
CH,4.800000000000001,A.naeslundii,0.13019688571358756,0.3213227462768554,64551.20573398743,49710.0541199125,2.467975670199319,1.0552850698372238,1.3884755210876467
CH,4.8500000000000005,A.naeslundii,0.12890995829344912,0.32202090263366695,64790.01040031549,49483.868697173624,2.4980296859659386,1.0617627409373998,1.4045591123104098
CH,4.9,A.naeslundii,0.12764565513211934,0.3227190589904785,65028.815066643554,49261.119940173245,2.5282416284083378,1.068176631273039,1.4206776113510133
CH,4.95,A.naeslundii,0.1264035747244987,0.32341721534729,65267.61973297162,49041.791690435515,2.5586081410449815,1.0745278620194545,1.4368310182094575
CH,5.0,A.naeslundii,0.12518332320750314,0.32411537170410154,65506.42439929969,48825.86746649859,2.589125798864197,1.0808175344677544,1.4530193328857421
CH,5.050000000000001,A.naeslundii,0.12398451429561716,0.32481352806091307,65745.22906562776,48613.33051724491,2.6197911078351113,1.0870467304053326,1.4692425553798678
CH,5.1000000000000005,A.naeslundii,0.12280676930406435,0.3255116844177246,65984.03373195583,48404.163908970426,2.6506005024183272,1.0932165124953246,1.4855006856918338
CH,5.15,A.naeslundii,0.12164971710764884,0.3262098407745361,66222.8383982839,48198.35058725227,2.6815503441398905,1.0993279246556174,1.5017937238216403
CH,5.2,A.naeslundii,0.12051299410015974,0.3269079971313476,66461.64306461197,47995.87343853261,2.71263691996276,1.1053819924358126,1.5181216697692874
CH,5.25,A.naeslundii,0.11939624401355431,0.32760615348815914,66700.44773094004,47796.71529506805,2.7438564436831703,1.1113797233886553,1.534484523534775
CH,5.300000000000001,A.naeslundii,0.11829911815654759,0.32830430984497067,66939.25239726811,47600.859106407,2.7752050476869914,1.117322107442908,1.5508822851181034
CH,5.3500000000000005,A.naeslundii,0.1172212750655049,0.3290024662017822,67178.05706359618,47408.28787612693,2.8066787877706583,1.1232101172734594,1.5673149545192722
CH,5.4,A.naeslundii,0.11616238038957552,0.3297006225585937,67416.86172992423,47218.9846894798,2.8382736429201243,1.1290447086598365,1.5837825317382814
CH,5.45,A.naeslundii,0.1151221070010035,0.33039877891540526,67655.6663962523,47032.93283161558,2.869985509494933,1.134826820844601,1.6002850167751312
CH,5.5,A.naeslundii,0.1141001348532913,0.33109693527221673,67894.47106258037,46850.11580363426,2.901810201170555,1.1405573768909585,1.6168224096298218
CH,5.550000000000001,A.naeslundii,0.11309615076190921,0.3317950916290283,68133.27572890844,46670.51730492484,2.9337434509820377,1.1462372840313386,1.6333947103023532
CH,5.6000000000000005,A.naeslundii,0.11210984827604813,0.3324932479858398,68372.08039523651,46494.12125055521,2.965780911299974,1.1518674340072876,1.6500019187927248
CH,5.65,A.naeslundii,0.11114092781996363,0.3331914043426513,68610.88506156458,46320.91189943857,2.997918146610991,1.1574487034096879,1.666644035100937
CH,5.7,A.naeslundii,0.11018909648291181,0.33388956069946285,68849.68972789263,46150.873837062674,3.030150635196856,1.1629819540172597,1.6833210592269898
CH,5.75,A.naeslundii,0.10925406742167706,0.3345877170562744,69088.4943942207,45983.99179257021,3.062473782004833,1.1684680331148745,1.7000329911708831
CH,5.800000000000001,A.naeslundii,0.10833556082721946,0.3352858734130859,69327.29906054877,45820.2511100054,3.0948828884342183,1.173907773821097,1.7167798309326174
CH,5.8500000000000005,A.naeslundii,0.10743330254050679,0.3359840297698974,69566.10372687684,45659.637232384106,3.127373187128987,1.1793019954052901,1.733561578512192
CH,5.9,A.naeslundii,0.1065470249591511,0.33668218612670897,69804.90839320491,45502.13614699472,3.1599398130148546,1.1846515035927816,1.7503782339096072
CH,5.95,A.naeslundii,0.10567646644114288,0.33738034248352045,70043.71305953298,45347.734196965626,3.192577816475595,1.189957090877789,1.767229797124863
CH,6.0,A.naeslundii,0.1048213709947288,0.338078498840332,70282.51772586105,45196.418008851535,3.225282169390182,1.1952195368136858,1.7841162681579592
CH,6.050000000000001,A.naeslundii,0.10398148896664279,0.3376879692077636,70116.51712867511,44554.70978423586,3.247577742573909,1.2004396083127202,1.8010104298591618
CH,6.1000000000000005,A.naeslundii,0.10315657582310661,0.33729743957519526,69950.51653148918,43923.891610727704,3.2697618826898105,1.205618059932464,1.8178850650787357
CH,6.15,A.naeslundii,0.10234639311518785,0.3369069099426269,69784.51593430326,43303.74185926224,3.2918298309100944,1.2107556341559214,1.8347401738166813
CH,6.2,A.naeslundii,0.1015507074876906,0.33651638031005854,69618.51533711732,42694.04360672711,3.313776817860665,1.2158530616709933,1.8515757560729984
CH,6.25,A.naeslundii,0.10076929134538065,0.3361258506774902,69452.51473993139,42094.58484578935,3.3355980397385068,1.22091106164182,1.868391811847687
CH,6.300000000000001,A.naeslundii,0.10000192187145635,0.3357353210449218,69286.51414274547,41505.15800008493,3.3572886876762227,1.225930341972241,1.8851883411407475
CH,6.3500000000000005,A.naeslundii,0.09924838200849288,0.33534479141235346,69120.51354555953,40925.560264477885,3.378843912877666,1.2309115995692397,1.9019653439521793
CH,6.4,A.naeslundii,0.09850845906066642,0.3349542617797851,68954.5129483736,40355.59295501347,3.400258870900656,1.2358555205959687,1.9187228202819828
CH,6.45,A.naeslundii,0.09778194607226318,0.33456373214721674,68788.51235118767,39795.06201130602,3.421528672583037,1.240762780724292,1.9354607701301578
CH,6.5,A.naeslundii,0.09706864007605807,0.3341732025146484,68622.51175400174,39243.777211211614,3.442648441894387,1.245634045378,1.9521791934967043
CH,6.550000000000001,A.naeslundii,0.09636834380206001,0.33378267288208,68456.5111568158,38701.552803442006,3.463613254241119,1.2504699699749529,1.9688780903816228
CH,6.6000000000000005,A.naeslundii,0.09568086363792748,0.33339214324951166,68290.51055962987,38168.20661736099,3.484418206247842,1.2552712001609525,1.9855574607849125
CH,6.65,A.naeslundii,0.09500601159556968,0.3330016136169433,68124.50996244395,37643.56079302583,3.505058343407733,1.2600383720417898,2.0022173047065737
CH,6.7,A.naeslundii,0.0943436030623662,0.33261108398437494,67958.50936525801,37127.44082060642,3.5255287395002406,1.2647721124082383,2.0188576221466064
CH,6.75,A.naeslundii,0.0936934590450632,0.3322205543518066,67792.50876807209,36619.67637202474,3.5458244122678875,1.269473038960924,2.035478413105011
CH,6.800000000000001,A.naeslundii,0.0930554032320272,0.3318300247192382,67626.50817088615,36120.100085105216,3.5659404311197607,1.2741417605178513,2.0520796775817876
CH,6.8500000000000005,A.naeslundii,0.09242926541409587,0.33143949508666987,67460.50757370022,35628.54884615424,3.585871786406342,1.2787788772340043,2.068661415576935
CH,6.9,A.naeslundii,0.09181487812244006,0.3310489654541015,67294.50697651428,35144.86242096479,3.6056135151933653,1.2833849808224176,2.0852236270904543
CH,6.95,A.naeslundii,0.09121207816440552,0.33065843582153315,67128.50637932836,34668.8840017367,3.625160641834481,1.2879606547295888,2.101766312122345
CH,7.0,A.naeslundii,0.09062070720382372,0.3302679061889648,66962.50578214243,34200.46036860126,3.6445081524924277,1.2925064743637944,2.1182894706726074
CH,7.050000000000001,A.naeslundii,0.09004060911415165,0.32987737655639643,66796.50518495649,33739.44083251936,3.663651099229955,1.297023007271744,2.134793102741242
CH,7.1000000000000005,A.naeslundii,0.08947163345797843,0.32948684692382807,66630.50458777056,33285.67850003989,3.6825844593367805,1.3015108133360471,2.1512772083282474
CH,7.15,A.naeslundii,0.08891363230115654,0.3290963172912597,66464.50399058464,32839.029020162045,3.7013032622105464,1.3059704449800256,2.1677417874336244
CH,7.2,A.naeslundii,0.08836646147499147,0.32870578765869135,66298.5033933987,32399.351013461874,3.719802537886143,1.3104024473244293,2.184186840057373
CH,7.25,A.naeslundii,0.08782998132414262,0.328315258026123,66132.50279621276,31966.506293677277,3.738077283820121,1.3148073583944078,2.2006123661994934
CH,7.300000000000001,A.naeslundii,0.08730405414112391,0.32792472839355463,65966.50219902684,31540.35888019479,3.756122572079825,1.3191857092810395,2.217018365859986
CH,7.3500000000000005,A.naeslundii,0.08678854735874329,0.3275341987609863,65800.50160184091,31120.776116614063,3.773933413208461,1.3235380243185362,2.2334048390388492
CH,7.4,A.naeslundii,0.0862833307644873,0.3271436691284179,65634.50100465497,30707.627610264244,3.7915048738830617,1.3278648212716169,2.249771785736084
CH,7.45,A.naeslundii,0.08578827746330635,0.32675313949584955,65468.500407469044,30300.78554060916,3.8088320357709655,1.3321666114773116,2.2661192059516906
CH,7.5,A.naeslundii,0.08530326476575711,0.3263626098632812,65302.499810283116,29900.12492595729,3.8259099550230977,1.3364439000330381,2.282447099685669
CH,7.550000000000001,A.naeslundii,0.08482817171618343,0.32597208023071284,65136.49921309718,29505.522707159158,3.8427337715275107,1.3406971859450867,2.2987554669380192
CH,7.6000000000000005,A.naeslundii,0.08436288200572574,0.3255815505981445,64970.49861591125,29116.858729690448,3.8592985784440974,1.3449269622881344,2.3150443077087406
CH,7.65,A.naeslundii,0.08390728156074077,0.3251910209655761,64804.498018725324,28734.014855338875,3.8755995298235137,1.349133716377296,2.3313136219978334
CH,7.7,A.naeslundii,0.08346125923473559,0.32480049133300776,64638.49742153939,28356.875167247566,3.8916318099095926,1.353317929897183,2.3475634098052978
CH,7.75,A.naeslundii,0.08302470785146344,0.3244099617004394,64472.49682435346,27985.326282163103,3.907390584027465,1.357480079074338,2.363793671131134
CH,7.800000000000001,A.naeslundii,0.08259752165187553,0.32401943206787104,64306.496227167525,27619.256443364695,3.9228711175320545,1.3616206348119215,2.3800044059753422
CH,7.8500000000000005,A.naeslundii,0.08217959922877699,0.3236289024353027,64140.4956299816,27258.55647502285,3.938068638353458,1.3657400628339378,2.3961956143379215
CH,7.9,A.naeslundii,0.08177084150338215,0.3232383728027343,63974.49503279567,26903.11905796994,3.9529784316743855,1.3698388238522416,2.4123672962188722
CH,7.95,A.naeslundii,0.08137115130822509,0.32284784317016596,63808.49443560973,26552.838562294986,3.967595861428252,1.3739173736725319,2.4285194516181945
CH,8.0,A.naeslundii,0.08098043587846673,0.32245731353759766,63642.493838423805,26207.61182790822,3.9819162497659675,1.3779761633521992,2.4446520805358887
CH,8.05,A.naeslundii,0.08059860397149024,0.32206678390502924,63476.49324123787,25867.33718091725,3.995935016677862,1.3820156393484482,2.460765182971955
CH,8.1,A.naeslundii,0.08022556692163552,0.32167625427246094,63310.49264405194,25531.91474883433,4.009647629996493,1.3860362436207763,2.4768587589263915
CH,8.15,A.naeslundii,0.07986123980375592,0.3212857246398926,63144.49204686601,25201.24679310872,4.023049547307207,1.390038413788911,2.4929328083992006
CH,8.200000000000001,A.naeslundii,0.07950553903631821,0.32089519500732416,62978.49144968008,24875.236908913495,4.036136335868862,1.394022583259913,2.508987331390381
CH,8.25,A.naeslundii,0.0791583841238452,0.32050466537475586,62812.49085249415,24553.790547563443,4.048903586426405,1.397989181338917,2.525022327899933
CH,8.3,A.naeslundii,0.07881969751924778,0.3201141357421875,62646.490255308214,24236.8149326957,4.061346919835814,1.4019386333799944,2.541037797927857
CH,8.35,A.naeslundii,0.07848940288451832,0.31972360610961914,62480.489658122286,23924.218490478615,4.073462077167658,1.4058713608900884,2.5570337414741515
CH,8.4,A.naeslundii,0.07816742772466781,0.3193330764770508,62314.48906093636,23615.911629121623,4.085244785102181,1.4097877816553182,2.5730101585388185
CH,8.450000000000001,A.naeslundii,0.07785370132206344,0.31894254684448237,62148.48846375042,23311.80606868909,4.096690862841421,1.4136883098814865,2.588967049121857
CH,8.5,A.naeslundii,0.07754815471124817,0.31855201721191406,61982.487866564494,23011.814809734595,4.107796225429834,1.4175733562823192,2.6049044132232666
CH,8.55,A.naeslundii,0.07725072261951338,0.3181614875793457,61816.48726937856,22715.85268037823,4.118556782263403,1.4214433282155883,2.6208222508430485
CH,8.6,A.naeslundii,0.07696134102509405,0.31777095794677734,61650.48667219263,22423.835575207453,4.128968566740083,1.4252986298067034,2.636720561981201
CH,8.65,A.naeslundii,0.07667994822276329,0.317380428314209,61484.4860750067,22135.680746072056,4.139027681554838,1.4291396620379,2.652599346637726
CH,8.700000000000001,A.naeslundii,0.07640648563232023,0.3169898986816406,61318.48547782077,21851.307002159738,4.148730255793269,1.4329668228842771,2.6684586048126224
CH,8.75,A.naeslundii,0.07614089575100862,0.31659936904907227,61152.48488063484,21570.634087907652,4.158072556493116,1.4367805074188602,2.68429833650589
CH,8.8,A.naeslundii,0.0758831239807403,0.3162088394165039,60986.4842834489,21293.58318125565,4.167050891272742,1.440581107912154,2.7001185417175297
CH,8.85,A.naeslundii,0.07563311804619785,0.31581830978393555,60820.483686262975,21020.076692876006,4.175661640592802,1.4443690139628274,2.71591922044754
CH,8.9,A.naeslundii,0.07539082680822706,0.3154277801513672,60654.483089077046,20750.037908354177,4.183901324676094,1.4481446125841881,2.731700372695923
CH,8.950000000000001,A.naeslundii,0.07515620253290205,0.31503725051879883,60488.48249189111,20483.391591335658,4.191766479697815,1.4519082883177163,2.7474619984626774
CH,9.0,A.naeslundii,0.07492919891799237,0.31464672088623047,60322.48189470518,20220.063405179455,4.1992537679550175,1.4556604233539887,2.7632040977478027
CH,9.05,A.naeslundii,0.07470977131769228,0.3142561912536621,60156.48129751925,19959.979953751557,4.20635996752465,1.459401397609881,2.7789266705513
CH,9.1,A.naeslundii,0.07449787827740474,0.31386566162109375,59990.48070033332,19703.06916507408,4.21308188741114,1.4631315888497582,2.7946297168731684
CH,9.15,A.naeslundii,0.07429347942668318,0.3134751319885254,59824.48010314739,19449.259696818834,4.219416487255514,1.4668513727923604,2.810313236713409
CH,9.200000000000001,A.naeslundii,0.07409653653969893,0.31308460235595703,59658.479505961455,19198.481196500867,4.22536081950625,1.47056112319152,2.8259772300720214
CH,9.25,A.naeslundii,0.07390701408914573,0.31269407272338867,59492.47890877553,18950.664414675517,4.230911999045462,1.4742612119572411,2.8416216969490047
CH,9.3,A.naeslundii,0.0737248774684598,0.3123035430908203,59326.47831158959,18705.740717596564,4.236067306106093,1.4779520092461813,2.8572466373443604
CH,9.35,A.naeslundii,0.07355009485243437,0.31191301345825195,59160.47771440366,18463.642541917634,4.240824081655528,1.4816338835542036,2.8728520512580866
CH,9.4,A.naeslundii,0.07338263631538815,0.3115224838256836,58994.477117217735,18224.3031383019,4.2451797791347285,1.4853072018333993,2.8884379386901853
CH,9.450000000000001,A.naeslundii,0.07322247304501955,0.31113195419311523,58828.4765200318,17987.65635276348,4.249132011722975,1.4889723295674095,2.9040042996406554
CH,9.5,A.naeslundii,0.07306957933589528,0.3107414245605469,58662.47592284587,17753.637096055645,4.252678438616599,1.4926296308769322,2.9195511341094966
CH,9.55,A.naeslundii,0.07292393068989969,0.3103508949279785,58496.475325659936,17522.180845479652,4.255816876461427,1.496279468627577,2.9350784420967098
CH,9.600000000000001,A.naeslundii,0.07278550422710582,0.30996036529541016,58330.474728474,17293.22372627387,4.258545277480936,1.4999222045005023,2.950586223602295
CH,9.65,A.naeslundii,0.07265427991640654,0.3095698356628418,58164.47413128808,17066.70277893879,4.260861659065673,1.50355819910409,2.966074478626251
CH,9.700000000000001,A.naeslundii,0.07253023872043787,0.30917930603027344,57998.473534102144,16842.555490164108,4.262764213723063,1.5071878120700113,2.981543207168579
CH,9.75,A.naeslundii,0.07241336364929271,0.3087887763977051,57832.472936916216,16620.7200213238,4.264251249164575,1.5108114021292545,2.996992409229278
CH,9.8,A.naeslundii,0.07230364012575557,0.3083982467651367,57666.47233973028,16401.13526380017,4.265321168183909,1.5144293272236307,3.012422084808349
CH,9.850000000000001,A.naeslundii,0.07220105441246673,0.30800771713256836,57500.47174254435,16183.740454000852,4.2659725628520135,1.5180419445870863,3.027832233905792
CH,9.9,A.naeslundii,0.07210559549274044,0.3076171875,57334.471145358424,15968.475578593554,4.266204105213593,1.5216496108347164,3.043222856521606
CH,9.950000000000001,A.naeslundii,0.07201725396320047,0.30722665786743164,57168.47054817249,15755.281095671962,4.266014614003736,1.525252682071115,3.058593952655792
CH,10.0,A.naeslundii,0.07193602155412983,0.3068361282348633,57002.46995098656,15544.097809423627,4.265403084655964,1.5288515139590482,3.073945522308349
CH,10.05,A.naeslundii,0.07186189291280937,0.30649580955505373,56967.176996156304,15532.820465540297,4.265067299673384,1.5324464618207216,3.0892788207530972
CH,10.100000000000001,A.naeslundii,0.07179486375285894,0.30615549087524413,56931.884041326055,15523.068350131362,4.264309100566441,1.5360378807373634,3.104595103263855
CH,10.15,A.naeslundii,0.07173493141700298,0.3058151721954346,56896.5910864958,15514.842293483205,4.2631276862550775,1.5396261256166097,3.1198943698406216
CH,10.200000000000001,A.naeslundii,0.07168209586798659,0.305474853515625,56861.29813166555,15508.143692012363,4.261522348316978,1.5432115512987346,3.1351766204833984
CH,10.25,A.naeslundii,0.07163635802853499,0.30513453483581543,56826.00517683529,15502.974149876842,4.259492570996851,1.5467945126461475,3.150441855192184
CH,10.3,A.naeslundii,0.07159772082843843,0.3047942161560059,56790.712222005044,15499.33570596367,4.257037970333581,1.550375364617572,3.1656900739669798
CH,10.350000000000001,A.naeslundii,0.07156618942223007,0.3044538974761963,56755.41926717479,15497.230881687748,4.254158282481169,1.5539544623738388,3.1809212768077852
CH,10.4,A.naeslundii,0.07154176977701555,0.30411357879638673,56720.12631234453,15496.662375835427,4.250853448890919,1.55753216135382,3.1961354637145996
CH,10.450000000000001,A.naeslundii,0.07152447056979763,0.3037732601165771,56684.83335751428,15497.633475937151,4.247123504677157,1.5611088173624903,3.211332634687424
CH,10.5,A.naeslundii,0.0715143018930335,0.3034329414367676,56649.540402684026,15500.147778601293,4.242968656683849,1.564684786674061,3.2265127897262573
CH,10.55,A.naeslundii,0.07151127502766501,0.30309262275695803,56614.24744785378,15504.209140772176,4.2383892979072595,1.5682604260970785,3.241675928831101
CH,10.600000000000001,A.naeslundii,0.07151540405265894,0.3027523040771484,56578.95449302352,15509.822029189292,4.233385912973698,1.5718360930740867,3.2568220520019535
CH,10.65,A.naeslundii,0.0715267040275182,0.3024119853973389,56543.66153819327,15516.991127024494,4.227959186837311,1.575412145776091,3.2719511592388155
CH,10.700000000000001,A.naeslundii,0.07154519168630652,0.3020716667175293,56508.368583363015,15525.721484812775,4.222109964314271,1.5789889431689368,3.2870632505416872
CH,10.75,A.naeslundii,0.07157088623925355,0.3017313480377197,56473.075628532766,15536.018695010462,4.2158392035144745,1.5825668451170758,3.3021583259105682
CH,10.8,A.naeslundii,0.07160380779448977,0.3013910293579102,56437.78267370251,15547.888550111016,4.20914806965201,1.5861462124679195,3.3172363853454594
CH,10.850000000000001,A.naeslundii,0.07164397856011613,0.3010507106781006,56402.48971887225,15561.337304035183,4.202037864570716,1.5897274071267848,3.33229742884636
CH,10.9,A.naeslundii,0.07169142276872915,0.300710391998291,56367.196764042004,15576.371656425228,4.19451003181174,1.5933107921600058,3.347341456413269
CH,10.950000000000001,A.naeslundii,0.07174616549122519,0.3003700733184814,56331.90380921175,15592.998495510086,4.186566226389029,1.5968967318665048,3.3623684680461885
CH,11.0,A.naeslundii,0.07180823451599011,0.3000297546386719,56296.6108543815,15611.225306920718,4.178208204963762,1.6004855918666852,3.377378463745117
CH,11.05,A.naeslundii,0.07187765889846134,0.2996894359588623,56261.31789955124,15631.05985916321,4.169437910912227,1.6040777392020464,3.3923714435100556
CH,11.100000000000001,A.naeslundii,0.07195446895658282,0.2993491172790527,56226.02494472099,15652.510203048001,4.160257474204686,1.6076735423984225,3.4073474073410037
CH,11.15,A.naeslundii,0.07203869770974565,0.2990087985992432,56190.73198989074,15675.58498521908,4.150669127917789,1.6112733715650807,3.4223063552379607
CH,11.200000000000001,A.naeslundii,0.07213037910313704,0.29866847991943357,56155.43903506048,15700.293062547094,4.140675310916869,1.6148775984854027,3.437248287200928
CH,11.25,A.naeslundii,0.07222954880975169,0.298328161239624,56120.14608023023,15726.643677057795,4.130278620809366,1.618486596683225,3.4521732032299037
CH,11.3,A.naeslundii,0.0723362448727344,0.2979878425598145,56084.853125399975,15754.646596402501,4.1194817768614165,1.622100741525287,3.46708110332489
CH,11.350000000000001,A.naeslundii,0.07245050613139169,0.29764752388000487,56049.560170569726,15784.311771725432,4.108287709408269,1.6257204103003902,3.4819719874858857
CH,11.4,A.naeslundii,0.07257237360354479,0.2973072052001953,56014.26721573947,15815.649639181602,4.0966994799474685,1.6293459822937635,3.4968458557128903
CH,11.450000000000001,A.naeslundii,0.07270189032223187,0.2969668865203857,55978.97426090922,15848.671085057204,4.084720289997394,1.632977838891908,3.511702708005905
CH,11.5,A.naeslundii,0.07283910006346045,0.29662656784057617,55943.681306078965,15883.387169006392,4.072353551624646,1.6366163636515503,3.5265425443649288
CH,11.55,A.naeslundii,0.07298404901339711,0.2962862491607666,55908.388351248715,15919.80948795582,4.059602792198877,1.6402619423784717,3.5413653647899626
CH,11.600000000000001,A.naeslundii,0.07313678516465089,0.295945930480957,55873.09539641846,15957.950045172747,4.046471687464821,1.6439149632329229,3.556171169281006
CH,11.65,A.naeslundii,0.07329735725314243,0.29560561180114747,55837.8024415882,15997.8210188228,4.032964118750328,1.6475758167933676,3.5709599578380584
CH,11.700000000000001,A.naeslundii,0.07346581653837053,0.29526529312133787,55802.509486757954,16039.435150892092,4.0190840724832,1.6512448961381554,3.585731730461121
CH,11.75,A.naeslundii,0.0736422159126127,0.2949249744415283,55767.2165319277,16082.80555347692,4.004835688153383,1.65492259694943,3.6004864871501923
CH,11.8,A.naeslundii,0.07382660902472085,0.29458465576171877,55731.92357709745,16127.945517909267,3.9902233036746555,1.6586093175728633,3.6152242279052738
CH,11.850000000000001,A.naeslundii,0.07401905212178903,0.29424433708190917,55696.63062226719,16174.868917453214,3.975251352824232,1.662305459101526,3.6299449527263645
CH,11.9,A.naeslundii,0.07421960291964312,0.2939040184020996,55661.33766743694,16223.589961263378,3.9599244248221965,1.6660114254775618,3.6446486616134646
CH,11.950000000000001,A.naeslundii,0.07442831991383489,0.29356369972229,55626.04471260669,16274.12304421476,3.944247298100327,1.6697276235483987,3.6593353545665743
CH,12.0,A.naeslundii,0.07464526423304484,0.29322338104248047,55590.75175777644,16326.483152537989,3.928224838578211,1.6734544631520705,3.6740050315856934
CH,12.05,A.naeslundii,0.07487049831993041,0.2928830623626709,55555.45880294618,16380.685576074637,3.911862067635069,1.6771923572158949,3.6886576926708226
CH,12.100000000000001,A.naeslundii,0.07510408542646956,0.2925427436828613,55520.165848115925,16436.745798265125,3.8951641847669456,1.680941721809555,3.703293337821961
CH,12.15,A.naeslundii,0.0753460914317825,0.29220242500305177,55484.872893285676,16494.679894371115,3.87813646932978,1.6847029762310113,3.7179119670391083
CH,12.200000000000001,A.naeslundii,0.07559658338324253,0.29186210632324217,55449.57993845542,16554.504212867436,3.860784353753468,1.688476543101387,3.7325135803222658
CH,12.25,A.naeslundii,0.07585562916965595,0.2915217876434326,55414.28698362517,16616.23530423725,3.843113435806136,1.6922628484152094,3.7470981776714325
CH,12.3,A.naeslundii,0.07612329925905413,0.29118146896362307,55378.994028794914,16679.890302028914,3.825129386112227,1.6960623216259272,3.761665759086609
CH,12.350000000000001,A.naeslundii,0.07639966515076566,0.29084115028381347,55343.701073964665,16745.486584427697,3.806838023568206,1.6998753957361727,3.776216324567795
CH,12.4,A.naeslundii,0.07668479921572763,0.2905008316040039,55308.40811913441,16813.041739584372,3.788245318172833,1.703702507345335,3.79074987411499
CH,12.450000000000001,A.naeslundii,0.07697877631334983,0.2901605129241943,55273.11516430415,16882.57392050473,3.7693573062666887,1.707544096733562,3.8052664077281952
CH,12.5,A.naeslundii,0.07728167220580678,0.28982019424438477,55237.8222094739,16954.101497996766,3.750180165260558,1.711400607946541,3.8197659254074092
CH,12.55,A.naeslundii,0.07759356355011046,0.2894798755645752,55202.52925464365,17027.64305922883,3.7307202082248367,1.715272488840439,3.8342484271526334
CH,12.600000000000001,A.naeslundii,0.07791452935752115,0.2891395568847656,55167.2362998134,17103.2177283838,3.710983808398693,1.7191601911631298,3.8487139129638672
CH,12.65,A.naeslundii,0.07824464942143652,0.28879923820495607,55131.94334498314,17180.84482223377,3.6909774705417027,1.7230641706326038,3.86316238284111
CH,12.700000000000001,A.naeslundii,0.07858400444081455,0.28845891952514646,55096.65039015289,17260.543877507225,3.670707818693548,1.7269848869791602,3.8775938367843628
CH,12.75,A.naeslundii,0.07893267729090712,0.2881186008453369,55061.357435322636,17342.334930381177,3.6501815310720187,1.7309228040224531,3.8920082747936244
CH,12.8,A.naeslundii,0.07929075151558522,0.28777828216552737,55026.06448049239,17426.23818584761,3.6294054056097864,1.7348783897426154,3.9064056968688963
CH,12.850000000000001,A.naeslundii,0.07965831155642851,0.28743796348571776,54990.77152566213,17512.274068297604,3.6083863424860807,1.738852116319416,3.9207861030101774
CH,12.9,A.naeslundii,0.08003544380985303,0.2870976448059082,54955.478570831874,17600.46345428867,3.5871312900818086,1.7428444602035729,3.9351494932174678
CH,12.950000000000001,A.naeslundii,0.0804222352332905,0.2867573261260986,54920.185616001625,17690.82736658475,3.5656473025683377,1.7468559021796515,3.9494958674907683
CH,13.0,A.naeslundii,0.08081877364896739,0.28641700744628906,54884.89266117137,17783.387041184877,3.5439415189635035,1.7508869274017078,3.9638252258300777
CH,13.05,A.naeslundii,0.08122514856979023,0.2860766887664795,54849.59970634112,17878.164109390975,3.5220211203513756,1.754938025457177,3.978137568235397
CH,13.100000000000001,A.naeslundii,0.08164144996626964,0.2857363700866699,54814.30675151086,17975.180326876412,3.499893377747732,1.7590096904205785,3.992432894706726
CH,13.15,A.naeslundii,0.08206776860896944,0.28539605140686036,54779.013796680614,18074.457649257296,3.477565629531062,1.7631024208849595,4.006711205244064
CH,13.200000000000001,A.naeslundii,0.08250419665373603,0.28505573272705076,54743.72084185036,18176.018361284838,3.455045249678734,1.7672167200165272,4.020972499847412
CH,13.25,A.naeslundii,0.08295082661240613,0.2847154140472412,54708.42788702011,18279.884850477014,3.4323396845409997,1.7713530955981807,4.0352167785167685
CH,13.3,A.naeslundii,0.08340775169346418,0.28437509536743166,54673.13493218985,18386.079682329146,3.4094564305312076,1.7755120600558274,4.049444041252135
CH,13.350000000000001,A.naeslundii,0.08387506614619938,0.28403477668762206,54637.841977359596,18494.625676431046,3.38640301269667,1.779694130501819,4.063654288053512
CH,13.4,A.naeslundii,0.0843528644728617,0.2836944580078125,54602.54902252935,18605.54573303708,3.363187009483047,1.7838998287672954,4.077847518920898
CH,13.450000000000001,A.naeslundii,0.08484124172364786,0.2833541393280029,54567.25606769909,18718.86289823358,3.3398160325254103,1.788129681422208,4.092023733854293
CH,13.5,A.naeslundii,0.08534029360888434,0.28301382064819336,54531.96311286884,18834.60038887833,3.3162977144799775,1.7923842198055213,4.106182932853698
CH,13.55,A.naeslundii,0.08585011598322873,0.2826735019683838,54496.670158038585,18952.781478947545,3.2926397213441807,1.7966639800453241,4.120325115919113
CH,13.600000000000001,A.naeslundii,0.08637080504921572,0.2823331832885742,54461.377203208336,19073.429544532934,3.2688497360618025,1.8009695030711352,4.134450283050537
CH,13.65,A.naeslundii,0.08690245725621899,0.28199286460876466,54426.08424837808,19196.568041637296,3.244935454211042,1.805301334628771,4.14855843424797
CH,13.700000000000001,A.naeslundii,0.08744516907841597,0.28165254592895506,54390.79129354782,19322.220457194246,3.2209045839500257,1.8096600252871369,4.162649569511414
CH,13.75,A.naeslundii,0.08799903708133858,0.2813122272491455,54355.498338717574,19450.410323786025,3.1967648349279685,1.8140461304411306,4.176723688840866
CH,13.8,A.naeslundii,0.08856415763566042,0.28097190856933596,54320.20538388732,19581.16115639325,3.1725239201756086,1.8184602103090557,4.190780792236328
CH,13.850000000000001,A.naeslundii,0.0891406269998943,0.28063158988952636,54284.91242905707,19714.496470620114,3.1481895442563927,1.8229028299249446,4.2048208796978
CH,13.9,A.naeslundii,0.08972854120734695,0.2802912712097168,54249.61947422681,19850.439757648677,3.123769398657811,1.8273745591301256,4.21884395122528
CH,13.950000000000001,A.naeslundii,0.09032799563107176,0.2799509525299072,54214.32651939656,19989.014387891377,3.099271168080778,1.831875972551086,4.232850006818771
CH,14.0,A.naeslundii,0.09093908536968079,0.27961063385009766,54179.03356456631,20130.243696176447,3.0747025078758954,1.8364076495761048,4.2468390464782715
CH,14.05,A.naeslundii,0.09156190491847432,0.2792703151702881,54143.74060973606,20274.150908837066,3.05007104667544,1.8409701743333087,4.260811070203781
CH,14.100000000000001,A.naeslundii,0.09219654762842787,0.2789299964904785,54108.4476549058,20420.75902368253,3.025384395244679,1.8455641356469812,4.2747660779953005
CH,14.15,A.naeslundii,0.0928431063792056,0.27858967781066896,54073.15470007555,20570.090958732035,3.0006501147517146,1.850190126997172,4.2887040698528285
CH,14.200000000000001,A.naeslundii,0.09350167300871616,0.27824935913085935,54037.861745245296,20722.169425635348,2.975875726896578,1.85484874648187,4.302625045776367
CH,14.25,A.naeslundii,0.09417233768576395,0.2779090404510498,54002.56879041504,20877.016790252623,2.951068724431393,1.8595405967492318,4.316529005765914
CH,14.3,A.naeslundii,0.09485518997416477,0.27756872177124026,53967.27583558479,21034.655308077272,2.926236527983764,1.86426628494073,4.330415949821472
CH,14.350000000000001,A.naeslundii,0.09555031773913075,0.27722840309143065,53931.982880754535,21195.106881449206,2.901386511851412,1.8690264226335627,4.344285877943038
CH,14.4,A.naeslundii,0.09625780673089046,0.2768880844116211,53896.689925924285,21358.3929666051,2.876526006724023,1.873821625745313,4.358138790130615
CH,14.450000000000001,A.naeslundii,0.09697774195463234,0.2765477657318115,53861.39697109403,21524.53487704436,2.851662249067263,1.8786525144624513,4.371974686384201
CH,14.5,A.naeslundii,0.0977102059159995,0.27620744705200195,53826.10401626378,21693.5533937493,2.826802425219068,1.883519713159217,4.3857935667037955
CH,14.55,A.naeslundii,0.09845527858708655,0.2758671283721924,53790.811061433524,21865.468756809114,2.8019536619174756,1.8884238502717943,4.3995954310894
CH,14.600000000000001,A.naeslundii,0.09921303898708923,0.2755268096923828,53755.51810660327,22040.30101572752,2.7771229719940096,1.8933655582111488,4.413380279541015
CH,14.65,A.naeslundii,0.09998356284609576,0.27518649101257325,53720.22515177302,22218.06950996265,2.7523173127583638,1.8983454732569784,4.427148112058639
CH,14.700000000000001,A.naeslundii,0.10076692285949201,0.27484617233276365,53684.93219694276,22398.792924392186,2.7275435682005025,1.9033642353996183,4.440898928642272
CH,14.75,A.naeslundii,0.10156319055814968,0.2745058536529541,53649.63924211251,22582.48970414715,2.7028084894180897,1.9084224882350593,4.454632729291915
CH,14.8,A.naeslundii,0.1023724333188829,0.27416553497314455,53614.34628728226,22769.177389308166,2.6781187677657154,1.9135208788319853,4.468349514007568
CH,14.850000000000001,A.naeslundii,0.10319471497920442,0.27382521629333495,53579.05333245201,22958.8727503069,2.6534810077097033,1.9186600575394375,4.48204928278923
CH,14.9,A.naeslundii,0.10403009798315764,0.2734848976135254,53543.76037762175,23151.59226430729,2.62890166322637,1.9238406778634964,4.495732035636902
CH,14.950000000000001,A.naeslundii,0.10487863967536461,0.2731445789337158,53508.467422791495,23347.351289752736,2.6043871257216153,1.9290633963049595,4.509397772550583
CH,15.0,A.naeslundii,0.10574039336313215,0.27280426025390625,53473.174467961246,23546.164301192846,2.579943686392822,1.9343288721309218,4.523046493530273
CH,15.05,A.naeslundii,0.10661541071305157,0.2728976408640544,53465.107851013316,23751.479185309672,2.5596453555719125,1.9396377672328264,4.536689041058223
CH,15.100000000000001,A.naeslundii,0.10750373727481904,0.27299102147420246,53457.04123406539,23959.932173136374,2.5393630807116696,1.9449907459325233,4.550336257616679
CH,15.15,A.naeslundii,0.10840541407656774,0.2730844020843506,53448.97461711746,24171.536332730935,2.5191029840213384,1.9503884747163078,4.563988143205642
CH,15.200000000000001,A.naeslundii,0.10932048023966708,0.2731777826944987,53440.90800016953,24386.304322917982,2.49887104498262,1.9558316220742138,4.5776446978251135
CH,15.25,A.naeslundii,0.11024896769060497,0.2732711633046468,53432.8413832216,24604.24721220426,2.478673215984534,1.9613208582724704,4.591305921475092
CH,15.3,A.naeslundii,0.11119090337154855,0.2733645439147949,53424.77476627368,24825.374968794455,2.4585153607515635,1.9668568550490242,4.604971814155578
CH,15.350000000000001,A.naeslundii,0.11214631203314149,0.27345792452494305,53416.70814932575,25049.697081961058,2.438403185689519,1.9724402854341416,4.618642375866572
CH,15.4,A.naeslundii,0.11311521010771788,0.2735513051350911,53408.64153237782,25277.221191850138,2.418342368586792,1.978071823487663,4.632317606608073
CH,15.450000000000001,A.naeslundii,0.11409760861013925,0.27364468574523926,53400.5749154299,25507.953733916635,2.3983384847289595,1.9837521439556096,4.645997506380081
CH,15.5,A.naeslundii,0.11509351606113748,0.2737380663553874,53392.50829848197,25741.90059010214,2.3783969394937783,1.9894819220723914,4.659682075182597
CH,15.55,A.naeslundii,0.11610293151287496,0.27383144696553546,53384.44168153404,25979.065527017505,2.3585231087396754,1.9952618332617418,4.67337131301562
CH,15.600000000000001,A.naeslundii,0.11712584820481309,0.2739248275756836,53376.37506458611,26219.451009687073,2.3387222528086427,2.001092552754684,4.687065219879151
CH,15.65,A.naeslundii,0.11816225656364965,0.2740182081858317,53368.308447638185,26463.05887054712,2.31899945172618,2.0069747553738955,4.700763795773189
CH,15.700000000000001,A.naeslundii,0.11921213639248607,0.2741115887959798,53360.241830690255,26709.88855802129,2.2993597555664396,2.012909115197799,4.714467040697734
CH,15.75,A.naeslundii,0.12027546133271809,0.27420496940612793,53352.175213742325,26959.938131445677,2.2798080869346617,2.0188963051409288,4.728174954652786
CH,15.8,A.naeslundii,0.12135220188125628,0.27429835001627606,53344.1085967944,27213.204934655336,2.260349180022941,2.0249369967212782,4.7418875376383465
CH,15.850000000000001,A.naeslundii,0.12244231677689273,0.27439173062642414,53336.04197984647,27469.68366198964,2.240987738956335,2.031031859687732,4.755604789654414
CH,15.9,A.naeslundii,0.12354575830196175,0.27448511123657227,53327.97536289854,27729.367542457832,2.221728329722946,2.0371815615647035,4.769326710700988
CH,15.950000000000001,A.naeslundii,0.12466247525372079,0.2745784918467204,53319.90874595061,27992.24900377637,2.202575324193437,2.0433867674035957,4.783053300778071
CH,16.0,A.naeslundii,0.12579240358532556,0.27467187245686847,53311.84212900269,28258.31756822366,2.1835330642247985,2.049648139374572,4.79678455988566
CH,16.05,A.naeslundii,0.12693547289541335,0.2747652530670166,53303.77551205476,28527.561304808423,2.1646057386449056,2.0559663362865903,4.810520488023758
CH,16.1,A.naeslundii,0.1280916076679345,0.27485863367716473,53295.70889510683,28799.967104912732,2.1457973608209366,2.062342013300674,4.824261085192362
CH,16.150000000000002,A.naeslundii,0.12926071993706875,0.2749520142873128,53287.6422781589,29075.51902984958,2.127111889993918,2.068775821490799,4.838006351391474
CH,16.2,A.naeslundii,0.13044271603581395,0.27504539489746094,53279.575661210976,29354.199823421535,2.1085531124784715,2.0752684073901206,4.851756286621093
CH,16.25,A.naeslundii,0.1316374935449287,0.27513877550760907,53271.509044263046,29635.990222227403,2.0901246909088442,2.0818204126296393,4.86551089088122
CH,16.3,A.naeslundii,0.13284493951474527,0.27523215611775714,53263.442427315116,29920.868550862186,2.0718301888135335,2.0884324734561313,4.879270164171854
CH,16.35,A.naeslundii,0.13406493576487322,0.2753255367279053,53255.37581036719,30208.811910928678,2.053672984342295,2.0951052203381217,4.893034106492996
CH,16.400000000000002,A.naeslundii,0.13529735102244822,0.2754189173380534,53247.30919341926,30499.794406211924,2.035656391324,2.1018392775078047,4.906802717844645
CH,16.45,A.naeslundii,0.13654204805061076,0.2755122979482015,53239.24257647133,30793.788743910187,2.0177835463994205,2.108635262484631,4.9205759982268
CH,16.5,A.naeslundii,0.137798879629286,0.2756056785583496,53231.1759595234,31090.765324873923,2.000057469986686,2.1154937856766285,4.934353947639464
CH,16.55,A.naeslundii,0.1390676880009799,0.27569905916849774,53223.10934257548,31390.692113609108,1.982481071854413,2.1224154498673853,4.948136566082636
CH,16.6,A.naeslundii,0.14034830934443482,0.2757924397786458,53215.04272562755,31693.53564334815,1.9650570859518637,2.1294008498010206,4.961923853556314
CH,16.650000000000002,A.naeslundii,0.1416405662349687,0.27588582038879395,53206.97610867962,31999.25930972268,1.9477881776547312,2.136450571690506,4.975715810060501
CH,16.7,A.naeslundii,0.14294427518972894,0.2759792009989421,53198.9094917317,32307.825069441005,1.9306768363590414,2.1435651927261232,4.989512435595193
CH,16.75,A.naeslundii,0.14425924189843256,0.27607258160909015,53190.84287478377,32619.192358912736,1.9137254430011654,2.1507452806533274,5.003313730160394
CH,16.8,A.naeslundii,0.14558526185875054,0.2761659622192383,53182.77625783584,32933.31823266623,1.8969362605342532,2.157991393247257,5.0171196937561024
CH,16.85,A.naeslundii,0.14692212371608343,0.2762593428293864,53174.70964088791,33250.15811417507,1.8803113911097418,2.1653040778866277,5.030930326382318
CH,16.900000000000002,A.naeslundii,0.1482696025036452,0.2763527234395345,53166.643023939985,33569.664261984435,1.8638528651396389,2.1726838710421212,5.044745628039041
CH,16.95,A.naeslundii,0.1496274677384724,0.2764461040496826,53158.576406992055,33891.78759683842,1.847562538001854,2.180131297798174,5.058565598726271
CH,17.0,A.naeslundii,0.15099547683439205,0.27653948465983075,53150.509790044125,34216.47620631153,1.8314421760006239,2.1876468714124955,5.072390238444009
CH,17.05,A.naeslundii,0.15237337830908612,0.2766328652699788,53142.4431730962,34543.67606592234,1.8154934171560797,2.1952310927910825,5.086219547192254
CH,17.1,A.naeslundii,0.15376091306519932,0.27672624588012695,53134.37655614827,34873.33132532483,1.7997177589781,2.2028844500754396,5.100053524971007
CH,17.150000000000002,A.naeslundii,0.15515780908442742,0.2768196264902751,53126.30993920034,35205.38310065646,1.7841166237378792,2.2106074181291806,5.113892171780267
CH,17.2,A.naeslundii,0.1565637892669949,0.27691300710042316,53118.24332225241,35539.77124774656,1.76869126888716,2.2184004580879657,5.127735487620034
CH,17.25,A.naeslundii,0.1579785639820303,0.2770063877105713,53110.17670530449,35876.43266783577,1.7534428768581547,2.2262640169191914,5.141583472490309
CH,17.3,A.naeslundii,0.15940183610111094,0.2770997683207194,53102.11008835656,36215.30244502116,1.7383724999563426,2.23419852692127,5.155436126391091
CH,17.35,A.naeslundii,0.160833300493549,0.2771931489308675,53094.04347140863,36556.31372785783,1.7234810706504509,2.2422044053361363,5.169293449322381
CH,17.400000000000002,A.naeslundii,0.16227264049107773,0.2772865295410156,53085.97685446071,36899.39692153103,1.708769443215301,2.250282053860752,5.183155441284178
CH,17.45,A.naeslundii,0.16371953449221177,0.27737991015116376,53077.91023751278,37244.481184615535,1.694238326608233,2.2584318582353338,5.197022102276482
CH,17.5,A.naeslundii,0.16517364917731558,0.27747329076131183,53069.84362056485,37591.49288248703,1.6798883607847244,2.266654187827072,5.210893432299294
CH,17.55,A.naeslundii,0.16663464515773868,0.27756667137145996,53061.77700361692,37940.35686779835,1.6657200614476748,2.2749493951854487,5.224769431352613
CH,17.6,A.naeslundii,0.16810217442534256,0.2776600519816081,53053.710386668994,38290.99589654329,1.6517338513364817,2.283317815675026,5.23865009943644
CH,17.650000000000002,A.naeslundii,0.1695758806163335,0.27775343259175617,53045.643769721064,38643.3306839483,1.6379300616470043,2.291759767051068,5.252535436550774
CH,17.7,A.naeslundii,0.17105540151239698,0.2778468132019043,53037.577152773134,38997.28047058063,1.624308912465227,2.3002755491042857,5.266425442695615
CH,17.75,A.naeslundii,0.17254036517482815,0.2779401938120524,53029.51053582521,39352.76213775239,1.6108705550172384,2.3088654432714666,5.280320117870964
CH,17.8,A.naeslundii,0.17403039546588364,0.2780335744222005,53021.44391887728,39709.691462593335,1.5976150239611753,2.3175297122874845,5.29421946207682
CH,17.85,A.naeslundii,0.17552510704165802,0.27812695503234863,53013.37730192935,40067.98197298881,1.5845422898180586,2.3262685998501733,5.3081234753131845
CH,17.900000000000002,A.naeslundii,0.17702410977608124,0.27822033564249676,53005.31068498142,40427.54595338278,1.5716522229340353,2.335082330270617,5.322032157580056
CH,17.95,A.naeslundii,0.1785270069492804,0.27831371625264484,52997.2440680335,40788.29402852308,1.5589446157673719,2.3439711081887507,5.335945508877433
CH,18.0,A.naeslundii,0.18003339562820267,0.27840709686279297,52989.17745108557,41150.13524722348,1.546419184570331,2.3529351182531877,5.34986352920532
CH,18.05,A.naeslundii,0.18154286861926408,0.2785004774729411,52981.11083413764,41512.977525821385,1.5340755579720333,2.3619745248593746,5.363786218563713
CH,18.1,A.naeslundii,0.18305501192262869,0.2785938580830892,52973.044217189716,41876.72706371258,1.5219133044051347,2.371089471872922,5.377713576952614
CH,18.150000000000002,A.naeslundii,0.18456940865463034,0.2786872386932373,52964.977600241786,42241.28923771126,1.5099319043424035,2.380280082387354,5.391645604372022
CH,18.2,A.naeslundii,0.18608563593298505,0.27878061930338544,52956.910983293856,42606.567887466015,1.4981307821296996,2.3895464585020436,5.405582300821937
CH,18.25,A.naeslundii,0.18760326788369297,0.2788739999135335,52948.844366345926,42972.46600127719,1.4865092866421974,2.3988886810974606,5.41952366630236
CH,18.3,A.naeslundii,0.18912187468068942,0.27896738052368164,52940.777749398,43338.8854945562,1.475066704973637,2.4083068096615703,5.433469700813291
CH,18.35,A.naeslundii,0.19064102294393911,0.27906076113382977,52932.71113245007,43705.72729915134,1.46380226471976,2.417800882102186,5.4474204043547285
CH,18.400000000000002,A.naeslundii,0.19216027739961097,0.27915414174397785,52924.64451550214,44072.89174237238,1.4527151267764717,2.427370914610775,5.4613757769266735
CH,18.45,A.naeslundii,0.19367919892139626,0.279247522354126,52916.57789855422,44440.27809663552,1.4418044059933208,2.4370169015187995,5.475335818529126
CH,18.5,A.naeslundii,0.1951973473659881,0.2793409029642741,52908.51128160629,44807.78522845994,1.431069155056292,2.4467388151759843,5.489300529162086
CH,18.55,A.naeslundii,0.19671428079549647,0.2794342835744222,52900.44466465836,45175.311419396814,1.4205083761301558,2.4565366058800215,5.503269908825553
CH,18.6,A.naeslundii,0.19822955555710037,0.2795276641845703,52892.37804771043,45542.754383448155,1.4101210255907166,2.4664102017888365,5.517243957519528
CH,18.650000000000002,A.naeslundii,0.199742727662478,0.27962104479471844,52884.31143076251,45910.011583281215,1.3999060094303786,2.476359508869326,5.531222675244011
CH,18.7,A.naeslundii,0.20125335241209613,0.2797144254048665,52876.24481381458,46276.9801436714,1.3898621913741327,2.48638441087119,5.545206061998999
CH,18.75,A.naeslundii,0.20276098529319234,0.27980780601501465,52868.17819686665,46643.55705772685,1.379988391802361,2.4964847693138226,5.559194117784497
CH,18.8,A.naeslundii,0.2042651819904423,0.2799011866251628,52860.111579918725,47009.63918943511,1.3702833928802391,2.5066604234959136,5.573186842600501
CH,18.85,A.naeslundii,0.20576549902393776,0.27999456723531085,52852.044962970795,47375.12342064707,1.3607459392535852,2.5169111905212733,5.587184236447013
CH,18.900000000000002,A.naeslundii,0.20726149459989165,0.280087947845459,52843.978346022865,47739.90684743556,1.3513747374356984,2.527236865361869,5.6011862993240324
CH,18.95,A.naeslundii,0.20875272747048365,0.2801813284556071,52835.911729074935,48103.886518191815,1.342168468171143,2.537637220913628,5.615193031231558
CH,19.0,A.naeslundii,0.2102387594983646,0.2802747090657552,52827.84511212701,48466.960025096225,1.333125774402866,2.548112008087849,5.629204432169592
CH,19.05,A.naeslundii,0.21171915491365367,0.2803680896759033,52819.77849517908,48829.02533428558,1.324245271006523,2.5586609559481497,5.643220502138134
CH,19.1,A.naeslundii,0.21319347919049006,0.28046147028605145,52811.71187823115,49189.98052780278,1.3155255561801538,2.5692837718007535,5.657241241137183
CH,19.150000000000002,A.naeslundii,0.21466130322209012,0.2805548508961995,52803.64526128322,49549.72476792536,1.3069651897432835,2.579980141361068,5.671266649166739
CH,19.200000000000003,A.naeslundii,0.21612220049023,0.28064823150634766,52795.5786443353,49908.15764618651,1.2985627153052914,2.590749728953876,5.685296726226803
CH,19.25,A.naeslundii,0.21757574688549366,0.2807416121164958,52787.51202738737,50265.17914311872,1.2903166650474385,2.6015921776382687,5.699331472317374
CH,19.3,A.naeslundii,0.21902152562256472,0.28083499272664386,52779.44541043944,50620.690765468295,1.282225534355016,2.6125071094509704,5.713370887438452
CH,19.35,A.naeslundii,0.22045912257012787,0.280928373336792,52771.378793491516,50974.59446996948,1.2742878138210356,2.623494125655788,5.727414971590038
CH,19.400000000000002,A.naeslundii,0.22188812759282142,0.2810217539469401,52763.312176543586,51326.7929750656,1.266501984561484,2.634552806909862,5.741463724772132
CH,19.450000000000003,A.naeslundii,0.22330813913446637,0.2811151345570882,52755.245559595656,51677.19082350531,1.258866495626534,2.645682713578044,5.755517146984732
CH,19.5,A.naeslundii,0.22471875848810502,0.28120851516723633,52747.17894264773,52025.69305998379,1.251379800507938,2.656883386018608,5.76957523822784
CH,19.55,A.naeslundii,0.22611959275149737,0.28130189577738446,52739.1123256998,52372.205917072206,1.244040343229044,2.668154344799598,5.783637998501455
CH,19.6,A.naeslundii,0.22751025814620446,0.28139527638753253,52731.04570875187,52716.63758713543,1.2368465434499225,2.6794950910720408,5.797705427805578
CH,19.650000000000002,A.naeslundii,0.2288903743196523,0.28148865699768066,52722.97909180394,53058.89690597651,1.229796831056658,2.6909051068836876,5.811777526140209
CH,19.700000000000003,A.naeslundii,0.23025956842555584,0.2815820376078288,52714.91247485602,53398.89430079883,1.2228896264038025,2.702383855452318,5.825854293505347
CH,19.75,A.naeslundii,0.23161747705767619,0.28167541821797687,52706.84585790809,53736.54224253314,1.2161233331620978,2.713930781589398,5.839935729900991
CH,19.8,A.naeslundii,0.23296373990194244,0.281768798828125,52698.77924096016,54071.753777105216,1.2094963746148875,2.725545312013389,5.854021835327144
CH,19.85,A.naeslundii,0.23429800757104605,0.28186217943827313,52690.71262401223,54404.44434616142,1.2030071546929575,2.7372268557002135,5.868112609783804
CH,19.900000000000002,A.naeslundii,0.23561993858955232,0.2819555600484212,52682.64600706431,54734.53109207359,1.1966540766296738,2.7489748043542286,5.882208053270971
CH,19.950000000000003,A.naeslundii,0.23692919531981943,0.28204894065856934,52674.57939011638,55061.931915013294,1.1904355656880736,2.7607885327019632,5.896308165788646
CH,20.0,A.naeslundii,0.23822545352397542,0.28214232126871747,52666.51277316845,55386.567697961385,1.1843500226155397,2.7726673989230575,5.910412947336828
CH,20.05,A.naeslundii,0.2395083953511847,0.28223570187886554,52658.446156220525,55708.36068216146,1.1783958615105368,2.7846107451449367,5.924522397915517
CH,20.1,A.naeslundii,0.24077770820986658,0.28232908248901367,52650.379539272595,56027.23420782855,1.172571516641109,2.796617897733963,5.938636517524714
CH,20.150000000000002,A.naeslundii,0.24203309415005533,0.2824224630991618,52642.312922324665,56343.11490085925,1.1668753981390079,2.8086881677929614,5.952755306164419
CH,20.200000000000003,A.naeslundii,0.24327426024861848,0.2825158437093099,52634.246305376735,56655.930440840755,1.1613059409597537,2.8208208516529285,5.966878763834631
CH,20.25,A.naeslundii,0.24450092160263948,0.282609224319458,52626.17968842881,56965.61026093855,1.1558615913061947,2.833015231199209,5.981006890535349
CH,20.3,A.naeslundii,0.24571280648488136,0.28270260492960614,52618.11307148088,57272.08675349702,1.1505407836648545,2.8452705744013973,5.995139686266576
CH,20.35,A.naeslundii,0.2469096483331633,0.2827959855397542,52610.04645453295,57575.293408560596,1.1453419801488207,2.8575861357718484,6.00927715102831
CH,20.400000000000002,A.naeslundii,0.24809119167064594,0.28288936614990234,52601.97983758503,57875.16619750407,1.1402636435615692,2.869961156771944,6.023419284820552
CH,20.450000000000003,A.naeslundii,0.24925719136199023,0.2829827467600505,52593.9132206371,58171.64340487649,1.1353042422317976,2.88239486634776,6.037566087643301
CH,20.5,A.naeslundii,0.25040740791272154,0.28307612737019855,52585.84660368917,58464.66453598158,1.1304622723815885,2.894886481329627,6.051717559496556
CH,20.55,A.naeslundii,0.2515416164071848,0.2831695079803467,52577.77998674124,58754.17240734163,1.1257362182246773,2.907435206937625,6.06587370038032
CH,20.6,A.naeslundii,0.2526595977896181,0.2832628885904948,52569.71336979332,59040.11111646283,1.121124592410533,2.920040237292545,6.080034510294591
CH,20.650000000000002,A.naeslundii,0.25376114281594725,0.2833562692006429,52561.64675284539,59322.42696853345,1.1166259185952712,2.932700755807684,6.094199989239369
CH,20.700000000000003,A.naeslundii,0.25484605469270477,0.283449649810791,52553.58013589746,59601.06909840638,1.1122387205584825,2.9454159357454004,6.1083701372146555
CH,20.75,A.naeslundii,0.25591414141732977,0.28354303042093915,52545.513518949534,59875.98768457802,1.1079615563664917,2.9581849406481506,6.122544954220448
CH,20.8,A.naeslundii,0.25696522519052156,0.2836364110310872,52537.446902001604,60147.13615466353,1.103792977515891,2.9710069248133473,6.1367244402567485
CH,20.85,A.naeslundii,0.2579991356157223,0.28372979164123535,52529.380285053674,60414.46959992291,1.0997315590383903,2.9838810338335033,6.150908595323557
CH,20.900000000000002,A.naeslundii,0.25901571022055286,0.2838231722513835,52521.313668105744,60677.94490104822,1.0957758971828657,2.9968064049794103,6.1650974194208725
CH,20.950000000000003,A.naeslundii,0.2600148001357711,0.28391655286153156,52513.24705115782,60937.52206298398,1.0919245854977475,3.0097821677383187,6.179290912548695
CH,21.0,A.naeslundii,0.26099626209197446,0.2840099334716797,52505.18043420989,61193.16234515202,1.0881762489441142,3.0228074442940116,6.193489074707025
CH,0.0,Vd/Vp,0.05986654816240565,0.0721387863159179,14166.850251863232,13498.24126330744,1.2049932479858398,0.0,0.0
CH,0.05,Vd/Vp,0.0617026336409982,0.0721387863159179,14166.850251863232,13912.227463127478,1.1691362598173674,0.003039229545085096,0.003606939315795895
CH,0.1,Vd/Vp,0.06349649703560728,0.0721387863159179,14166.850251863232,14316.693757528843,1.1361065520742701,0.006169207812000234,0.00721387863159179
CH,0.15000000000000002,Vd/Vp,0.06524302797395161,0.0721387863159179,14166.850251863232,14710.487899720707,1.1056934136275747,0.009387695937239208,0.010820817947387686
CH,0.2,Vd/Vp,0.06693767331005736,0.0721387863159179,14166.850251863232,15092.583281943842,1.0777008334569507,0.012692213469339431,0.01442775726318358
CH,0.25,Vd/Vp,0.06857647564561414,0.0721387863159179,14166.850251863232,15462.08762096482,1.0519465405121267,0.01608006719323122,0.018034696578979475
CH,0.30000000000000004,Vd/Vp,0.07015609805039649,0.0721387863159179,14166.850251863232,15818.248531843388,1.0282610966205268,0.019548381535631487,0.02164163589477537
CH,0.35000000000000003,Vd/Vp,0.07167383659294042,0.0721387863159179,14166.850251863232,16160.456353251466,1.00648702155597,0.02309412990171491,0.025248575210571264
CH,0.4,Vd/Vp,0.07312761722152325,0.0721387863159179,14166.850251863232,16488.243444220854,0.9864780100435938,0.0267141662470765,0.028855514526367157
CH,0.45,Vd/Vp,0.07451598230737722,0.0721387863159179,14166.850251863232,16801.281150012244,0.9680981727966301,0.03040525623529901,0.03246245384216305
CH,0.5,Vd/Vp,0.07583806610168957,0.0721387863159179,14166.850251863232,17099.374268351476,0.9512213328223403,0.03416410744552568,0.03606939315795894
CH,0.55,Vd/Vp,0.07709356137114493,0.0721387863159179,14166.850251863232,17382.45352667243,0.9357303649344505,0.03798739813234654,0.03967633247375484
CH,0.6000000000000001,Vd/Vp,0.07828267895204623,0.0721387863159179,14166.850251863232,17650.566462696454,0.9215165766121531,0.04187180414042632,0.04328327178955074
CH,0.65,Vd/Vp,0.07940610200445361,0.0721387863159179,14166.850251863232,17903.867110013194,0.9084791281137549,0.045814023664338815,0.046890211105346635
CH,0.7000000000000001,Vd/Vp,0.08046493669785411,0.0721387863159179,14166.850251863232,18142.60487907093,0.8965244897513446,0.04981079963189651,0.050497150421142535
CH,0.75,Vd/Vp,0.08146066093762958,0.0721387863159179,14166.850251863232,18367.112996421394,0.8855659343489862,0.0538589395727836,0.05410408973693843
CH,0.8,Vd/Vp,0.08239507257464052,0.0721387863159179,14166.850251863232,18577.79682742163,0.8755230629910351,0.05795533291059036,0.05771102905273433
CH,0.8500000000000001,Vd/Vp,0.08327023834455334,0.0721387863159179,14166.850251863232,18775.12236347266,0.8663213622305724,0.062096965683570204,0.06131796836853023
CH,0.9,Vd/Vp,0.08408844457355545,0.0721387863159179,14166.850251863232,18959.605107529496,0.8578917909798567,0.06628093275652291,0.06492490768432611
CH,0.9500000000000001,Vd/Vp,0.08485215047510913,0.0721387863159179,14166.850251863232,19131.799543818324,0.8501703953523179,0.07050444763273954,0.068531847000122
CH,1.0,Vd/Vp,0.0855639446583157,0.0721387863159179,14166.850251863232,19292.289331682434,0.8430979497730176,0.07476485001107515,0.0721387863159179
CH,1.05,Vd/Vp,0.08622650527923309,0.07609269142150872,15434.14896348184,19619.04919302842,0.8824744917481306,0.07905961125951387,0.07584457325935356
CH,1.1,Vd/Vp,0.08684256409583108,0.08004659652709954,16701.447675100448,19937.85869920898,0.9217438172227139,0.08338633799389047,0.07974805545806878
CH,1.1500000000000001,Vd/Vp,0.0874148745507194,0.08400050163269038,17968.74638671906,20249.068699306685,0.9609405958015994,0.08774277396005424,0.08384923291206353
CH,1.2000000000000002,Vd/Vp,0.08794618385127931,0.0879544067382812,19236.045098337665,20553.051240931913,1.0000934990768422,0.09212680042010421,0.08814810562133782
CH,1.25,Vd/Vp,0.08843920902158131,0.091908311843872,20503.34380995627,20850.193860155992,1.0392258463261939,0.0965364352419257,0.09264467358589164
CH,1.3,Vd/Vp,0.08889661653224683,0.09586221694946283,21770.64252157488,21140.89442675868,1.0783561927206673,0.10096983088077141,0.09733893680572502
CH,1.35,Vd/Vp,0.0893210057373807,0.09981612205505365,23037.941233193487,21425.55665127076,1.1174988596582804,0.1054252714375121,0.10223089528083792
CH,1.4000000000000001,Vd/Vp,0.08971489500398382,0.10377002716064448,24305.239944812096,21704.586038979385,1.15666442184474,0.10990116895604621,0.10732054901123038
CH,1.4500000000000002,Vd/Vp,0.09008071157223246,0.1077239322662353,25572.538656430705,21978.386583017134,1.1958601390471408,0.11439605912045162,0.11260789799690238
CH,1.5,Vd/Vp,0.09042078295726418,0.1116778373718261,26839.83736804931,22247.357711580742,1.235090359974086,0.11890859648368901,0.1180929422378539
CH,1.55,Vd/Vp,0.09073733193595145,0.11563174247741692,28107.136079667915,22511.892018462742,1.2743568717563531,0.1234375493560194,0.12377568173408497
CH,1.6,Vd/Vp,0.091032472276995,0.11958564758300776,29374.434791286527,22772.3731176552,1.31365923161057,0.12798179446134306,0.1296561164855956
CH,1.6500000000000001,Vd/Vp,0.0913082072987004,0.12353955268859858,30641.733502905132,23029.1741584336,1.3529950520708223,0.13254031145073544,0.13573424649238577
CH,1.7000000000000002,Vd/Vp,0.09156642917636201,0.1274934577941894,31909.032214523744,23282.656513243714,1.3923602671960698,0.137112177362612,0.14201007175445549
CH,1.75,Vd/Vp,0.0918089197943449,0.1314473628997802,33176.33092614234,23533.168852988878,1.4317493680813016,0.14169656108687964,0.14848359227180472
CH,1.8,Vd/Vp,0.09203735262397224,0.13540126800537103,34443.629637760954,23781.04649788637,1.4711556139447686,0.14629271789733758,0.1551548080444335
CH,1.85,Vd/Vp,0.09225329531514263,0.13935517311096185,35710.92834937957,24026.6109773861,1.5105712227939008,0.15089998409581545,0.1620237190723418
CH,1.9000000000000001,Vd/Vp,0.09245821292125639,0.1433090782165527,36978.22706099817,24270.1697883184,1.5499875423571545,0.15551777180172544,0.16909032535552967
CH,1.9500000000000002,Vd/Vp,0.09265347174927493,0.1472629833221435,38245.525772616784,24512.0163582272,1.5893952006530818,0.16014556391848872,0.17635462689399709
CH,2.0,Vd/Vp,0.09284034348121296,0.15121688842773431,39512.82448423538,24752.43012858882,1.6287842413932294,0.1647829092992509,0.183816623687744
CH,2.0500000000000003,Vd/Vp,0.0930200095565511,0.15517079353332514,40780.123195854,24991.67675900057,1.6681442441584544,0.16942941812519502,0.19147631573677054
CH,2.1,Vd/Vp,0.09319356563944463,0.15912469863891596,42047.4219074726,25230.00840841459,1.7074644321964396,0.1740847575050949,0.19933370304107653
CH,2.15,Vd/Vp,0.09336202629544703,0.16307860374450678,43314.720619091204,25467.664128659162,1.7467337654866175,0.17874864730346715,0.20738878560066207
CH,2.2,Vd/Vp,0.09352632958857196,0.16703250885009763,44582.019330709816,25704.87029378683,1.7859410241467173,0.18342085620056764,0.21564156341552723
CH,2.25,Vd/Vp,0.09368734165948726,0.17098641395568842,45849.31804232842,25941.84108093592,1.8250748812699762,0.1881011979817691,0.22409203648567186
CH,2.3000000000000003,Vd/Vp,0.09384586114208458,0.17494031906127927,47116.61675394703,26178.778962611115,1.8641239680929136,0.19278952805180843,0.23274020481109609
CH,2.35,Vd/Vp,0.09400262356610102,0.17889422416687006,48383.91546556564,26415.875249554694,1.9030769289228906,0.19748574016951306,0.24158606839179977
CH,2.4000000000000004,Vd/Vp,0.09415830554621193,0.1828481292724609,49651.21417718425,26653.310627512423,1.941922469948452,0.20218976339732092,0.2506296272277831
CH,2.45,Vd/Vp,0.09431352882982055,0.1868020343780517,50918.512888802856,26891.255705412772,1.9806494009477424,0.2069015592567217,0.2598708813190459
CH,2.5,Vd/Vp,0.09446886411990964,0.1907559394836425,52185.81160042145,27129.871548906533,2.019246672020057,0.21162111908046494,0.2693098306655882
CH,2.5500000000000003,Vd/Vp,0.09462483474159808,0.19470984458923335,53453.11031204007,27369.31021588186,2.0577034044069706,0.21634846155200266,0.2789464752674102
CH,2.6,Vd/Vp,0.09478192012994843,0.19866374969482414,54720.40902365868,27609.71528516372,2.096008916283307,0.2210836304237913,0.2887808151245116
CH,2.6500000000000004,Vd/Vp,0.094940559103047,0.202617654800415,55987.70773527729,27851.22236526928,2.1341527447768343,0.22582669240461622,0.29881285023689264
CH,2.7,Vd/Vp,0.09510115293150635,0.20657155990600584,57255.006446895895,28093.95958342126,2.1721246645115078,0.23057773520548003,0.30904258060455314
CH,2.75,Vd/Vp,0.09526406821456831,0.21052546501159664,58522.30515851449,28338.048054915394,2.209914702964595,0.23533686573413187,0.31947000622749316
CH,2.8000000000000003,Vd/Vp,0.09542963960943895,0.21447937011718748,59789.60387013311,28583.602344024694,2.247513152045618,0.24010420842973207,0.3300951271057128
CH,2.85,Vd/Vp,0.09559817235288876,0.21843327522277828,61056.90258175171,28830.730895940444,2.2849105777509955,0.24487990372879023,0.34091794323921193
CH,2.9000000000000004,Vd/Vp,0.09576994461374452,0.22238718032836913,62324.20129337033,29079.536448487463,2.322097827510417,0.2496641066529561,0.35193845462799067
CH,2.95,Vd/Vp,0.09594520966589312,0.22634108543395992,63591.50000498893,29330.11641800531,2.3590660359400966,0.25445698550994705,0.3631566612720489
CH,3.0,Vd/Vp,0.09612419794293729,0.23029499053955071,64858.79871660753,29582.563275627213,2.3958066279654364,0.2592587207001678,0.3745725631713866
CH,3.0500000000000003,Vd/Vp,0.09630711892042067,0.23424889564514156,66126.09742822614,29836.964895497058,2.4323113210218996,0.2640695036217518,0.38618616032600395
CH,3.1,Vd/Vp,0.09649416286553095,0.23820280075073236,67393.39613984476,30093.40488488795,2.468572125784219,0.26888953566640056,0.39799745273590076
CH,3.1500000000000004,Vd/Vp,0.09668550243843443,0.2421567058563232,68660.69485146337,30351.962889339346,2.5045813462108155,0.2737190272989997,0.4100064404010772
CH,3.2,Vd/Vp,0.09688129420062457,0.246110610961914,69927.99356308197,30612.71488817636,2.5403315778612647,0.27855819721497616,0.4222131233215331
CH,3.25,Vd/Vp,0.0970816799894138,0.25006451606750485,71195.29227470058,30875.73346607382,2.5758157058548323,0.2834072715697271,0.4346175014972685
CH,3.3000000000000003,Vd/Vp,0.09728678819276096,0.2540184211730957,72462.59098631919,31141.088069682315,2.6110269019241508,0.2882664832742815,0.4472195749282836
CH,3.35,Vd/Vp,0.09749673491413839,0.2579723262786865,73729.88969793779,31408.845244564556,2.6459586211361104,0.29313607135195396,0.46001934361457814
CH,3.4000000000000004,Vd/Vp,0.09771162504484766,0.26192623138427734,74997.1884095564,31679.068856502607,2.680604598112645,0.29801628035092864,0.4730168075561523
CH,3.45,Vd/Vp,0.09793155328638728,0.26588013648986814,76264.48712117501,31951.820309743423,2.7149588418386306,0.3029073598092095,0.4862119667530059
CH,3.5,Vd/Vp,0.09815660501803906,0.26983404159545893,77531.78583279361,32227.15872704444,2.749015632171358,0.30780956376682017,0.499604821205139
CH,3.5500000000000003,Vd/Vp,0.09838685717784412,0.2737879467010498,78799.08454441222,32505.141144850535,2.782769513677529,0.31272315032171727,0.5131953709125517
CH,3.6,Vd/Vp,0.09862237899930386,0.27774185180664057,80066.38325603082,32785.82267138185,2.8162152913447875,0.31764838122614597,0.526983615875244
CH,3.6500000000000004,Vd/Vp,0.09886323274003486,0.2816957569122314,81333.68196764943,33069.25665112269,2.849348024588297,0.3225855215196295,0.5409695560932158
CH,3.7,Vd/Vp,0.09910947431640929,0.2856496620178222,82600.98067926805,33355.49480666288,2.8821630221332732,0.3275348391960406,0.5551531915664671
CH,3.75,Vd/Vp,0.0993611539059808,0.28960356712341306,83868.27939088664,33644.5873774638,2.914655836197783,0.3324966049016003,0.569534522294998
CH,3.8000000000000003,Vd/Vp,0.09961831648091392,0.29355747222900386,85135.57810250526,33936.583242555076,2.9468222571824647,0.3374710916612727,0.5841135482788085
CH,3.85,Vd/Vp,0.09988100232131442,0.2975113773345947,86402.87681412387,34231.53004292631,2.9786583075879522,0.3424585746313284,0.5988902695178984
CH,3.9000000000000004,Vd/Vp,0.10014924746424038,0.30146528244018556,87670.17552574248,34529.47428807868,3.010160236579189,0.3474593308759673,0.613864686012268
CH,3.95,Vd/Vp,0.10042308411237792,0.30541918754577635,88937.47423736108,34830.46145412835,3.041324514630507,0.35247363916538277,0.6290367977619169
CH,4.0,Vd/Vp,0.10070254103157401,0.30937309265136714,90204.77294897968,35134.53608306624,3.0721478274750496,0.35750177979398157,0.6444066047668454
CH,4.05,Vd/Vp,0.10098764389650734,0.31332699775695794,91472.07166059829,35441.741868723155,3.1026270706746764,0.3625440344171836,0.6599741070270535
CH,4.1000000000000005,Vd/Vp,0.10127841560096493,0.31728090286254884,92739.37037221692,35752.12173450681,3.132759344425664,0.36760068590462047,0.6757393045425414
CH,4.15,Vd/Vp,0.10157487655735555,0.32123480796813964,94006.66908383551,36065.717911146734,3.162541947926959,0.3726720182085785,0.6917021973133085
CH,4.2,Vd/Vp,0.10187704496367668,0.32518871307373043,95273.96779545413,36382.57200651275,3.19197237404828,0.3777583162466043,0.7078627853393552
CH,4.25,Vd/Vp,0.10218493704704823,0.3291426181793213,96541.26650707272,36702.725070311644,3.22104830409375,0.38285986579687237,0.7242210686206815
CH,4.3,Vd/Vp,0.1024985672790645,0.33309652328491207,97808.56521869132,37026.21765160933,3.2497676028779727,0.3879769534050252,0.7407770471572872
CH,4.3500000000000005,Vd/Vp,0.1028179485844941,0.3370504283905029,99075.86393030995,37353.08985659433,3.278128313496942,0.3931098663016142,0.7575307209491728
CH,4.4,Vd/Vp,0.10314309252407854,0.34100433349609377,100343.16264192856,37683.38139945391,3.3061286524493827,0.3982588923293285,0.7744820899963377
CH,4.45,Vd/Vp,0.10347400946261158,0.34495823860168456,101610.46135354716,38017.13165009849,3.33376700480838,0.40342431987899574,0.7916311542987822
CH,4.5,Vd/Vp,0.1038107087219735,0.34891214370727536,102877.76006516576,38354.379678401834,3.361041919497285,0.40860643783361034,0.8089779138565061
CH,4.55,Vd/Vp,0.10415319872037934,0.35286604881286615,104145.05877678437,38695.16429520826,3.3879521046704246,0.41380553551966914,0.8265223686695096
CH,4.6000000000000005,Vd/Vp,0.10450148709899679,0.35681995391845706,105412.357488403,39039.52409034,3.41449642319858,0.4190219026651536,0.8442645187377928
CH,4.65,Vd/Vp,0.10485558083699272,0.36077385902404785,106679.65620002159,39387.49746782072,3.4406738882587735,0.4242558293635533,0.8622043640613554
CH,4.7,Vd/Vp,0.10521548635634619,0.36472776412963864,107946.95491164019,39739.12267865388,3.4664836590154646,0.4295076060433868,0.8803419046401975
CH,4.75,Vd/Vp,0.1055812096149729,0.3686816692352295,109214.2536232588,40094.43785045592,3.4919250364692282,0.43477752344266973,0.8986771404743191
CH,4.800000000000001,Vd/Vp,0.1059527561951362,0.37263557434082034,110481.55233487743,40453.48101643917,3.5169974592687976,0.4400658725879225,0.9172100715637206
CH,4.8500000000000005,Vd/Vp,0.10633013137962027,0.37658947944641114,111748.85104649603,40816.2901407884,3.541700499756836,0.4453729447772914,0.9359406979084013
CH,4.9,Vd/Vp,0.10671334022209517,0.380543384552002,113016.14975811463,41182.90314273592,3.566033860059137,0.45069903156733426,0.9548690195083616
CH,4.95,Vd/Vp,0.10710238761045893,0.3844972896575928,114283.44846973324,41553.35791878048,3.589997368275712,0.4560444247631481,0.9739950363636014
CH,5.0,Vd/Vp,0.10749727832406661,0.38845119476318357,115550.74718135184,41927.69236330354,3.6135909747606765,0.46140941641151123,0.9933187484741207
CH,5.050000000000001,Vd/Vp,0.10789801708561976,0.3924050998687744,116818.04589297046,42305.94438779837,3.6368147484804214,0.4667942987967535,1.01284015583992
CH,5.1000000000000005,Vd/Vp,0.10830460860699603,0.39635900497436527,118085.34460458906,42688.15193835105,3.659668873488382,0.47219936443906885,1.0325592584609984
CH,5.15,Vd/Vp,0.1087170576308108,0.40031291007995606,119352.64331620767,43074.353011996114,3.682153645469025,0.477624906095014,1.0524760563373563
CH,5.2,Vd/Vp,0.1091353689675872,0.40426681518554686,120619.94202782627,43464.585671836125,3.7042694683665074,0.48307121675997394,1.0725905494689938
CH,5.25,Vd/Vp,0.10955954752598998,0.40822072029113765,121887.24073944487,43858.888059843346,3.7260168511949954,0.48853858967231334,1.0929027378559109
CH,5.300000000000001,Vd/Vp,0.10998959834826819,0.41217462539672856,123154.5394510635,44257.29841213048,3.7473964046275503,0.49402731831916985,1.1134126214981077
CH,5.3500000000000005,Vd/Vp,0.11042552663142517,0.41612853050231935,124421.8381626821,44659.85506888648,3.7684088380330754,0.49953769644366214,1.134120200395584
CH,5.4,Vd/Vp,0.11086733774786495,0.42008243560791014,125689.1368743007,45066.59648436076,3.789054956503634,0.5050700180531443,1.1550254745483395
CH,5.45,Vd/Vp,0.11131503727062138,0.424036340713501,126956.4355859193,45477.56123897457,3.809335657702861,0.5106245774286065,1.1761284439563746
CH,5.5,Vd/Vp,0.11176863099047353,0.4279902458190918,128223.73429753791,45892.78804841222,3.8292519289743385,0.5162016691351338,1.1974291086196893
CH,5.550000000000001,Vd/Vp,0.11222812492690401,0.43194415092468263,129491.03300915654,46312.31577038264,3.848804844650259,0.5218015880330683,1.218927468538284
CH,5.6000000000000005,Vd/Vp,0.1126935253389589,0.4358980560302735,130758.33172077514,46736.18341147546,3.867995563358072,0.5274246292897149,1.240623523712158
CH,5.65,Vd/Vp,0.11316483874573402,0.4398519611358643,132025.63043239375,47164.43013816325,3.8868253249947338,0.5330710883918321,1.2625172741413113
CH,5.7,Vd/Vp,0.1136420719324542,0.44380586624145507,133292.92914401236,47597.09528202224,3.9052954481966977,0.5387412611587868,1.2846087198257443
CH,5.75,Vd/Vp,0.11412523193570677,0.44775977134704587,134560.22785563095,48034.21833625455,3.923407328532698,0.5444354437554908,1.3068978607654567
CH,5.800000000000001,Vd/Vp,0.11461432609639602,0.45171367645263677,135827.5265672496,48475.83898067037,3.9411624343777443,0.5501539327062934,1.329384696960449
CH,5.8500000000000005,Vd/Vp,0.1151093620078726,0.45566758155822756,137094.82527886817,48921.997062772665,3.9585623064009634,0.5558970249089001,1.3520692284107205
CH,5.9,Vd/Vp,0.11561034756402769,0.45962148666381836,138362.12399048678,49372.732620892886,3.9756085536311474,0.5616650176481977,1.3749514551162716
CH,5.95,Vd/Vp,0.11611729094002474,0.4635753917694092,139629.4227021054,49828.0858790136,3.992302851853895,0.567458208610799,1.3980313770771022
CH,6.0,Vd/Vp,0.11663020058174275,0.467529296875,140896.72141372398,50288.09724510972,4.0086469417269175,0.5732768958988431,1.4213089942932124
CH,6.050000000000001,Vd/Vp,0.11714908524519285,0.4618172407150268,139163.71992672217,50196.85279042987,3.9421327084922946,0.5791213780445166,1.4445426577329634
CH,6.1000000000000005,Vd/Vp,0.11767395394014064,0.45610518455505367,137430.71843972043,50105.36611001717,3.8760079803816994,0.5849919540241499,1.4674907183647155
CH,6.15,Vd/Vp,0.11820481598076528,0.4503931283950805,135697.71695271865,50013.59287758873,3.810277311106936,0.5908889232721726,1.4901531761884688
CH,6.2,Vd/Vp,0.11874168093945964,0.4446810722351074,133964.7154657169,49921.48877524925,3.7449450666091524,0.5968125856951781,1.5125300312042234
CH,6.25,Vd/Vp,0.11928455867981638,0.4389690160751343,132231.71397871512,49829.00950379907,3.6800154264175546,0.60276324168566,1.5346212834119792
CH,6.300000000000001,Vd/Vp,0.11983345930996998,0.43325695991516106,130498.71249171333,49736.110759454335,3.6154923876015874,0.6087411921354047,1.5564269328117368
CH,6.3500000000000005,Vd/Vp,0.12038839322978302,0.42754490375518794,128765.71100471157,49642.748250017175,3.5513797658146427,0.6147467384488985,1.5779469794034955
CH,6.4,Vd/Vp,0.12094937106161975,0.4218328475952148,127032.70951770981,49548.87766259402,3.487681199932034,0.6207801825561835,1.5991814231872554
CH,6.45,Vd/Vp,0.12151640371596811,0.41612079143524167,125299.70803070805,49454.45468731122,3.4244001526565953,0.6268418269256232,1.6201302641630169
CH,6.5,Vd/Vp,0.12208950230383206,0.41040873527526855,123566.70654370628,49359.434978022866,3.361539915642583,0.6329319745761182,1.6407935023307796
CH,6.550000000000001,Vd/Vp,0.12266867821621928,0.40469667911529533,121833.7050567045,49263.77418153743,3.2991036098225948,0.6390509290891195,1.661171137690544
CH,6.6000000000000005,Vd/Vp,0.12325394302313615,0.3989846229553222,120100.70356970272,49167.42789356161,3.237094190815691,0.6451989946201034,1.6812631702423093
CH,6.65,Vd/Vp,0.12384530856166906,0.39327256679534905,118367.70208270095,49070.351691193704,3.1755144491365055,0.6513764759097236,1.701069599986076
CH,6.7,Vd/Vp,0.12444278682748457,0.38756051063537594,116634.70059569919,48972.501086634824,3.1143670156845036,0.6575836782944524,1.7205904269218442
CH,6.75,Vd/Vp,0.12504639006946588,0.38184845447540283,114901.69910869743,48873.83156204531,3.053654361899436,0.6638209077168762,1.7398256510496135
CH,6.800000000000001,Vd/Vp,0.12565613065782746,0.3761363983154296,113168.69762169564,48774.29851494837,2.993378805684234,0.6700884707350586,1.7587752723693846
CH,6.8500000000000005,Vd/Vp,0.1262720212193808,0.3704243421554565,111435.69613469388,48673.85730873972,2.9335425106714146,0.6763866745319888,1.7774392908811567
CH,6.9,Vd/Vp,0.12689407449010479,0.36471228599548333,109702.69464769211,48572.46321280495,2.874147492394719,0.6827158269247259,1.7958177065849301
CH,6.95,Vd/Vp,0.12752230337705994,0.3590002298355102,107969.69316069034,48470.07142458502,2.8151956193420746,0.689076236371405,1.8139105194807048
CH,7.0,Vd/Vp,0.12815672095940195,0.3532881736755371,106236.69167368859,48366.63706765883,2.75668861555418,0.6954682119798166,1.831717729568481
CH,7.050000000000001,Vd/Vp,0.12879734039673746,0.3475761175155639,104503.69018668678,48262.1151550894,2.698628065183,0.7018920635137201,1.8492393368482587
CH,7.1000000000000005,Vd/Vp,0.12944417502743888,0.3418640613555908,102770.68869968502,48156.46062491787,2.6410154128845447,0.7083481013993245,1.8664753413200375
CH,7.15,Vd/Vp,0.13009723825926148,0.3361520051956176,101037.68721268326,48049.62829736124,2.583851968676878,0.714836636731492,1.8834257429838177
CH,7.2,Vd/Vp,0.13075654360444053,0.3304399490356445,99304.6857256815,47941.572886747876,2.527138909661594,0.7213579812780845,1.9000905418395992
CH,7.25,Vd/Vp,0.13142210467200835,0.3247278928756714,97571.68423867974,47832.24899731674,2.4708772826770544,0.7279124474849957,1.916469737887382
CH,7.300000000000001,Vd/Vp,0.13209393511411127,0.3190158367156981,95838.68275167793,47721.61110252193,2.4150680077787947,0.7345003484796488,1.9325633311271666
CH,7.3500000000000005,Vd/Vp,0.1327720486621686,0.31330378055572505,94105.68126467618,47609.61355741913,2.3597118799673704,0.7411219980740558,1.9483713215589522
CH,7.4,Vd/Vp,0.1334564590718585,0.3075917243957519,92372.6797776744,47496.21057802071,2.304809572612231,0.7477777107674064,1.963893709182739
CH,7.45,Vd/Vp,0.13414718013185895,0.3018796682357788,90639.67829067266,47381.35624405699,2.250361639648694,0.7544678017474993,1.9791304939985273
CH,7.5,Vd/Vp,0.13484422563762646,0.29616761207580566,88906.67680367088,47265.00448934159,2.196368518379953,0.7611925868917364,1.994081676006317
CH,7.550000000000001,Vd/Vp,0.13554760938784322,0.2904555559158324,87173.67531666909,47147.109100444584,2.142830531852097,0.7679523827673732,2.008747255206108
CH,7.6000000000000005,Vd/Vp,0.13625734514973892,0.28474349975585933,85440.67382966733,47027.62370468036,2.08974789170406,0.7747475066308127,2.0231272315979
CH,7.65,Vd/Vp,0.13697344666019554,0.27903144359588616,83707.67234266557,46906.50177090874,2.0371207003946457,0.781578276426061,2.037221605181694
CH,7.7,Vd/Vp,0.13769592761411564,0.27331938743591305,81974.6708556638,46783.696605991,1.984948953623914,0.7884450107829188,2.0510303759574886
CH,7.75,Vd/Vp,0.1384248016057001,0.26760733127593994,80241.66936866203,46659.16133556053,1.9332325433863604,0.7953480290134142,2.064553543925285
CH,7.800000000000001,Vd/Vp,0.13916008219657272,0.26189527511596666,78508.66788166025,46532.8489281564,1.8819712591576545,0.8022876511084711,2.0777911090850827
CH,7.8500000000000005,Vd/Vp,0.1399017827890585,0.25618321895599355,76775.66639465847,46404.7121536283,1.8311647918187164,0.8092641977331119,2.0907430714368815
CH,7.9,Vd/Vp,0.14064991667818402,0.25047116279602044,75042.66490765671,46274.70360238654,1.7808127349916205,0.8162779902197929,2.103409430980682
CH,7.95,Vd/Vp,0.14140449707913527,0.2447591066360473,73309.66342065495,46142.77569580441,1.7309145868187694,0.8233293505637258,2.1157901877164838
CH,8.0,Vd/Vp,0.14216553694464168,0.2390470504760742,71576.66193365319,46008.88062819177,1.6814697542988744,0.8304186014143202,2.1278853416442867
CH,8.05,Vd/Vp,0.14293304912225901,0.23333499431610097,69843.6604466514,45872.97042080171,1.6324775532950107,0.8375460660659928,2.139694892764091
CH,8.1,Vd/Vp,0.14370704628606126,0.22762293815612794,68110.65895964966,45734.996901505285,1.5839372114226387,0.8447120684512006,2.1512188410758966
CH,8.15,Vd/Vp,0.14448754078979698,0.22191088199615472,66377.65747264787,45594.911660785234,1.5358478716098753,0.8519169331280971,2.162457186579704
CH,8.200000000000001,Vd/Vp,0.14527454486345864,0.2161988258361815,64644.655985646066,45452.66611754379,1.4882085918037706,0.8591609852694286,2.1734099292755125
CH,8.25,Vd/Vp,0.14606807043667283,0.21048676967620844,62911.65449864433,45308.2114659845,1.4410183488215793,0.8664445506519318,2.184077069163322
CH,8.3,Vd/Vp,0.14686812909810368,0.20477471351623522,61178.65301164254,45161.4986671668,1.394276040511496,0.8737679556403013,2.194458606243133
CH,8.35,Vd/Vp,0.14767473230450343,0.19906265735626222,59445.65152464081,45012.478517310126,1.347980485556578,0.8811315271753664,2.204554540514945
CH,8.4,Vd/Vp,0.14848789100010357,0.193350601196289,57712.65003763902,44861.10153457774,1.3021304289125781,0.8885355927579817,2.214364871978759
CH,8.450000000000001,Vd/Vp,0.14930761586536098,0.18763854503631577,55979.64855063723,44707.31804044908,1.2567245411347263,0.8959804804296184,2.2238896006345743
CH,8.5,Vd/Vp,0.15013391733017267,0.18192648887634272,54246.64706363549,44551.07816718712,1.2117614201476687,0.9034665187595066,2.2331287264823905
CH,8.55,Vd/Vp,0.15096680519627165,0.1762144327163695,52513.6455766337,44392.33175017085,1.1672395960640054,0.9109940368226678,2.2420822495222086
CH,8.6,Vd/Vp,0.1518062890349476,0.1705023765563965,50780.64408963197,44231.02845222184,1.123157529508839,0.9185633641784481,2.2507501697540278
CH,8.65,Vd/Vp,0.15265237799265635,0.16479032039642327,49047.64260263016,44067.11771058609,1.0795136149425124,0.9261748308541383,2.2591324871778484
CH,8.700000000000001,Vd/Vp,0.15350508055714399,0.15907826423645005,47314.64111562837,43900.54867575978,1.0363061838675196,0.9338287673178834,2.26722920179367
CH,8.75,Vd/Vp,0.15436440498403134,0.153366208076477,45581.63962862664,43731.27034119532,0.9935335033509985,0.9415255044564127,2.275040313601493
CH,8.8,Vd/Vp,0.15523035885799016,0.14765415191650377,43848.63814162485,43559.23142328346,0.9511937806674959,0.9492653735524633,2.2825658226013177
CH,8.85,Vd/Vp,0.15610294917022244,0.14194209575653077,42115.636654623115,43384.3803919063,0.909285164124286,0.9570487062531685,2.2898057287931435
CH,8.9,Vd/Vp,0.15698218263228708,0.13623003959655755,40382.63516762132,43206.665564790856,0.8678057427425439,0.9648758345482313,2.296760032176971
CH,8.950000000000001,Vd/Vp,0.1578680649933325,0.13051798343658433,38649.63368061952,43026.03492518416,0.8267535517211585,0.9727470907388719,2.3034287327527996
CH,9.0,Vd/Vp,0.15876060156787372,0.12480592727661127,36916.632193617785,42842.43627721479,0.7861265707238703,0.9806628074029019,2.3098118305206294
CH,9.05,Vd/Vp,0.15965979717760104,0.11909387111663805,35183.63070661599,42655.81723618899,0.745922725832862,0.9886233173715389,2.315909325480461
CH,9.1,Vd/Vp,0.16056565557434627,0.11338181495666505,33450.62921961426,42466.12508260306,0.7061398936845881,0.9966289536903373,2.321721217632293
CH,9.15,Vd/Vp,0.1614781801257546,0.10766975879669183,31717.62773261247,42273.30695602749,0.6667758994611017,1.00468004958284,2.327247506976127
CH,9.200000000000001,Vd/Vp,0.1623973734378872,0.1019577026367186,29984.626245610678,42077.30976248779,0.6278285201189833,1.0127769384219312,2.3324881935119626
CH,9.25,Vd/Vp,0.16332323705684315,0.09624564647674555,28251.624758608945,41878.08010819487,0.5892954867362085,1.0209199536842992,2.337443277239799
CH,9.3,Vd/Vp,0.1642557721672108,0.09053359031677233,26518.623271607154,41675.564491008,0.5511744830775871,1.0291094289149008,2.342112758159637
CH,9.35,Vd/Vp,0.16519497877824219,0.08482153415679933,24785.62178460542,41469.709100996224,0.5134631499342591,1.037345697688537,2.346496636271476
CH,9.4,Vd/Vp,0.16614085603765982,0.0791094779968261,23052.620297603615,41260.45991417136,0.4761590850289951,1.0456290935589345,2.3505949115753166
CH,9.450000000000001,Vd/Vp,0.16709340260196998,0.07339742183685288,21319.618810601823,41047.76279504024,0.4392598432607868,1.0539599500249255,2.3544075840711587
CH,9.5,Vd/Vp,0.16805261560315182,0.06768536567687983,19586.61732360009,40831.56325214583,0.4027629408441673,1.0623386004800532,2.357934653759002
CH,9.55,Vd/Vp,0.1690184915481549,0.061973309516906605,17853.6158365983,40611.80667469336,0.3666658538320338,1.070765378158836,2.3611761206388464
CH,9.600000000000001,Vd/Vp,0.16999102611677616,0.05626125335693338,16120.614349596508,40388.438292930216,0.33096602004322534,1.0792406161004593,2.3641319847106925
CH,9.65,Vd/Vp,0.17097021339437246,0.05054919719696038,14387.612862594775,40161.40300902748,0.29566084169503776,1.0877646470882378,2.3668022459745397
CH,9.700000000000001,Vd/Vp,0.17195604688672847,0.044837141036987105,12654.611375592984,39930.64565418131,0.2607476843575172,1.0963378035952656,2.3691869044303884
CH,9.75,Vd/Vp,0.17294851889946314,0.039125084877014105,10921.60988859125,39696.11085396226,0.22622387937162933,1.1049604177399202,2.3712859600782386
CH,9.8,Vd/Vp,0.173947620208187,0.03341302871704088,9188.608401589445,39457.74296962897,0.192086725170778,1.1136328212176114,2.37309941291809
CH,9.850000000000001,Vd/Vp,0.1749533410623374,0.02770097255706766,7455.606914587668,39215.48634370455,0.15833348702496378,1.1223553452493746,2.3746272629499425
CH,9.9,Vd/Vp,0.17596566987969864,0.021988916397094604,5722.605427585921,38969.285017939044,0.12496139964191669,1.1311283205229254,2.3758695101737968
CH,9.950000000000001,Vd/Vp,0.17698459393220892,0.016276860237121382,3989.6039405841148,38719.082907967495,0.09196766721602881,1.1399520771182232,2.376826154589652
CH,10.0,Vd/Vp,0.17801009970399057,0.0105648040771484,2256.6024535824,38464.82389607809,0.05934946441081939,1.148826944459128,2.377497196197509
CH,10.05,Vd/Vp,0.17904217147194615,0.010586996078491173,2261.807631984701,38699.64723317916,0.05913129846143557,1.1577532512385265,2.3780259912013997
CH,10.100000000000001,Vd/Vp,0.18008079267161958,0.010609188079833947,2267.0128103870015,38936.022816479956,0.05891349056409355,1.1667313253421157,2.378555895805358
CH,10.15,Vd/Vp,0.18112594546439015,0.01063138008117672,2272.217988789302,39173.94808398714,0.058696063967637796,1.1757614937955156,2.379086910009383
CH,10.200000000000001,Vd/Vp,0.18217760980916067,0.010653572082519493,2277.423167191603,39413.41999250308,0.0584790419288056,1.1848440826773545,2.3796190338134755
CH,10.25,Vd/Vp,0.18323576483242457,0.010675764083862267,2282.6283455939038,39654.43531339842,0.05826244725545595,1.193979417043394,2.380152267217635
CH,10.3,Vd/Vp,0.1843003879086397,0.01069795608520504,2287.833523996205,39896.99043325869,0.05804630259654238,1.2031678208619208,2.380686610221862
CH,10.350000000000001,Vd/Vp,0.18537145434252925,0.010720148086547815,2293.038702398506,40141.081284510525,0.05783063052814557,1.2124096169182002,2.3812220628261556
CH,10.4,Vd/Vp,0.18644893869637372,0.010742340087890587,2298.2438808008064,40386.703632243756,0.057615453126199624,1.2217051267441725,2.3817586250305167
CH,10.450000000000001,Vd/Vp,0.18753281288320278,0.01076453208923336,2303.449059203107,40633.85266080697,0.057400792553235006,1.231054670533662,2.382296296834945
CH,10.5,Vd/Vp,0.18862304737228486,0.010786724090576134,2308.654237605408,40882.523234213884,0.05718667066854456,1.240458567040049,2.38283507823944
CH,10.55,Vd/Vp,0.18971961144235558,0.010808916091918908,2313.8594160077087,41132.70995056903,0.056973108946109616,1.2499171335104151,2.3833749692440023
CH,10.600000000000001,Vd/Vp,0.190822471365466,0.010831108093261682,2319.0645944100097,41384.406747799236,0.056760129012886455,1.2594306855806108,2.3839159698486316
CH,10.65,Vd/Vp,0.19193159232415652,0.010853300094604456,2324.2697728123103,41637.60731857331,0.05654775205675433,1.268999537172851,2.3844580800533284
CH,10.700000000000001,Vd/Vp,0.19304693765201308,0.010875492095947228,2329.4749512146113,41892.30494513894,0.056335999048850074,1.2786240004222555,2.385001299858092
CH,10.75,Vd/Vp,0.19416846777860536,0.010897684097290002,2334.680129616912,42148.49226968872,0.0561248910390319,1.2883043855580207,2.385545629262923
CH,10.8,Vd/Vp,0.1952961420613743,0.010919876098632776,2339.885308019213,42406.161691174246,0.05591444860800714,1.2980410008040204,2.386091068267821
CH,10.850000000000001,Vd/Vp,0.19642991731089768,0.01094206809997555,2345.0904864215136,42665.30504463464,0.05570469228807489,1.3078341522883274,2.3866376168727865
CH,10.9,Vd/Vp,0.19756974775469413,0.010964260101318322,2350.295664823814,42925.91359249226,0.05549564255622642,1.3176841439149671,2.387185275077819
CH,10.950000000000001,Vd/Vp,0.198715586572097,0.010986452102661096,2355.500843226115,43187.97835728349,0.0552873193903944,1.327591277273137,2.3877340428829186
CH,11.0,Vd/Vp,0.19986738332462134,0.01100864410400387,2360.706021628416,43451.48956267068,0.055079742981994265,1.3375558515205548,2.3882839202880852
CH,11.05,Vd/Vp,0.20102508582626366,0.011030836105346643,2365.911200030717,43716.43703897837,0.054872933196407465,1.347578163249327,2.388834907293319
CH,11.100000000000001,Vd/Vp,0.20218864017682225,0.011053028106689417,2371.1163784330174,43982.81022986524,0.05466690956041393,1.3576585063994044,2.38938700389862
CH,11.15,Vd/Vp,0.20335798857893864,0.011075220108032191,2376.3215568353185,44250.597716747914,0.05446169184414931,1.3677971721182982,2.3899402101039877
CH,11.200000000000001,Vd/Vp,0.20453307186228975,0.011097412109374965,2381.526735237619,44519.78776694512,0.05425729936157587,1.377994448629329,2.390494525909423
CH,11.25,Vd/Vp,0.20571382830508786,0.011119604110717737,2386.73191363992,44790.368076628234,0.0540537512831981,1.3882506211335133,2.3910499513149253
CH,11.3,Vd/Vp,0.2069001924912732,0.01114179611206051,2391.9370920422207,45062.32552107928,0.053851066922185,1.3985659716534224,2.391606486320495
CH,11.350000000000001,Vd/Vp,0.20809209775967863,0.011163988113403285,2397.1422704445217,45335.64668705568,0.05364926507827486,1.4089407789096964,2.3921641309261314
CH,11.4,Vd/Vp,0.20928947395304592,0.011186180114746057,2402.3474488468223,45610.31738182419,0.053448364618928115,1.4193753182025142,2.392722885131835
CH,11.450000000000001,Vd/Vp,0.21049224752831075,0.01120837211608883,2407.5526272491234,45886.322656049335,0.053248384430791586,1.4298698612395482,2.393282748937606
CH,11.5,Vd/Vp,0.21170034370975285,0.011230564117431605,2412.757805651424,46163.64727219537,0.05304934286185678,1.4404246760204995,2.3938437223434437
CH,11.55,Vd/Vp,0.2129136835538603,0.011252756118774378,2417.9629840537245,46442.27506388658,0.05285125845811499,1.45104002670209,2.394405805349349
CH,11.600000000000001,Vd/Vp,0.21413218485261432,0.011274948120117152,2423.1681624560256,46722.18913162324,0.05265414971540883,1.461716173412252,2.394968997955321
CH,11.65,Vd/Vp,0.21535576408549667,0.011297140121459926,2428.373340858326,47003.37226774841,0.05245803458956844,1.4724533721357045,2.3955333001613606
CH,11.700000000000001,Vd/Vp,0.21658433303184424,0.0113193321228027,2433.578519260627,47285.80621640678,0.05226293132263831,1.483251874563638,2.396098711967467
CH,11.75,Vd/Vp,0.21781780030079792,0.011341524124145472,2438.783697662928,47569.47200612169,0.05206885804779622,1.494111927896954,2.396665233373641
CH,11.8,Vd/Vp,0.2190560730769815,0.011363716125488246,2443.988876065229,47854.35033010534,0.05187583236505279,1.5050337747313987,2.3972328643798817
CH,11.850000000000001,Vd/Vp,0.2202990533348266,0.01138590812683102,2449.1940544675294,48140.420718531765,0.0516838722385515,1.516017652891694,2.39780160498619
CH,11.9,Vd/Vp,0.22154663998254023,0.011408100128173792,2454.3992328698305,48427.66200546596,0.05149299546620453,1.527063795224628,2.398371455192565
CH,11.950000000000001,Vd/Vp,0.22279873035872894,0.011430292129516566,2459.604411272131,48716.05265509695,0.05130321932765333,1.5381724294831598,2.398942414999007
CH,12.0,Vd/Vp,0.224055216112141,0.01145248413085934,2464.8095896744317,49005.569860033356,0.05111456153347174,1.5493437781449313,2.3995144844055165
CH,12.05,Vd/Vp,0.2253159859365816,0.011474676132202113,2470.0147680767327,49296.19013779028,0.05092703957291262,1.5605780581961495,2.400087663412093
CH,12.100000000000001,Vd/Vp,0.22658092677822206,0.011496868133544887,2475.2199464790338,49587.88959403785,0.050740670439564615,1.5718754810140196,2.4006619520187367
CH,12.15,Vd/Vp,0.22784991945224925,0.011519060134887661,2480.4251248813343,49880.64296242661,0.05055547161297866,1.5832362521697811,2.4012373502254474
CH,12.200000000000001,Vd/Vp,0.22912284193488186,0.011541252136230435,2485.630303283635,50174.42432346695,0.05037146029949528,1.5946605712044595,2.4018138580322255
CH,12.25,Vd/Vp,0.23039957024501548,0.011563444137573207,2490.835481685936,50469.20729671775,0.05018865323957076,1.6061486315089566,2.4023914754390705
CH,12.3,Vd/Vp,0.23167997387606584,0.011585636138915981,2496.0406600882366,50764.96403918108,0.050007067702422844,1.6177006201119837,2.402970202445983
CH,12.350000000000001,Vd/Vp,0.2329639196003191,0.011607828140258755,2501.2458384905376,51061.666076997724,0.0498267206362837,1.6293167174488934,2.4035500390529623
CH,12.4,Vd/Vp,0.23425127199402682,0.011630020141601527,2506.451016892838,51359.28441967603,0.04964762855972061,1.6409970972387518,2.4041309852600086
CH,12.450000000000001,Vd/Vp,0.23554188876795162,0.0116522121429443,2511.6561952951392,51657.788535287786,0.04946980855037504,1.6527419262578014,2.4047130410671222
CH,12.5,Vd/Vp,0.23683562502845712,0.011674404144287075,2516.86137369744,51957.14728300433,0.04929327732212724,1.6645513641027114,2.405296206474303
CH,12.55,Vd/Vp,0.23813233342226284,0.011696596145629849,2522.066552099741,52257.32894400347,0.049118051200922476,1.6764255630639795,2.405880481481551
CH,12.600000000000001,Vd/Vp,0.23943185945250806,0.011718788146972622,2527.2717305020415,52558.3001924754,0.048944147089569234,1.688364667885849,2.406465866088866
CH,12.65,Vd/Vp,0.24073404613054042,0.011740980148315396,2532.476908904342,52860.02711469937,0.04877158149017582,1.700368815525425,2.407052360296248
CH,12.700000000000001,Vd/Vp,0.24203873372529405,0.01176317214965817,2537.682087306643,53162.475153174084,0.04860037056303964,1.7124381350218212,2.4076399641036974
CH,12.75,Vd/Vp,0.24334575515275306,0.011785364151000942,2542.8872657089437,53465.60809273007,0.048430531050780115,1.7245727472437722,2.408228677511214
CH,12.8,Vd/Vp,0.24465494094266638,0.011807556152343716,2548.0924441112447,53769.38914967122,0.04826207926497898,1.736772764646158,2.4088185005187976
CH,12.850000000000001,Vd/Vp,0.2459661185878747,0.01182974815368649,2553.2976225135453,54073.78082794222,0.04809503122463655,1.7490382911344216,2.4094094331264486
CH,12.9,Vd/Vp,0.2472791080935869,0.011851940155029262,2558.5028009158464,54378.74393937551,0.04792940352463459,1.7613694218014577,2.4100014753341665
CH,12.950000000000001,Vd/Vp,0.24859372717459804,0.011874132156372036,2563.707979318147,54684.238744476184,0.047765212305748664,1.7737662426831626,2.4105946271419514
CH,13.0,Vd/Vp,0.24990979021174062,0.01189632415771481,2568.913157720448,54990.224722043684,0.047602473467067585,1.786228830617821,2.4111888885498036
CH,13.05,Vd/Vp,0.2512271040431369,0.011918516159057584,2574.1183361227486,55296.65964170046,0.04744120346589322,1.798757252974193,2.411784259557723
CH,13.100000000000001,Vd/Vp,0.25254547330033394,0.011940708160400357,2579.3235145250496,55603.50073627283,0.0472814182901633,1.81135156740778,2.4123807401657094
CH,13.15,Vd/Vp,0.2538646989921602,0.011962900161743131,2584.52869292735,55910.70438917432,0.0471231337371273,1.824011821715092,2.412978330373763
CH,13.200000000000001,Vd/Vp,0.2551845746129184,0.011985092163085905,2589.7338713296513,56218.22527582944,0.04696636613426075,1.8367380535552191,2.4135770301818837
CH,13.25,Vd/Vp,0.25650489152060757,0.012007284164428677,2594.939049731952,56526.01754639459,0.04681113133261248,1.849530290208557,2.4141768395900716
CH,13.3,Vd/Vp,0.25782543718247497,0.012029476165771451,2600.1442281342524,56834.03443830977,0.04665744504200195,1.8623885484261344,2.4147777585983268
CH,13.350000000000001,Vd/Vp,0.2591459916649099,0.012051668167114225,2605.3494065365535,57142.22750102957,0.04650532346530637,1.8753128341473193,2.415379787206649
CH,13.4,Vd/Vp,0.26046633295403543,0.012073860168456997,2610.554584938854,57450.547767134565,0.04635478233030476,1.8883031422627927,2.415982925415038
CH,13.450000000000001,Vd/Vp,0.26178623491167685,0.012096052169799771,2615.759763341155,57758.94530066234,0.04620583726978929,1.9013594564594358,2.4165871732234945
CH,13.5,Vd/Vp,0.26310546419858116,0.012118244171142545,2620.9649417434557,58067.3685167017,0.04605850436460793,1.914481748937192,2.417192530632018
CH,13.55,Vd/Vp,0.2644237854375688,0.012140436172485319,2626.1701201457568,58375.76531886561,0.0459127992302028,1.9276699801780959,2.4177989976406087
CH,13.600000000000001,Vd/Vp,0.2657409589428554,0.012162628173828093,2631.3752985480573,58684.082597180735,0.04576873742840497,1.9409240987876066,2.4184065742492664
CH,13.65,Vd/Vp,0.2670567381124041,0.012184820175170866,2636.5804769503584,58992.26565064252,0.045626334917796676,1.9542440412139879,2.4190152604579915
CH,13.700000000000001,Vd/Vp,0.26837087433693935,0.01220701217651364,2641.785655352659,59300.25926964848,0.04548560720932686,1.9676297315252216,2.4196250562667836
CH,13.75,Vd/Vp,0.26968311457876437,0.012229204177856412,2646.9908337549596,59608.007200182634,0.045346569795287346,1.9810810812481139,2.420235961675643
CH,13.8,Vd/Vp,0.27099319925100246,0.012251396179199186,2652.1960121572606,59915.45167346407,0.045209238508792084,1.9945979890938583,2.4208479766845694
CH,13.850000000000001,Vd/Vp,0.27230086678244614,0.01227358818054196,2657.4011905595617,60222.53441335674,0.04507362876060142,2.0081803407446945,2.4214611012935627
CH,13.9,Vd/Vp,0.273605851133258,0.012295780181884732,2662.6063689618622,60529.1960861192,0.04493975596997064,2.021828008692587,2.4220753355026234
CH,13.950000000000001,Vd/Vp,0.2749078801592475,0.012317972183227506,2667.811547364163,60835.37593695542,0.04480763583820152,2.0355408519748996,2.422690679311751
CH,14.0,Vd/Vp,0.276206679753038,0.01234016418457028,2673.016725766464,61141.01270468866,0.044677283676136555,2.0493187159727064,2.423307132720946
CH,14.05,Vd/Vp,0.2775019713922097,0.012362356185913054,2678.2219041687645,61446.04407821,0.044548714821346674,2.063161432251338,2.423924695730208
CH,14.100000000000001,Vd/Vp,0.27879347096652707,0.012384548187255828,2683.4270825710655,61750.406435262754,0.04442194483364627,2.0770688183103063,2.4245433683395374
CH,14.15,Vd/Vp,0.28008089243040285,0.012406740188598601,2688.632260973366,62054.03564983049,0.04429698891966201,2.0910406773952293,2.4251631505489337
CH,14.200000000000001,Vd/Vp,0.28136394548290977,0.012428932189941375,2693.837439375667,62356.86657733463,0.044173862321305546,2.1050767983430623,2.4257840423583974
CH,14.25,Vd/Vp,0.282642334761289,0.012451124191284147,2699.0426177779677,62658.83287444024,0.044052580452252424,2.119176955349167,2.426406043767928
CH,14.3,Vd/Vp,0.283915763232759,0.012473316192626921,2704.247796180269,62959.867749538505,0.043933158379801135,2.133340907799018,2.427029154777526
CH,14.350000000000001,Vd/Vp,0.28518392955489563,0.012495508193969695,2709.4529745825694,63259.903376671726,0.04381561125646952,2.14756840011871,2.427653375387191
CH,14.4,Vd/Vp,0.2864465281309303,0.012517700195312467,2714.65815298487,63558.87090638176,0.043699954323031,2.161859161560855,2.428278705596923
CH,14.450000000000001,Vd/Vp,0.2877032519065988,0.012539892196655241,2719.863331387171,63856.701085076755,0.04358620249703067,2.1762129060617936,2.428905145406722
CH,14.5,Vd/Vp,0.28895378965467466,0.012562084197998015,2725.0685097894716,64153.32365166439,0.04347437080860167,2.190629332100825,2.4295326948165883
CH,14.55,Vd/Vp,0.2901978266938831,0.012584276199340789,2730.2736881917726,64448.66749583563,0.043364474306058075,2.205108122509539,2.430161353826522
CH,14.600000000000001,Vd/Vp,0.2914350470524972,0.012606468200683563,2735.4788665940737,64742.66113757112,0.043256527751834584,2.2196489443531986,2.4307911224365224
CH,14.65,Vd/Vp,0.2926651310710086,0.012628660202026337,2740.6840449963743,65035.23219398769,0.04315054600393197,2.234251448806286,2.4314220006465903
CH,14.700000000000001,Vd/Vp,0.29388775632835773,0.01265085220336911,2745.889223398675,65326.30758400732,0.04304654389628415,2.24891527099127,2.432053988456725
CH,14.75,Vd/Vp,0.2951025993271077,0.012673044204711882,2751.094401800976,65615.81390214335,0.04294453601428429,2.2636400298826564,2.4326870858669274
CH,14.8,Vd/Vp,0.2963093335426201,0.012695236206054656,2756.2995802032765,65903.67698425261,0.04284453700554328,2.2784253282044,2.4333212928771966
CH,14.850000000000001,Vd/Vp,0.2975076304169781,0.01271742820739743,2761.5047586055775,66189.82212766603,0.042746561456501304,2.2932707523033904,2.4339566094875327
CH,14.9,Vd/Vp,0.2986971605555033,0.012739620208740202,2766.709937007878,66474.17435679937,0.042650623745627975,2.308175872077702,2.434593035697936
CH,14.950000000000001,Vd/Vp,0.29987759235723427,0.012761812210082976,2771.915115410179,66756.65811800375,0.04255673826699346,2.3231402409005204,2.4352305715084066
CH,15.0,Vd/Vp,0.30104859295198244,0.01278400421142575,2777.1202938124798,67037.19748750076,0.04246491932106393,2.3381633955332504,2.4358692169189444
CH,15.05,Vd/Vp,0.30220982890099696,0.012832335631052622,2788.006062036888,67325.44960181187,0.042461675312540734,2.353244856079575,2.4365096254150065
CH,15.100000000000001,Vd/Vp,0.3033609655425663,0.012880667050679495,2798.891830261296,67611.6788367652,0.04245986963959651,2.3683841259406644,2.4371524504820496
CH,15.15,Vd/Vp,0.30450166773741116,0.012928998470306366,2809.777598485704,67895.80749069755,0.042459532541725735,2.3835806917726634,2.4377976921200744
CH,15.200000000000001,Vd/Vp,0.3056316000774356,0.012977329889933237,2820.663366710112,68177.75767037197,0.042460694138450564,2.398834023468035,2.43844535032908
CH,15.25,Vd/Vp,0.3067504270754011,0.013025661309560108,2831.5491349345198,68457.4513331753,0.04246338443192557,2.4141435741468555,2.4390954251090675
CH,15.3,Vd/Vp,0.30785781357641423,0.013073992729186981,2842.434903158928,68734.81037895146,0.04246763327948423,2.429508780163151,2.4397479164600364
CH,15.350000000000001,Vd/Vp,0.30895342449076313,0.013122324148813853,2853.320671383336,69009.75659048921,0.04247347046061364,2.4449290611148307,2.4404028243819864
CH,15.4,Vd/Vp,0.3100369259474951,0.013170655568440723,2864.206439607744,69282.2118913377,0.04248092554843348,2.4604038198757867,2.441060148874918
CH,15.450000000000001,Vd/Vp,0.3111079852257619,0.013218986988067597,2875.092207832152,69552.09833105606,0.04249002795114683,2.475932442655118,2.4417198899388306
CH,15.5,Vd/Vp,0.31216627004037184,0.013267318407694467,2885.97797605656,69819.33792598406,0.042500807040999754,2.4915142990367714,2.442382047573725
CH,15.55,Vd/Vp,0.3132114507655478,0.013315649827321339,2896.863744280968,70083.85315704157,0.04251329188244996,2.5071487420569194,2.4430466217796
CH,15.600000000000001,Vd/Vp,0.31424319973992765,0.01336398124694821,2907.749512505376,70345.5668154535,0.04252751136065455,2.5228351083195566,2.443713612556457
CH,15.65,Vd/Vp,0.3152611901462631,0.013412312666575082,2918.635280729784,70604.4017528166,0.04254349436526754,2.538572718066711,2.444383019904295
CH,15.700000000000001,Vd/Vp,0.3162650993935881,0.013460644086201954,2929.521048954192,70860.28163930048,0.04256126936551524,2.5543608753052074,2.4450548438231143
CH,15.75,Vd/Vp,0.3172546076542653,0.013508975505828824,2940.4068171786,71113.1306377985,0.04258086464279349,2.570198867981403,2.445729084312915
CH,15.8,Vd/Vp,0.31822939639172715,0.013557306925455698,2951.292585403008,71362.87307513077,0.04260230852076034,2.5860859680825534,2.446405741373697
CH,15.850000000000001,Vd/Vp,0.3191891529669145,0.01360563834508257,2962.178353627416,71609.43447612274,0.04262562878035163,2.6020214318165196,2.4470848150054607
CH,15.9,Vd/Vp,0.32013356827527967,0.01365396976470944,2973.064121851824,71852.74103613471,0.04265085301197945,2.618004499847574,2.4477663052082055
CH,15.950000000000001,Vd/Vp,0.3210623349880669,0.013702301184336312,2983.949890076232,72092.71922788641,0.04267800888212438,2.634034397429158,2.448450211981932
CH,16.0,Vd/Vp,0.32197515342254596,0.013750632603963184,2994.83565830064,72329.29712103243,0.042707123384509924,2.6501103346394226,2.449136535326639
CH,16.05,Vd/Vp,0.32287172791907304,0.013798964023590056,3005.721426525048,72562.40357169378,0.04273822335738461,2.6662315066729634,2.449825275242328
CH,16.1,Vd/Vp,0.3237517660409326,0.013847295443216927,3016.607194749456,72791.96804452609,0.04277133562096519,2.682397094021964,2.4505164317289982
CH,16.150000000000002,Vd/Vp,0.32461498378852266,0.013895626862843801,3027.4929629738645,73017.92178716483,0.042806486320102845,2.6986062627677003,2.45121000478665
CH,16.2,Vd/Vp,0.3254611012214565,0.01394395828247067,3038.3787311982715,73240.19684918578,0.04284370153649377,2.714858164892949,2.4519059944152826
CH,16.25,Vd/Vp,0.3262898447186666,0.013992289702097541,3049.26449942268,73458.72659292236,0.04288300702144734,2.731151938541452,2.452604400614897
CH,16.3,Vd/Vp,0.32710094871093975,0.014040621121724413,3060.150267647088,73673.44608678909,0.042924428000152816,2.7474867083771928,2.453305223385492
CH,16.35,Vd/Vp,0.32789415164062957,0.014088952541351287,3071.036035871496,73884.29119883725,0.04296798973344518,2.7638615858859823,2.454008462727069
CH,16.400000000000002,Vd/Vp,0.32866920258135635,0.014137283960978159,3081.9218040959045,74091.200090989,0.04301371667909384,2.780275669741532,2.4547141186396275
CH,16.45,Vd/Vp,0.3294258556094103,0.014185615380605027,3092.807572320312,74294.11195486067,0.04306163325997234,2.7967280461963004,2.455422191123167
CH,16.5,Vd/Vp,0.3301638733000548,0.014233946800231899,3103.69334054472,74492.9678030692,0.04311176343420228,2.813217789419037,2.456132680177688
CH,16.55,Vd/Vp,0.3308830276247702,0.014282278219858772,3114.5791087691277,74687.71067593207,0.04316413060646689,2.829743961942158,2.4568455858031903
CH,16.6,Vd/Vp,0.33158309597192553,0.014330609639485644,3125.464876993536,74878.28474746543,0.04321875817426769,2.8463056150320756,2.457560907999674
CH,16.650000000000002,Vd/Vp,0.33226386848234546,0.014378941059112516,3136.3506452179445,75064.63698528516,0.04327566859673918,2.8629017891434327,2.458278646767139
CH,16.7,Vd/Vp,0.33292514112918037,0.014427272478739386,3147.2364134423515,75246.71559280033,0.04333488432206257,2.87953151438372,2.4589988021055853
CH,16.75,Vd/Vp,0.33356672045661606,0.014475603898366258,3158.12218166676,75424.47108356982,0.043396427193188675,2.896193810923365,2.459721374015013
CH,16.8,Vd/Vp,0.334188423368366,0.01452393531799313,3169.007949891168,75597.85623864553,0.043460318498177976,2.91288768951899,2.460446362495422
CH,16.85,Vd/Vp,0.33479007374882386,0.014572266737620004,3179.893718115576,75766.82534698574,0.043526579430645966,2.92961215194692,2.461173767546812
CH,16.900000000000002,Vd/Vp,0.3353715099761132,0.014620598157246876,3190.7794863399845,75931.33590990843,0.04359523013236344,2.9463661915400436,2.4619035891691836
CH,16.95,Vd/Vp,0.3359325763972498,0.014668929576873744,3201.665254564392,76091.34671726366,0.043666290819998704,2.963148793699377,2.4626358273625364
CH,17.0,Vd/Vp,0.3364731307773037,0.014717260996500616,3212.5510227888,76246.81953838815,0.043739780833320994,2.9799589363787407,2.4633704821268707
CH,17.05,Vd/Vp,0.3369930410857734,0.01476559241612749,3223.4367910132078,76397.71840014952,0.043815719068125404,2.9967955906753176,2.4641075534621866
CH,17.1,Vd/Vp,0.3374921840612959,0.014813923835754361,3234.322559237616,76544.00926642823,0.04389412417641006,3.0136577213039946,2.4648470413684835
CH,17.150000000000002,Vd/Vp,0.3379704519770043,0.014862255255381233,3245.2083274620245,76685.66157748515,0.04397501369851252,3.030544287204952,2.465588945845762
CH,17.2,Vd/Vp,0.33842774326824787,0.014910586675008101,3256.0940956864315,76822.64613009189,0.04405840529211439,3.0474542420860824,2.4663332668940217
CH,17.25,Vd/Vp,0.3388639720897757,0.014958918094634975,3266.97986391084,76954.93725096193,0.04414431549740522,3.0643865349700334,2.467080004513263
CH,17.3,Vd/Vp,0.3392790623063215,0.015007249514261847,3277.8656321352482,77082.5114391576,0.04423276052535303,3.0813401108299363,2.467829158703485
CH,17.35,Vd/Vp,0.33967294821299726,0.015055580933888719,3288.751400359656,77205.34753459708,0.04432375616926633,3.0983139110929194,2.468580729464689
CH,17.400000000000002,Vd/Vp,0.34004557982946965,0.015103912353515592,3299.637168584064,77323.42792702426,0.044417317116987945,3.115306874293981,2.4693347167968738
CH,17.45,Vd/Vp,0.3403969139541019,0.01515224377314246,3310.522936808472,77436.73652863846,0.044513458119028494,3.1323179366385694,2.47009112070004
CH,17.5,Vd/Vp,0.3407269241333577,0.015200575192769333,3321.40870503288,77545.26104633573,0.04461219268607007,3.1493460325907563,2.470849941174188
CH,17.55,Vd/Vp,0.3410355928676079,0.015248906612396206,3332.294473257288,77648.99121530207,0.04471353410409548,3.166390095515781,2.4716111782193173
CH,17.6,Vd/Vp,0.34132291559829586,0.015297238032023078,3343.180241481696,77747.91971162158,0.04481749490862328,3.1834490582274286,2.472374831835428
CH,17.650000000000002,Vd/Vp,0.3415889008701514,0.01534556945164995,3354.0660097061045,77842.04219559432,0.044924086855747336,3.20052185363914,2.4731409020225197
CH,17.7,Vd/Vp,0.3418335665273249,0.015393900871276818,3364.9517779305115,77931.35645096163,0.0450333214132916,3.217607415324076,2.473909388780593
CH,17.75,Vd/Vp,0.34205694666259107,0.015442232290903692,3375.83754615492,78015.86397443539,0.04514520883604825,3.2347046781538245,2.4746802921096474
CH,17.8,Vd/Vp,0.3422590824953449,0.015490563710530564,3386.7233143793283,78095.56790224477,0.045259759354205745,3.251812578882773,2.4754536120096833
CH,17.85,Vd/Vp,0.3424400317031105,0.015538895130157436,3397.609082603736,78170.47514378396,0.04537698192841363,3.2689300567377346,2.4762293484807003
CH,17.900000000000002,Vd/Vp,0.34259986087835703,0.015587226549784308,3408.494850828144,78240.59466703075,0.04549688522879664,3.2860560540522714,2.477007501522699
CH,17.95,Vd/Vp,0.3427386492499031,0.015635557969411178,3419.380619052552,78305.93835315648,0.04561947712529709,3.303189516805477,2.4777880711356786
CH,18.0,Vd/Vp,0.34285648871919283,0.01568388938903805,3430.26638727696,78366.52101102065,0.04574476466123851,3.3203293952547046,2.47857105731964
CH,18.05,Vd/Vp,0.3429534800751495,0.01573222080866492,3441.152155501368,78422.35951785097,0.04587275453573939,3.3374746444745633,2.4793564600745825
CH,18.1,Vd/Vp,0.3430297394640515,0.015780552228291795,3452.037923725776,78473.47430369246,0.04600345221655497,3.3546242249630436,2.4801442794005064
CH,18.150000000000002,Vd/Vp,0.3430853897179781,0.015828883647918665,3462.9236919501845,78519.88737433942,0.04613686307344732,3.3717771031925947,2.480934515297412
CH,18.2,Vd/Vp,0.34312056885967784,0.015877215067545535,3473.8094601745915,78561.62426191039,0.0462729912121318,3.3889322521570353,2.4817271677652983
CH,18.25,Vd/Vp,0.3431354230738523,0.01592554648717241,3484.695228399,78598.71242230476,0.046411840387999774,3.4060886519553737,2.4825222368041664
CH,18.3,Vd/Vp,0.3431301099577698,0.01597387790679928,3495.5809966234083,78631.18198411491,0.04655341353973639,3.4232452902811645,2.4833197224140156
CH,18.35,Vd/Vp,0.34310479884048706,0.016022209326426153,3506.466764847816,78659.06582741218,0.046697712712188096,3.440401163001121,2.4841196245948463
CH,18.400000000000002,Vd/Vp,0.3430596650433963,0.016070540746053026,3517.352533072224,78682.39827313418,0.04684473980355615,3.4575552745982185,2.484921943346658
CH,18.45,Vd/Vp,0.3429949001383183,0.016118872165679893,3528.238301296632,78701.21743977681,0.04699449513441656,3.4747066387277603,2.4857266786694514
CH,18.5,Vd/Vp,0.3429107008330522,0.016167203585306766,3539.12406952104,78715.56270003569,0.04714697892492381,3.491854278752045,2.4865338305632263
CH,18.55,Vd/Vp,0.3428072724904124,0.01621553500493364,3550.009837745448,78725.47549147203,0.04730219078239408,3.508997228085132,2.4873433990279823
CH,18.6,Vd/Vp,0.3426848343981531,0.01626386642456051,3560.895605969856,78731.00053151319,0.0474601289348688,3.5261345307573464,2.48815538406372
CH,18.650000000000002,Vd/Vp,0.3425436101344147,0.016312197844187384,3571.7813741942646,78732.18360982728,0.047620791518447676,3.5432652418706607,2.4889697856704385
CH,18.7,Vd/Vp,0.34238383237410136,0.016360529263814254,3582.6671424186716,78729.07269562625,0.047784175877610156,3.560388427933373,2.4897866038481387
CH,18.75,Vd/Vp,0.34220574510765545,0.016408860683441124,3593.55291064308,78721.7184525428,0.04795027821136964,3.577503167370417,2.49060583859682
CH,18.8,Vd/Vp,0.3420095961502185,0.016457192103067998,3604.4386788674883,78710.17252024123,0.04811909457604698,3.594608550901864,2.4914274899164828
CH,18.85,Vd/Vp,0.3417956426219852,0.016505523522694868,3615.324447091896,78694.48877808305,0.04829062007952348,3.6117036818711696,2.4922515578071267
CH,18.900000000000002,Vd/Vp,0.34156415026858866,0.01655385494232174,3626.210215316304,78674.72319315422,0.048464848928977566,3.628787676693434,2.493078042268752
CH,18.95,Vd/Vp,0.34131538795352045,0.01660218636194861,3637.095983540712,78650.93255536146,0.04864177516722293,3.645859665148986,2.4939069433013588
CH,19.0,Vd/Vp,0.3410496343352942,0.01665051778157548,3647.98175176512,78623.17601826874,0.04882139168402084,3.6629187907062066,2.494738260904947
CH,19.05,Vd/Vp,0.3407671735547307,0.016698849201202355,3658.867519989528,78591.51410925915,0.0490036907810322,3.6799642109034574,2.4955719950795165
CH,19.1,Vd/Vp,0.34046829301359555,0.01674718062082923,3669.7532882139362,78556.00821969267,0.04918866444976267,3.6969950975676658,2.4964081458250673
CH,19.150000000000002,Vd/Vp,0.3401532889066286,0.0167955120404561,3680.6390564383446,78516.72188345125,0.049376303531983294,3.714010637115672,2.4972467131415996
CH,19.200000000000003,Vd/Vp,0.33982246080849815,0.016843843460082972,3691.5248246627525,78473.71953124386,0.04956659845264044,3.7310100308585503,2.498087697029113
CH,19.25,Vd/Vp,0.3394761116973635,0.016892174879709843,3702.41059288716,78427.06649770921,0.04975953917714509,3.747992495171196,2.498931097487608
CH,19.3,Vd/Vp,0.33911455152413633,0.016940506299336713,3713.2963611115683,78376.8298480212,0.04995511464547395,3.764957261751734,2.499776914517084
CH,19.35,Vd/Vp,0.3387380923212473,0.016988837718963586,3724.1821293359762,78323.0772503598,0.050153313442091334,3.781903577847869,2.5006251481175417
CH,19.400000000000002,Vd/Vp,0.3383470493866386,0.017037169138590456,3735.067897560384,78265.8772508121,0.05035412358250421,3.798830706390566,2.5014757982889804
CH,19.450000000000003,Vd/Vp,0.33794174289764095,0.01708550055821733,3745.9536657847925,78205.29964845294,0.050557532229430296,3.8157379261976736,2.5023288650314006
CH,19.5,Vd/Vp,0.33752249436239457,0.0171338319778442,3756.8394340092,78141.41467619197,0.050763526176859114,3.8326245321291736,2.503184348344802
CH,19.55,Vd/Vp,0.3370896280106257,0.01718216339747107,3767.725202233608,78074.29332354861,0.050972091603273706,3.8494898351884994,2.504042248229185
CH,19.6,Vd/Vp,0.3366434709786623,0.017230494817097944,3778.6109704580163,78004.0073808582,0.05118321400087416,3.866333162663232,2.5049025646845493
CH,19.650000000000002,Vd/Vp,0.33618435127223245,0.017278826236724817,3789.4967386824246,77930.62896845661,0.05139687844284257,3.8831538582195044,2.505765297710895
CH,19.700000000000003,Vd/Vp,0.33571259869228626,0.017327157656351688,3800.3825069068325,77854.23075181208,0.05161306940474324,3.8999512819686175,2.506630447308222
CH,19.75,Vd/Vp,0.3352285443346673,0.017375489075978558,3811.26827513124,77774.88582632727,0.051831770801212436,3.9167248105442902,2.50749801347653
CH,19.8,Vd/Vp,0.33473251972218715,0.01742382049560543,3822.1540433556484,77692.66751652627,0.052052966081892534,3.9334738371457116,2.50836799621582
CH,19.85,Vd/Vp,0.3342248570578359,0.0174721519152323,3833.0398115800563,77607.64943506006,0.052276638156236344,3.9501977715652123,2.5092403955260907
CH,19.900000000000002,Vd/Vp,0.3337058885676504,0.017520483334859175,3843.925579804464,77519.90533038873,0.05250276945984231,3.9668960402058495,2.510115211407343
CH,19.950000000000003,Vd/Vp,0.3331759465700448,0.017568814754486045,3854.8113480288725,77429.509102905,0.05273134190913896,3.983568086084292,2.5109924438595765
CH,20.0,Vd/Vp,0.33263536257095994,0.017617146174112915,3865.69711625328,77336.53459460505,0.05296233701055976,4.000213368812816,2.5118720928827916
CH,20.05,Vd/Vp,0.33208446742193753,0.01766547759373979,3876.582884477688,77241.05562545695,0.05319573580445276,4.016831364562639,2.5127541584769877
CH,20.1,Vd/Vp,0.33152359153051353,0.01771380901336666,3887.4686527020963,77143.14604203642,0.053431518799579227,4.03342156603645,2.5136386406421654
CH,20.150000000000002,Vd/Vp,0.33095306303798266,0.017762140432993533,3898.3544209265046,77042.87929310888,0.05366966623588861,4.049983482400663,2.5145255393783246
CH,20.200000000000003,Vd/Vp,0.3303732091594433,0.017810471852620406,3909.2401891509126,76940.32874059904,0.05391015784220201,4.066516639205599,2.515414854685465
CH,20.25,Vd/Vp,0.32978435562834735,0.017858803272247273,3920.12595737532,76835.56752972331,0.05415297289715395,4.083020578325293,2.5163065865635867
CH,20.3,Vd/Vp,0.3291868251658911,0.017907134691874146,3931.0117255997284,76728.66823149979,0.05439809045471364,4.099494857845149,2.5172007350126897
CH,20.35,Vd/Vp,0.32858093921146125,0.01795546611150102,3941.8974938241363,76619.70324478135,0.054645489037164194,4.115939051954583,2.518097300032774
CH,20.400000000000002,Vd/Vp,0.3279670163012012,0.01800379753112789,3952.783262048544,76508.7444173754,0.05489514687840867,4.1323527508424,2.51899628162384
CH,20.450000000000003,Vd/Vp,0.3273453719361705,0.018052128950754764,3963.6690302729526,76395.8630138499,0.05514704192694305,4.148735560548334,2.519897679785887
CH,20.5,Vd/Vp,0.32671631997257794,0.018100460370381634,3974.55479849736,76281.13003863243,0.05540115159200143,4.165087102846052,2.520801494518915
CH,20.55,Vd/Vp,0.3260801694988124,0.018148791790008504,3985.440566721768,76164.61550575127,0.05565745325115394,4.181407015082837,2.521707725822925
CH,20.6,Vd/Vp,0.3254372275765473,0.018197123209635378,3996.3263349461763,76046.38907702109,0.05591592377167472,4.197694950009722,2.522616373697916
CH,20.650000000000002,Vd/Vp,0.3247877978335836,0.018245454629262248,4007.2121031705847,75926.51973209332,0.0561765397313693,4.213950575644975,2.5235274381438884
CH,20.700000000000003,Vd/Vp,0.3241321791829879,0.01829378604888912,4018.0978713949926,75805.07546721426,0.056439277627419446,4.230173575070389,2.5244409191608423
CH,20.75,Vd/Vp,0.323470668728586,0.01834211746851599,4028.9836396194,75682.12397270626,0.05670411336091274,4.246363646268177,2.5253568167487774
CH,20.8,Vd/Vp,0.32280355784393694,0.01839044888814286,4039.8694078438084,75557.73171429598,0.0569710229062405,4.2625205019324905,2.526275130907694
CH,20.85,Vd/Vp,0.3221311347827449,0.018438780307769735,4050.7551760682163,75431.96454156976,0.057239981848402864,4.278643869248158,2.527195861637592
CH,20.900000000000002,Vd/Vp,0.3214536844650915,0.01848711172739661,4061.640944292624,75304.88763636403,0.05751096540753519,4.294733489729354,2.528119008938471
CH,20.950000000000003,Vd/Vp,0.32077148574804937,0.018535443147023482,4072.5267125170326,75176.56487146541,0.05778394891864604,4.310789118984682,2.5290445728103315
CH,21.0,Vd/Vp,0.32008481493262914,0.01858377456665035,4083.41248074144,75047.05962987279,0.05805890720108615,4.326810526501698,2.5299725532531734
CH,0.0,F.nucleatum,0.27202821942071675,0.3277921676635742,58364.88887696544,61334.796290703984,1.2049932479858398,0.0,0.0
CH,0.05,F.nucleatum,0.26181700497058336,0.3277921676635742,58364.88887696544,59032.45148429627,1.2519896012881346,0.013346130609782503,0.01638960838317871
CH,0.1,F.nucleatum,0.2515243830291287,0.3277921676635742,58364.88887696544,56711.75155316158,1.3032222312443285,0.026179665309775307,0.03277921676635742
CH,0.15000000000000002,F.nucleatum,0.24119419884021778,0.3277921676635742,58364.88887696544,54382.58238011934,1.3590383568085913,0.03849762985650897,0.04916882514953614
CH,0.2,F.nucleatum,0.23086967083008927,0.3277921676635742,58364.88887696544,52054.688518050876,1.4198147659889722,0.05029922659826665,0.06555843353271484
CH,0.25,F.nucleatum,0.2205927936158817,0.3277921676635742,58364.88887696544,49737.538584928916,1.4859604536055644,0.06158578820941592,0.08194804191589355
CH,0.30000000000000004,F.nucleatum,0.21040379377764212,0.3277921676635742,58364.88887696544,47440.20255554473,1.5579194736858684,0.07236070289425402,0.09833765029907228
CH,0.35000000000000003,F.nucleatum,0.20034064204720564,0.3277921676635742,58364.88887696544,45171.2417736702,1.6361740898600972,0.0826293137898752,0.11472725868225099
CH,0.4,F.nucleatum,0.19043864766435759,0.3277921676635742,58364.88887696544,42938.61749065646,1.7212481378322855,0.09239879603266428,0.1311168670654297
CH,0.45,F.nucleatum,0.18073012652776047,0.3277921676635742,58364.88887696544,40749.61604269922,1.8137107186345314,0.10167801538746724,0.1475064754486084
CH,0.5,F.nucleatum,0.1712441535774684,0.3277921676635742,58364.88887696544,38610.793019983874,1.914180197195963,0.11047737239009796,0.1638960838317871
CH,0.55,F.nucleatum,0.1620063970060057,0.3277921676635742,58364.88887696544,36527.935885895575,2.0233285457945387,0.11880863615468482,0.18028569221496582
CH,0.6000000000000001,F.nucleatum,0.15303903112327477,0.3277921676635742,58364.88887696544,34506.0443304799,2.141886061729793,0.12668477185791682,0.19667530059814453
CH,0.65,F.nucleatum,0.14436072233623076,0.3277921676635742,58364.88887696544,32549.32710924945,2.2706464913642717,0.13411976569440445,0.21306490898132321
CH,0.7000000000000001,F.nucleatum,0.13598668086318788,0.3277921676635742,58364.88887696544,30661.213703321406,2.4104725961607674,0.14112845077438993,0.22945451736450195
CH,0.75,F.nucleatum,0.1279287695654852,0.3277921676635742,58364.88887696544,28844.378857930667,2.56230219970795,0.14772633703510674,0.24584412574768064
CH,0.8,F.nucleatum,0.12019566057237456,0.3277921676635742,58364.88887696544,27100.777896985175,2.7271547583550038,0.15392944778855325,0.2622337341308594
CH,0.8500000000000001,F.nucleatum,0.11279303014618018,0.3277921676635742,58364.88887696544,25431.69065973871,2.906138501986819,0.15975416505651713,0.2786233425140381
CH,0.9,F.nucleatum,0.10572378241360005,0.3277921676635742,58364.88887696544,23837.77194597565,3.1004581956898267,0.16521708537051163,0.2950129508972168
CH,0.9500000000000001,F.nucleatum,0.09898829309531104,0.3277921676635742,58364.88887696544,22319.10647025697,3.3114235776139607,0.17033488725823442,0.3114025592803955
CH,1.0,F.nucleatum,0.09258466511364524,0.3277921676635742,58364.88887696544,20875.26649434081,3.5404585333998666,0.17512421121345834,0.3277921676635742
CH,1.05,F.nucleatum,0.08650898883930432,0.3282455253601074,58544.12385167556,19683.322456142956,3.794351659454064,0.17960155256228208,0.3441931099891663
CH,1.1,F.nucleatum,0.08075560125483643,0.32869888305664063,58723.35882638569,18540.37572188504,4.070292065802122,0.1837831673146356,0.360616720199585
CH,1.1500000000000001,F.nucleatum,0.07531733707418786,0.32915224075317384,58902.59380109582,17446.755377761016,4.370205500347916,0.18768499077286122,0.37706299829483036
CH,1.2000000000000002,F.nucleatum,0.07018577134130188,0.32960559844970705,59081.828775805945,16402.437167728505,4.696188303564965,0.19132256848324847,0.3935319442749024
CH,1.25,F.nucleatum,0.06535144655926824,0.33005895614624026,59261.06375051607,15407.08408495447,5.050522574843155,0.1947109989307627,0.410023558139801
CH,1.3,F.nucleatum,0.06080408290352328,0.3305123138427734,59440.298725226196,14460.085743679303,5.4356927702896405,0.1978648871673325,0.42653783988952637
CH,1.35,F.nucleatum,0.05653277376446625,0.3309656715393066,59619.53369993632,13560.59682652163,5.854403552145102,0.20079830858403225,0.44307478952407836
CH,1.4000000000000001,F.nucleatum,0.05252615896699636,0.3314190292358398,59798.76867464645,12707.57254462212,6.309599554844274,0.20352478190231882,0.45963440704345704
CH,1.4500000000000002,F.nucleatum,0.04877258312964119,0.33187238693237303,59978.00364935658,11899.802609974297,6.804486570871822,0.20605725045473475,0.47621669244766235
CH,1.5,F.nucleatum,0.04526023262686064,0.33232574462890624,60157.238624066704,11135.941897727538,7.342554939315105,0.2084080708486473,0.4928216457366943
CH,1.55,F.nucleatum,0.04197725665781591,0.33277910232543945,60336.47359877683,10414.538855727918,7.927604822729119,0.2105890080807642,0.5094492669105529
CH,1.6,F.nucleatum,0.038911870852312194,0.33323246002197265,60515.70857348696,9734.06103987354,8.5637737976346,0.2126112362685174,0.5260995559692382
CH,1.6500000000000001,F.nucleatum,0.03605244476552752,0.33368581771850586,60694.94354819709,9092.917864728008,9.255566991050998,0.21448534415896342,0.5427725129127502
CH,1.7000000000000002,F.nucleatum,0.03338757541708744,0.33413917541503907,60874.17852290721,8489.48088549838,10.007889798551526,0.2162213446635288,0.5594681377410888
CH,1.75,F.nucleatum,0.03090614725531525,0.3345925331115723,61053.41349761734,7922.101508044024,10.82608357319688,0.21782868773033887,0.5761864304542541
CH,1.8,F.nucleatum,0.028597379967011834,0.3350458908081055,61232.64847232746,7389.126298446993,11.71596458118169,0.21931627591089706,0.592927391052246
CH,1.85,F.nucleatum,0.026450865886385084,0.33549924850463864,61411.883447037595,6888.910173844718,12.683866378730853,0.220692482057232,0.6096910195350647
CH,1.9000000000000001,F.nucleatum,0.024456598163477162,0.33595260620117184,61591.11842174772,6419.827629350646,13.736685861031752,0.22196516865847854,0.6264773159027099
CH,1.9500000000000002,F.nucleatum,0.022604990124759538,0.33640596389770505,61770.353396457846,5980.28198247203,14.881933681060769,0.22314170836568445,0.6432862801551819
CH,2.0,F.nucleatum,0.020886887837135677,0.33685932159423826,61949.58837116797,5568.713044421169,16.127789080923865,0.22422900531473183,0.6601179122924804
CH,2.0500000000000003,F.nucleatum,0.01929357652648144,0.33731267929077147,62128.8233458781,5183.603295393415,17.483159684146287,0.22523351692382226,0.6769722123146057
CH,2.1,F.nucleatum,0.01781678223181464,0.3377660369873047,62308.05832058823,4823.482849220596,18.957746274979485,0.22616127589277965,0.6938491802215575
CH,2.15,F.nucleatum,0.016448668431400124,0.3382193946838379,62487.293295298354,4486.9330668651755,20.5621139543542,0.22701791215936,0.7107488160133361
CH,2.2,F.nucleatum,0.015181829550828795,0.3386727523803711,62666.52827000848,4172.5892713116655,22.30776937960567,0.22780867460891574,0.7276711196899414
CH,2.25,F.nucleatum,0.014009281435331046,0.3391261100769043,62845.763244718604,3879.142541735908,24.207245149750296,0.22853845238356973,0.7446160912513732
CH,2.3000000000000003,F.nucleatum,0.012924449992447943,0.3395794677734375,63024.99821942874,3605.340879693695,26.274191007885186,0.22921179566926422,0.7615837306976319
CH,2.35,F.nucleatum,0.01192115739833079,0.3400328254699707,63204.23319413886,3349.9895504849865,28.523474198703422,0.2298329358540337,0.778574038028717
CH,2.4000000000000004,F.nucleatum,0.010993607364695042,0.3404861831665039,63383.46816884899,3111.95098837368,30.971288301594612,0.23040580497310933,0.795587013244629
CH,2.45,F.nucleatum,0.010136369289611159,0.34093954086303707,63562.70314355911,2890.1442017217914,33.63527226779993,0.230934054389467,0.8126226563453675
CH,2.5,F.nucleatum,0.009344362094899472,0.3413928985595703,63741.93811826924,2683.543892507388,36.534639292918264,0.23142107267407974,0.8296809673309326
CH,2.5500000000000003,F.nucleatum,0.008612837507332962,0.3418462562561035,63921.17309297937,2491.1792154871814,39.69031761774861,0.23187000266413554,0.8467619462013245
CH,2.6,F.nucleatum,0.007937363105689708,0.3422996139526367,64100.408067689496,2312.1322628049497,43.12510457122308,0.2322837576794611,0.863865592956543
CH,2.6500000000000004,F.nucleatum,0.007313805574614901,0.3427529716491699,64279.64304239962,2145.5364000316727,46.86383417667171,0.23266503689646872,0.8809919075965882
CH,2.7,F.nucleatum,0.006738314263014191,0.3432063293457031,64458.878017109746,1990.5744854834031,50.93355933686887,0.23301633989240944,0.8981408901214599
CH,2.75,F.nucleatum,0.006207305128004391,0.3436596870422363,64638.11299181987,1846.4770013045813,55.36374963940604,0.2333399803771849,0.9153125405311584
CH,2.8000000000000003,F.nucleatum,0.005717444820578534,0.3441130447387695,64817.347966530004,1712.5200288313363,60.186509102845974,0.23363809912589947,0.9325068588256836
CH,2.85,F.nucleatum,0.005265635507235482,0.34456640243530273,64996.58294124013,1588.0232494907905,65.43681232053298,0.23391267613409483,0.9497238450050354
CH,2.9000000000000004,F.nucleatum,0.004849000243902164,0.34501976013183594,65175.817915950254,1472.347926063652,71.1527619669052,0.23416554202787326,0.966963499069214
CH,2.95,F.nucleatum,0.004464869095973744,0.3454731178283691,65355.05289066038,1364.8949315144012,77.37586710882613,0.23439838876137015,0.9842258210182191
CH,3.0,F.nucleatum,0.0041107655769623596,0.3459264755249023,65534.287865370505,1265.1027045650815,84.1513506543771,0.23461277962819355,1.0015108108520507
CH,3.0500000000000003,F.nucleatum,0.00378439393904095,0.3463798332214355,65713.52284008064,1172.445301818229,91.52848218259642,0.23481015861609364,1.0188184685707093
CH,3.1,F.nucleatum,0.0034836270571465488,0.3468331909179687,65892.75781479076,1086.430478129056,99.56094186559137,0.23499185914099832,1.0361487941741945
CH,3.1500000000000004,F.nucleatum,0.0032064951213855515,0.3472865486145019,66071.99278950089,1006.5978711866723,108.30721253816743,0.23515911219546162,1.0535017876625064
CH,3.2,F.nucleatum,0.0029511747007579378,0.34773990631103513,66251.22776421101,932.5171638646372,117.83101360340564,0.2353130539410152,1.0708774490356447
CH,3.25,F.nucleatum,0.0027159786000645627,0.34819326400756834,66430.46273892114,863.7863638566818,128.20177007259605,0.23545473277353576,1.0882757782936097
CH,3.3000000000000003,F.nucleatum,0.0024993462528718194,0.34864662170410154,66609.69771363126,800.0301297139879,139.49512649697766,0.23558511589485917,1.1056967754364015
CH,3.35,F.nucleatum,0.0022998347971700073,0.34909997940063475,66788.93268834139,740.8981982421461,151.7935026594994,0.2357050954211102,1.12314044046402
CH,3.4000000000000004,F.nucleatum,0.002116110717365821,0.34955333709716796,66968.16766305153,686.0638853631449,165.18669568116894,0.2358154940589736,1.140606773376465
CH,3.45,F.nucleatum,0.0019469416579667308,0.35000669479370117,67147.40263776165,635.2225398384857,179.7725645046946,0.2359170703683569,1.1580957741737368
CH,3.5,F.nucleatum,0.0017911895032496062,0.3504600524902344,67326.63761247178,588.0903116079895,195.65771899311818,0.2360105236473873,1.1756074428558352
CH,3.5500000000000003,F.nucleatum,0.0016478030605665776,0.3509134101867675,67505.8725871819,544.4027037657528,212.9583434965281,0.23609649846148273,1.1931417794227603
CH,3.6,F.nucleatum,0.0015158119830744232,0.35136676788330073,67685.10756189203,503.9134462633932,231.80102269058875,0.23617558883757375,1.210698783874512
CH,3.6500000000000004,F.nucleatum,0.001394320555866883,0.35182012557983394,67864.34253660215,466.3932489153374,252.32370282391685,0.23624834215104729,1.2282784562110904
CH,3.7,F.nucleatum,0.0012825022707526254,0.35227348327636715,68043.57751131228,431.62874313157187,274.6766936090012,0.23631526272171277,1.2458807964324954
CH,3.75,F.nucleatum,0.0011795945561604564,0.35272684097290036,68222.8124860224,399.4214092186811,299.0237951936768,0.2363768151423856,1.263505804538727
CH,3.8000000000000003,F.nucleatum,0.0010848940898987912,0.35318019866943356,68402.04746073253,369.5866371949813,325.5434811174807,0.23643342735853706,1.2811534805297855
CH,3.85,F.nucleatum,0.000997752160018386,0.3536335563659668,68581.28243544267,341.9527462408683,354.43025887255425,0.23648549351478498,1.2988238244056705
CH,3.9000000000000004,F.nucleatum,0.000917570598599702,0.3540869140625,68760.5174101528,316.36014442503216,385.89609846138217,0.23653337658375043,1.3165168361663822
CH,3.95,F.nucleatum,0.0008437980509426105,0.3545402717590332,68939.75238486292,292.66055457464984,420.1719491565247,0.23657741079998898,1.3342325158119204
CH,4.0,F.nucleatum,0.0007759262193873907,0.3549936294555664,69118.98735957305,270.7161852481543,457.50951647933874,0.23661790390674722,1.3519708633422853
CH,4.05,F.nucleatum,0.0007134865982315285,0.35544698715209955,69298.22233428317,250.39902769916762,498.1831306055674,0.2366551392271877,1.3697318787574768
CH,4.1000000000000005,F.nucleatum,0.000656047535799391,0.35590034484863275,69477.4573089933,231.5902280297873,542.4917028534675,0.23668937758053848,1.3875155620574953
CH,4.15,F.nucleatum,0.0006032113013013212,0.35635370254516596,69656.69228370342,214.17942478389145,590.7609850418852,0.236720859051466,1.4053219132423402
CH,4.2,F.nucleatum,0.0005546114539509248,0.35680706024169917,69835.92725841355,198.06415828217828,643.3459996180885,0.2367498046203473,1.4231509323120117
CH,4.25,F.nucleatum,0.0005099104067621241,0.3572604179382324,70015.16223312367,183.1493174112753,700.6337058441253,0.23677641766686514,1.44100261926651
CH,4.3,F.nucleatum,0.0004687972876917842,0.3577137756347656,70194.3972078338,169.34666375678674,763.04574498722,0.23680088535922647,1.458876974105835
CH,4.3500000000000005,F.nucleatum,0.0004309857719152889,0.3581671333312988,70373.63218254394,156.57431885091395,831.041664646176,0.23682337993571664,1.476773996829987
CH,4.4,F.nucleatum,0.0003962121914975188,0.358620491027832,70552.86715725406,144.7563260121268,905.1223024521137,0.23684405988480198,1.4946936874389651
CH,4.45,F.nucleatum,0.0003642337658118079,0.3590738487243652,70732.10213196419,133.82223321772454,985.8335015263008,0.23686307103373472,1.51263604593277
CH,4.5,F.nucleatum,0.0003348269672380716,0.3595272064208984,70911.33710667431,123.70670411672607,1073.770160708902,0.23688054755206098,1.5306010723114014
CH,4.55,F.nucleatum,0.00030778601218423284,0.3599805641174316,71090.57208138444,114.34915543218455,1169.5806497598612,0.23689661287654654,1.5485887665748597
CH,4.6000000000000005,F.nucleatum,0.0002829214681545498,0.36043392181396483,71269.80705609456,105.69341909202303,1273.9716224612293,0.236911380563555,1.5665991287231449
CH,4.65,F.nucleatum,0.0002600589682293274,0.36088727951049804,71449.04203080469,97.68742751556988,1387.71326352513,0.23692495507446462,1.5846321587562564
CH,4.7,F.nucleatum,0.00023903801358276006,0.3613406372070312,71628.27700551481,90.28291628529914,1511.6450801743604,0.23693743249900992,1.6026878566741947
CH,4.75,F.nucleatum,0.0002197109283293226,0.3617939949035644,71807.51198022494,83.43516988572873,1646.6818362410943,0.2369489012225577,1.6207662224769595
CH,4.800000000000001,F.nucleatum,0.00020194177727071683,0.3622473526000976,71986.74695493508,77.10274037799824,1793.8207610923425,0.2369594425401977,1.6388672561645512
CH,4.8500000000000005,F.nucleatum,0.00018560547350968555,0.3627007102966308,72165.9819296452,71.24722560007801,1954.1487836440547,0.23696913122146723,1.6569909577369692
CH,4.9,F.nucleatum,0.00017058691555417243,0.363154067993164,72345.21690435533,65.83304773390425,2128.8506613383192,0.23697803603119383,1.675137327194214
CH,4.95,F.nucleatum,0.00015678019740111024,0.36360742568969723,72524.45187906545,60.82724953695807,2319.2178075872375,0.23698622020901772,1.6933063645362856
CH,5.0,F.nucleatum,0.00014408791275873344,0.36406078338623044,72703.68685377558,56.19931754184857,2526.6573470033422,0.23699374191177172,1.7114980697631836
CH,5.050000000000001,F.nucleatum,0.00013242041813326964,0.36451414108276364,72882.9218284857,51.92098053951863,2752.703444237065,0.23700065462004402,1.7297124428749087
CH,5.1000000000000005,F.nucleatum,0.00012169525592966293,0.36496749877929685,73062.15680319583,47.96606203668415,2999.028154312274,0.2370070075118956,1.7479494838714602
CH,5.15,F.nucleatum,0.00011183657411103369,0.36542085647583,73241.39177790596,44.31032422961467,3267.4539557428907,0.23701284580764662,1.7662091927528383
CH,5.2,F.nucleatum,0.00010277460590435767,0.3658742141723632,73420.62675261608,40.9313287294227,3559.967084795701,0.237018211087147,1.784491569519043
CH,5.25,F.nucleatum,9.444510518953083e-05,0.3663275718688964,73599.8617273262,37.80827312494264,,0.23702314157992435,1.8027966141700744
CH,5.300000000000001,F.nucleatum,8.678910594070564e-05,0.3667809295654296,73779.09670203635,34.92195096828713,,0.23702767243520262,1.821124326705933
CH,5.3500000000000005,F.nucleatum,7.975232357917851e-05,0.36723428726196283,73958.33167674647,32.25456396817803,,0.2370318359709406,1.8394747071266178
CH,5.4,F.nucleatum,7.328477499778308e-05,0.36768764495849604,74137.5666514566,29.789615682693366,,0.23703566189840503,1.857847755432129
CH,5.45,F.nucleatum,6.734054694992115e-05,0.36814100265502925,74316.80162616672,27.511861136387022,,0.23703917753145373,1.8762434716224672
CH,5.5,F.nucleatum,6.18774392918487e-05,0.36859436035156246,74496.03660087685,25.407202192906414,,0.2370424079811098,1.894661855697632
CH,5.550000000000001,F.nucleatum,5.685661126052102e-05,0.36904771804809566,74675.27157558697,23.46257977709387,,0.2370453763323736,1.9131029076576238
CH,5.6000000000000005,F.nucleatum,5.224231239531417e-05,0.36950107574462887,74854.5065502971,21.665896834828377,,0.237048103805465,1.931566627502442
CH,5.65,F.nucleatum,4.8001732638065466e-05,0.3699544334411621,75033.74152500722,20.005987642554516,,0.23705060990659085,1.9500530152320865
CH,5.7,F.nucleatum,4.410472219305453e-05,0.3704077911376953,75212.97649971736,18.47253071782851,,0.23705291256796163,1.9685620708465579
CH,5.75,F.nucleatum,4.052341305000371e-05,0.37086114883422844,75392.21147442749,17.055916883224256,,0.2370550282713427,1.987093794345856
CH,5.800000000000001,F.nucleatum,3.723239617027497e-05,0.37131450653076165,75571.44644913761,15.747347675340306,,0.2370569721665732,2.005648185729981
CH,5.8500000000000005,F.nucleatum,3.420811854616953e-05,0.37176786422729485,75750.68142384774,14.538604383231908,,0.2370587581794411,2.024225244998932
CH,5.9,F.nucleatum,3.142904416972948e-05,0.37222122192382806,75929.91639855786,13.422135881590508,,0.237060399108509,2.0428249721527103
CH,5.95,F.nucleatum,2.8875350204649768e-05,0.37267457962036127,76109.15137326799,12.390948997656448,,0.23706190671836838,2.061447367191315
CH,6.0,F.nucleatum,2.6528745175367176e-05,0.3731279373168945,76288.38634797811,11.438547739053073,,0.2370632918207529,2.080092430114746
CH,6.050000000000001,F.nucleatum,2.4372537406544073e-05,0.37257716655731193,76182.80272551194,10.443313917175812,,0.23706456435281745,2.0987350577116017
CH,6.1000000000000005,F.nucleatum,2.2391252559727407e-05,0.37202639579772945,76077.21910304578,9.534156621759385,,0.2370657334475666,2.1173501467704776
CH,6.15,F.nucleatum,2.057076905414259e-05,0.3714756250381469,75971.63548057961,8.703689947964572,,0.23706680749810694,2.1359376972913746
CH,6.2,F.nucleatum,1.8898032496124502e-05,0.3709248542785644,75866.05185811344,7.945128531661733,,0.2370677942181457,2.1544977092742923
CH,6.25,F.nucleatum,1.7361109898653358e-05,0.3703740835189819,75760.46823564728,7.2522958521275545,,0.23706870069670558,2.173030182719231
CH,6.300000000000001,F.nucleatum,1.594895289712685e-05,0.36982331275939934,75654.8846131811,6.619510880821453,,0.23706953344827547,2.191535117626191
CH,6.3500000000000005,F.nucleatum,1.4651499775119319e-05,0.36927254199981685,75549.30099071494,6.041618259936158,,0.23707029845959227,2.210012513995171
CH,6.4,F.nucleatum,1.3459399667022595e-05,0.3687217712402343,75443.71736824876,5.51386205368111,,0.23707100123207833,2.2284623718261725
CH,6.45,F.nucleatum,1.2364167376111705e-05,0.3681710004806518,75338.1337457826,5.031939199562547,,0.23707164682125442,2.2468846911191944
CH,6.5,F.nucleatum,1.135789033478026e-05,0.3676202297210693,75232.55012331644,4.59186939817269,,0.23707223987269718,2.2652794718742375
CH,6.550000000000001,F.nucleatum,1.0433412345795516e-05,0.36706945896148674,75126.96650085026,4.190061205682538,,0.23707278465526418,2.2836467140913017
CH,6.6000000000000005,F.nucleatum,9.58403981895307e-06,0.36651868820190425,75021.3828783841,3.823184680095342,,0.2370732850915683,2.3019864177703866
CH,6.65,F.nucleatum,8.803736416700522e-06,0.3659679174423217,74915.79925591793,3.4882422853260318,,0.2370737447859742,2.320298582911492
CH,6.7,F.nucleatum,8.086841806560782e-06,0.3654171466827392,74810.21563345176,3.18244937497473,,0.23707416705042977,2.3385832095146184
CH,6.75,F.nucleatum,7.428271417712457e-06,0.3648663759231567,74704.63201098559,2.9033072115456777,,0.23707455492826038,2.3568402975797658
CH,6.800000000000001,F.nucleatum,6.823210730822986e-06,0.36431560516357414,74599.04838851943,2.64847656276951,,0.2370749112153141,2.3750698471069343
CH,6.8500000000000005,F.nucleatum,6.267393766661406e-06,0.36376483440399165,74493.46476605325,2.4158814197340206,,0.23707523848042653,2.3932718580961234
CH,6.9,F.nucleatum,5.756784908910651e-06,0.3632140636444091,74387.88114358709,2.203579830939215,,0.23707553908489343,2.4114463305473333
CH,6.95,F.nucleatum,5.287700771285139e-06,0.3626632928848266,74282.29752112093,2.009807126038229,,0.23707581519703544,2.4295932644605642
CH,7.0,F.nucleatum,4.856813284999815e-06,0.3621125221252441,74176.71389865475,1.8329723459090763,,0.23707606880988685,2.447712659835816
CH,7.050000000000001,F.nucleatum,4.460957150880691e-06,0.36156175136566154,74071.13027618859,1.6715813156897843,,0.23707630175414776,2.4658045166730886
CH,7.1000000000000005,F.nucleatum,4.097339454054825e-06,0.36101098060607906,73965.54665372241,1.5243124385032254,,0.23707651571156288,2.483868834972382
CH,7.15,F.nucleatum,3.7633187926131435e-06,0.3604602098464965,73859.96303125625,1.3899301135753588,,0.23707671222801904,2.501905614733696
CH,7.2,F.nucleatum,3.4564786264154197e-06,0.35990943908691403,73754.37940879008,1.26730959255911,,0.2370768927229545,2.5199148559570315
CH,7.25,F.nucleatum,3.1746414111698526e-06,0.3593586683273315,73648.79578632391,1.1554391008669642,,0.23707705850095545,2.5378965586423874
CH,7.300000000000001,F.nucleatum,2.915733171168619e-06,0.35880789756774895,73543.21216385775,1.0533676989260006,,0.23707721076032,2.5558507227897644
CH,7.3500000000000005,F.nucleatum,2.677923245943434e-06,0.35825712680816646,73437.62854139158,0.9602540004500518,,0.23707735060173044,2.573777348399162
CH,7.4,F.nucleatum,2.4594837064486898e-06,0.3577063560485839,73332.04491892541,0.8753128686847536,,0.23707747903690424,2.591676435470581
CH,7.45,F.nucleatum,2.258829690964837e-06,0.35715558528900143,73226.46129645924,0.7978282821678196,,0.23707759699473918,2.6095479840040205
CH,7.5,F.nucleatum,2.074536864973616e-06,0.3566048145294189,73120.87767399308,0.7271575313857729,,0.23707770532890307,2.627391993999481
CH,7.550000000000001,F.nucleatum,1.90524708363941e-06,0.35605404376983635,73015.2940515269,0.6626962476234375,,0.2370778048235018,2.645208465456963
CH,7.6000000000000005,F.nucleatum,1.749760577851852e-06,0.35550327301025386,72909.71042906074,0.6039093300847175,,0.23707789619869332,2.662997398376465
CH,7.65,F.nucleatum,1.6069475452141054e-06,0.3549525022506713,72804.12680659458,0.5502985411642359,,0.2370779801163964,2.680758792757988
CH,7.7,F.nucleatum,1.4757689130387817e-06,0.35440173149108883,72698.5431841284,0.5014086203162466,,0.23707805718430786,2.698492648601532
CH,7.75,F.nucleatum,1.3552940630578684e-06,0.3538509607315063,72592.95956166224,0.45683203885293083,,0.23707812796088226,2.716198965907097
CH,7.800000000000001,F.nucleatum,1.2446317970612487e-06,0.35330018997192375,72487.37593919606,0.41618445799723225,,0.23707819295902877,2.733877744674683
CH,7.8500000000000005,F.nucleatum,1.1429968604450012e-06,0.35274941921234126,72381.7923167299,0.37912626446958586,,0.2370782526497452,2.7515289849042897
CH,7.9,F.nucleatum,1.0496554349033524e-06,0.3521986484527587,72276.20869426373,0.34534321300682835,,0.23707830746605257,2.769152686595917
CH,7.95,F.nucleatum,9.639176416595652e-07,0.35164787769317624,72170.62507179756,0.3145432885591653,,0.23707835780537947,2.786748849749565
CH,8.0,F.nucleatum,8.851798395529852e-07,0.3510971069335937,72065.04144933139,0.28646980448105175,,0.2370784040328165,2.8043174743652344
CH,8.05,F.nucleatum,8.128658197902217e-07,0.35054633617401115,71959.45782686523,0.26088137023805086,,0.23707844648395798,2.8218585604429247
CH,8.1,F.nucleatum,7.464467056437886e-07,0.34999556541442867,71853.87420439906,0.2375578557352115,,0.23707848546677113,2.8393721079826353
CH,8.15,F.nucleatum,6.854526477826662e-07,0.3494447946548461,71748.29058193289,0.21630344562905696,,0.23707852126425497,2.8568581169843674
CH,8.200000000000001,F.nucleatum,6.294340583822311e-07,0.3488940238952636,71642.70695946673,0.19693371695328807,,0.23707855413642262,2.8743165874481202
CH,8.25,F.nucleatum,5.779862881197662e-07,0.3483432531356811,71537.12333700055,0.17928302118513503,,0.2370785843219313,2.8917475193738933
CH,8.3,F.nucleatum,5.307420566111183e-07,0.34779248237609856,71431.53971453439,0.16320155250457175,,0.2370786120401399,2.909150912761688
CH,8.35,F.nucleatum,4.873501419074366e-07,0.34724171161651607,71325.95609206823,0.14854834981371798,,0.23707863749244487,2.9265267676115028
CH,8.4,F.nucleatum,4.47502961157454e-07,0.3466909408569335,71220.37246960205,0.13519941351645126,,0.23707866086377244,2.943875083923339
CH,8.450000000000001,F.nucleatum,4.1091115235290253e-07,0.346140170097351,71114.78884713587,0.12303950785186041,,0.23707868232412527,2.9611958616971967
CH,8.5,F.nucleatum,3.7730404268980947e-07,0.3455893993377685,71009.20522466971,0.11196205492795207,,0.23707870202950515,2.9784891009330745
CH,8.55,F.nucleatum,3.4644437163912717e-07,0.34503862857818596,70903.62160220355,0.10187321284827344,,0.23707872012321551,2.9957548016309734
CH,8.6,F.nucleatum,3.18105306229027e-07,0.34448785781860347,70798.03797973738,0.09268472959891487,,0.23707873673695745,3.012992963790893
CH,8.65,F.nucleatum,2.920795519291785e-07,0.34393708705902093,70692.45435727121,0.08431643296337998,,0.2370787519915789,3.0302035874128337
CH,8.700000000000001,F.nucleatum,2.681823422582656e-07,0.3433863162994384,70586.87073480504,0.07669682285144626,,0.23707876599812627,3.0473866724967955
CH,8.75,F.nucleatum,2.462365247016343e-07,0.3428355455398559,70481.28711233888,0.06975854330353905,,0.23707877885859796,3.0645422190427776
CH,8.8,F.nucleatum,2.2608399289047234e-07,0.34228477478027336,70375.7034898727,0.06344148812040931,,0.2370787906666109,3.081670227050781
CH,8.85,F.nucleatum,2.075799941422621e-07,0.3417340040206909,70270.11986740654,0.05769096276199936,,0.23707880150821056,3.098770696520805
CH,8.9,F.nucleatum,1.905866397719915e-07,0.34118323326110833,70164.53624494038,0.05245571865333501,,0.23707881146237642,3.1158436274528505
CH,8.950000000000001,F.nucleatum,1.7498340751098138e-07,0.3406324625015258,70058.9526224742,0.04769072328347849,,0.2370788206016276,3.1328890198469166
CH,9.0,F.nucleatum,1.6065636850398393e-07,0.3400816917419433,69953.36900000804,0.04335401958790179,,0.237078828992622,3.149906873703003
CH,9.05,F.nucleatum,1.47499492361279e-07,0.33953092098236076,69847.78537754186,0.039406985977782805,,0.23707883669651852,3.166897189021111
CH,9.1,F.nucleatum,1.3541960216086634e-07,0.3389801502227783,69742.2017550757,0.035815540648647254,,0.2370788437694959,3.183859965801239
CH,9.15,F.nucleatum,1.2432755002168813e-07,0.33842937946319573,69636.61813260952,0.03254765864381594,,0.2370788502631747,3.2007952040433887
CH,9.200000000000001,F.nucleatum,1.1414218508916456e-07,0.3378786087036132,69531.03451014336,0.02957434579938534,,0.2370788562249181,3.217702903747559
CH,9.25,F.nucleatum,1.047909143178701e-07,0.3373278379440307,69425.4508876772,0.02686967502907986,,0.23707886169824557,3.2345830649137497
CH,9.3,F.nucleatum,9.620407665810756e-08,0.33677706718444816,69319.86726521103,0.024409243877173154,,0.23707886672312034,3.251435687541962
CH,9.35,F.nucleatum,8.831993215457813e-08,0.3362262964248657,69214.28364274486,0.022171387540699746,,0.23707887133622055,3.2682607716321943
CH,9.4,F.nucleatum,8.108150592775065e-08,0.33567552566528314,69108.70002027869,0.020136288598117457,,0.2370788755712565,3.2850583171844483
CH,9.450000000000001,F.nucleatum,7.443475760037086e-08,0.3351247549057006,69003.11639781253,0.018285463256526684,,0.2370788794591631,3.301828324198723
CH,9.5,F.nucleatum,6.833249327504038e-08,0.3345739841461181,68897.53277534635,0.01660267239115981,,0.23707888302834437,3.318570792675018
CH,9.55,F.nucleatum,6.272992186906571e-08,0.33402321338653557,68791.94915288019,0.015072761780856911,,0.23707888630490476,3.3352857226133343
CH,9.600000000000001,F.nucleatum,5.7585567400050704e-08,0.3334724426269531,68686.36553041401,0.013681846557609508,,0.237078889312792,3.351973114013672
CH,9.65,F.nucleatum,5.2862866245516866e-08,0.33292167186737054,68580.78190794785,0.012417641841513893,,0.23707889207400284,3.3686329668760298
CH,9.700000000000001,F.nucleatum,4.852683900934075e-08,0.332370901107788,68475.19828548169,0.011268623862212316,,0.23707889460874548,3.385265281200409
CH,9.75,F.nucleatum,4.4545751027394254e-08,0.3318201303482055,68369.61466301551,0.010224389790145434,,0.23707889693556022,3.4018700569868088
CH,9.8,F.nucleatum,4.089110695713275e-08,0.33126935958862297,68264.03104054935,0.009275612889254185,,0.23707889907148166,3.4184472942352295
CH,9.850000000000001,F.nucleatum,3.7535567033133147e-08,0.3307185888290405,68158.44741808317,0.008413531902009016,,0.23707890103214851,3.4349969929456714
CH,9.9,F.nucleatum,3.4455035085707116e-08,0.33016781806945794,68052.86379561701,0.007630397926345279,,0.23707890283191357,3.4515191531181335
CH,9.950000000000001,F.nucleatum,3.162711481783608e-08,0.3296170473098754,67947.28017315084,0.006919093089202189,,0.23707890448396732,3.468013774752617
CH,10.0,F.nucleatum,2.9030661757396306e-08,0.3290662765502929,67841.69655068468,0.006273010879392395,,0.23707890600041173,3.484480857849121
CH,10.05,F.nucleatum,2.664720770088125e-08,0.32903635501861567,67810.2063746399,0.005759746596543835,,0.23707890739235846,3.5009334236383443
CH,10.100000000000001,F.nucleatum,2.445916869453919e-08,0.3290064334869384,67778.71619859515,0.005288419360188643,,0.23707890867001788,3.5173844933509835
CH,10.15,F.nucleatum,2.245034206980897e-08,0.3289765119552612,67747.22602255039,0.004855563527663434,,0.23707890984275565,3.5338340669870383
CH,10.200000000000001,F.nucleatum,2.0606391243196257e-08,0.32894659042358393,67715.73584650563,0.0044581129011886525,,0.237078910919174,3.5502821445465096
CH,10.25,F.nucleatum,1.8913613575118714e-08,0.3289166688919067,67684.24567046086,0.004093134693126465,,0.23707891190717412,3.5667287260293965
CH,10.3,F.nucleatum,1.7359611057679952e-08,0.32888674736022944,67652.75549441611,0.0037579749242669987,,0.23707891281400473,3.5831738114357004
CH,10.350000000000001,F.nucleatum,1.593320896613309e-08,0.3288568258285522,67621.26531837134,0.0034502412386042554,,0.23707891364632522,3.5996174007654202
CH,10.4,F.nucleatum,1.4623697245739645e-08,0.32882690429687494,67589.77514232659,0.003167638983631464,,0.23707891441024787,3.6160594940185558
CH,10.450000000000001,F.nucleatum,1.342167671580357e-08,0.3287969827651977,67558.28496628182,0.0029081547156795985,,0.2370789151113822,3.6325000911951077
CH,10.5,F.nucleatum,1.231835528319199e-08,0.32876706123352045,67526.79479023707,0.002669904092252486,,0.23707891575488302,3.6489391922950754
CH,10.55,F.nucleatum,1.130547276501833e-08,0.3287371397018432,67495.3046141923,0.002451115773230696,,0.23707891634547873,3.66537679731846
CH,10.600000000000001,F.nucleatum,1.0375806961059504e-08,0.32870721817016596,67463.81443814754,0.00225024135019584,,0.23707891688751073,3.6818129062652605
CH,10.65,F.nucleatum,9.522465158697987e-09,0.3286772966384887,67432.32426210277,0.00206580198799695,,0.23707891738496753,3.6982475191354767
CH,10.700000000000001,F.nucleatum,8.739125801528949e-09,0.32864737510681147,67400.83408605802,0.0018964409769168114,,0.2370789178415073,3.7146806359291094
CH,10.75,F.nucleatum,8.02017602827563e-09,0.3286174535751342,67369.34391001325,0.001740953776875636,,0.23707891826048985,3.7311122566461576
CH,10.8,F.nucleatum,7.3602458099350265e-09,0.328587532043457,67337.8537339685,0.0015981870947804227,,0.23707891864500039,3.747542381286623
CH,10.850000000000001,F.nucleatum,6.754507279672872e-09,0.32855761051177973,67306.36355792373,0.0014671039801810288,,0.2370789189978692,3.763971009850504
CH,10.9,F.nucleatum,6.198579007677487e-09,0.3285276889801025,67274.87338187898,0.0013467632059244673,,0.23707891932169636,3.780398142337801
CH,10.950000000000001,F.nucleatum,5.6882731296745515e-09,0.32849776744842524,67243.38320583421,0.0012362644574212642,,0.23707891961886768,3.7968237787485144
CH,11.0,F.nucleatum,5.219925532880739e-09,0.328467845916748,67211.89302978945,0.0011348201794461818,,0.23707891989157265,3.8132479190826434
CH,11.05,F.nucleatum,4.7900895338051765e-09,0.32843792438507075,67180.40285374469,0.0010416891337464347,,0.23707892014182302,3.8296705633401893
CH,11.100000000000001,F.nucleatum,4.3955432807361656e-09,0.3284080028533935,67148.91267769993,0.0009561780810470086,,0.23707892037146386,3.8460917115211513
CH,11.15,F.nucleatum,4.033464568829773e-09,0.32837808132171625,67117.42250165516,0.0008776798948852678,,0.23707892058218905,3.862511363625529
CH,11.200000000000001,F.nucleatum,3.7011558017450425e-09,0.328348159790039,67085.9323256104,0.0008056138270735413,,0.23707892077555456,3.878929519653323
CH,11.25,F.nucleatum,3.396153679429897e-09,0.32831823825836176,67054.44214956564,0.0007394494312791813,,0.2370789209529873,3.8953461796045326
CH,11.3,F.nucleatum,3.1162646645757355e-09,0.3282883167266845,67022.95197352087,0.0006787143648059763,,0.23707892111579776,3.911761343479159
CH,11.350000000000001,F.nucleatum,2.859384163975735e-09,0.32825839519500727,66991.46179747612,0.0006229550838123388,,0.23707892126518898,3.928175011277202
CH,11.4,F.nucleatum,2.62363075084323e-09,0.32822847366333,66959.97162143135,0.0005717661236298974,,0.23707892140226436,3.94458718299866
CH,11.450000000000001,F.nucleatum,2.4073003488874113e-09,0.3281985521316528,66928.4814453866,0.0005247801847154061,,0.23707892152803764,3.960997858643535
CH,11.5,F.nucleatum,2.2087560695482657e-09,0.32816863059997553,66896.99126934183,0.0004816441689142584,,0.23707892164343905,3.977407038211825
CH,11.55,F.nucleatum,2.026552122897953e-09,0.3281387090682983,66865.50109329708,0.0004420462299649297,,0.23707892174932174,3.9938147217035325
CH,11.600000000000001,F.nucleatum,1.8593663220522137e-09,0.32810878753662104,66834.01091725231,0.00040570110945110265,,0.2370789218464697,4.010220909118655
CH,11.65,F.nucleatum,1.7059302668521225e-09,0.3280788660049438,66802.52074120755,0.0003723349395182026,,0.23707892193560212,4.026625600457194
CH,11.700000000000001,F.nucleatum,1.5651306740997547e-09,0.32804894447326655,66771.03056516279,0.0003417073835527785,,0.23707892201737865,4.04302879571915
CH,11.75,F.nucleatum,1.4359417413327962e-09,0.3280190229415893,66739.54038911803,0.00031359691619519976,,0.23707892209240547,4.059430494904521
CH,11.8,F.nucleatum,1.3173812973296005e-09,0.32798910140991205,66708.05021307326,0.0002877912729613516,,0.23707892216123855,4.075830698013308
CH,11.850000000000001,F.nucleatum,1.208591697935905e-09,0.3279591798782348,66676.56003702851,0.0002641051422364929,,0.23707892222438787,4.092229405045512
CH,11.9,F.nucleatum,1.10877716869243e-09,0.32792925834655756,66645.06986098374,0.00024236651013550094,,0.23707892228232208,4.108626616001132
CH,11.950000000000001,F.nucleatum,1.0171776799251854e-09,0.3278993368148803,66613.57968493899,0.00022241096856808582,,0.23707892233547095,4.125022330880168
CH,12.0,F.nucleatum,9.331322305433062e-10,0.32786941528320307,66582.08950889422,0.0002040955685211598,,0.2370789223842287,4.14141654968262
CH,12.05,F.nucleatum,8.560235724253466e-10,0.3278394937515258,66550.59933284947,0.00018728675914095064,,0.2370789224289576,4.157809272408488
CH,12.100000000000001,F.nucleatum,7.852639390769057e-10,0.3278095722198486,66519.1091568047,0.00017185727883988673,,0.23707892246998977,4.174200499057773
CH,12.15,F.nucleatum,7.203436681341898e-10,0.32777965068817133,66487.61898075994,0.0001576968094034213,,0.23707892250762996,4.190590229630473
CH,12.200000000000001,F.nucleatum,6.60784062158633e-10,0.3277497291564941,66456.12880471518,0.00014470167898124325,,0.23707892254215815,4.20697846412659
CH,12.25,F.nucleatum,6.061308360714935e-10,0.32771980762481684,66424.63862867042,0.00013277343695603904,,0.237078922573831,4.223365202546122
CH,12.3,F.nucleatum,5.559908570254653e-10,0.3276898860931396,66393.14845262565,0.00012182691231702975,,0.23707892260288405,4.239750444889071
CH,12.350000000000001,F.nucleatum,5.099929473293134e-10,0.32765996456146235,66361.65827658089,0.0001117816425085493,,0.23707892262953364,4.256134191155437
CH,12.4,F.nucleatum,4.677861774148661e-10,0.3276300430297851,66330.16810053613,0.00010256150640691403,,0.23707892265397812,4.272516441345218
CH,12.450000000000001,F.nucleatum,4.2906718414155317e-10,0.32760012149810785,66298.67792449136,9.410072230358847e-05,,0.23707892267639946,4.288897195458415
CH,12.5,F.nucleatum,3.935482211668705e-10,0.32757019996643066,66267.18774844661,8.633685446467166e-05,,0.23707892269696484,4.305276453495028
CH,12.55,F.nucleatum,3.6095833303673644e-10,0.3275402784347534,66235.69757240184,7.921107593201969e-05,,0.2370789227158275,4.321654215455058
CH,12.600000000000001,F.nucleatum,3.3106334359591634e-10,0.32751035690307617,66204.20739635709,7.26725617686236e-05,,0.23707892273312806,4.338030481338504
CH,12.65,F.nucleatum,3.0364023863332e-10,0.3274804353713989,66172.71722031232,6.667287616878079e-05,,0.23707892274899564,4.354405251145366
CH,12.700000000000001,F.nucleatum,2.7847990511587874e-10,0.3274505138397217,66141.22704426757,6.116657779735372e-05,,0.23707892276354864,4.370778524875644
CH,12.75,F.nucleatum,2.554015140963749e-10,0.32742059230804443,66109.7368682228,5.611438445020342e-05,,0.23707892277689568,4.387150302529338
CH,12.8,F.nucleatum,2.3423226806560904e-10,0.3273906707763672,66078.24669217804,5.14787313287137e-05,,0.23707892278913653,4.403520584106448
CH,12.850000000000001,F.nucleatum,2.1481084684350884e-10,0.32736074924468994,66046.75651613327,4.722453124181296e-05,,0.2370789228003626,4.419889369606975
CH,12.9,F.nucleatum,1.969975727156857e-10,0.3273308277130127,66015.26634008852,4.3321413790163234e-05,,0.23707892281065782,4.436256659030917
CH,12.950000000000001,F.nucleatum,1.806585976825024e-10,0.32730090618133545,65983.77616404375,3.9740254105340565e-05,,0.2370789228200992,4.452622452378276
CH,13.0,F.nucleatum,1.6566951606967235e-10,0.3272709846496582,65952.285987999,3.645396969260277e-05,,0.23707892282875742,4.4689867496490505
CH,13.05,F.nucleatum,1.5192240634802405e-10,0.32724106311798096,65920.79581195423,3.34390734939664e-05,,0.2370789228366972,4.4853495508432415
CH,13.100000000000001,F.nucleatum,1.393136248396143e-10,0.3272111415863037,65889.30563590948,3.067299183830624e-05,,0.2370789228439781,4.501710855960849
CH,13.15,F.nucleatum,1.2774726339261195e-10,0.32718122005462646,65857.81545986471,2.813482736444144e-05,,0.23707892285065463,4.518070665001872
CH,13.200000000000001,F.nucleatum,1.1713991581575268e-10,0.3271512985229492,65826.32528381996,2.5806411637971722e-05,,0.2370789228567768,4.534428977966312
CH,13.25,F.nucleatum,1.0741135574507646e-10,0.327121376991272,65794.83510777519,2.3670254955120172e-05,,0.2370789228623906,4.550785794854167
CH,13.3,F.nucleatum,9.848766433963909e-11,0.3270914554595947,65763.34493173043,2.1710236848609187e-05,,0.23707892286753807,4.5671411156654385
CH,13.350000000000001,F.nucleatum,9.030436758857324e-11,0.3270615339279175,65731.85475568566,1.9912299950814083e-05,,0.23707892287225787,4.583494940400127
CH,13.4,F.nucleatum,8.279938982988436e-11,0.32703161239624023,65700.36457964091,1.8262898880489148e-05,,0.23707892287658547,4.59984726905823
CH,13.450000000000001,F.nucleatum,7.591577236225727e-11,0.327001690864563,65668.87440359614,1.6749600852040707e-05,,0.23707892288055335,4.616198101639751
CH,13.5,F.nucleatum,6.960366648483184e-11,0.32697176933288574,65637.38422755139,1.536152722711156e-05,,0.23707892288419133,4.6325474381446865
CH,13.55,F.nucleatum,6.381506107172287e-11,0.3269418478012085,65605.89405150662,1.4088191887758576e-05,,0.2370789228875268,4.648895278573039
CH,13.600000000000001,F.nucleatum,5.85060735661679e-11,0.32691192626953125,65574.40387546187,1.2920007767158085e-05,,0.23707892289058483,4.665241622924808
CH,13.65,F.nucleatum,5.3638156847251074e-11,0.326882004737854,65542.9136994171,1.1848554805653468e-05,,0.23707892289338844,4.681586471199992
CH,13.700000000000001,F.nucleatum,4.917419461100885e-11,0.32685208320617676,65511.42352337234,1.086571893098909e-05,,0.23707892289595875,4.697929823398593
CH,13.75,F.nucleatum,4.5080382481227716e-11,0.3268221616744995,65479.93334732758,9.964108311806047e-06,,0.23707892289831511,4.71427167952061
CH,13.8,F.nucleatum,4.132690888780863e-11,0.32679224014282227,65448.443171282815,9.137204989368347e-06,,0.2370789229004753,4.730612039566043
CH,13.850000000000001,F.nucleatum,3.788509406900901e-11,0.326762318611145,65416.952995238054,8.378733451285627e-06,,0.2370789229024556,4.746950903534892
CH,13.9,F.nucleatum,3.472889892379812e-11,0.3267323970794678,65385.46281919329,7.682994804777658e-06,,0.23707892290427096,4.763288271427157
CH,13.950000000000001,F.nucleatum,3.1835265638897616e-11,0.3267024755477905,65353.97264314853,7.044943026272241e-06,,0.23707892290593507,4.779624143242839
CH,14.0,F.nucleatum,2.918204493269413e-11,0.3266725540161133,65322.48246710377,6.459727120191135e-06,,0.23707892290746052,4.795958518981936
CH,14.05,F.nucleatum,2.6749179403765574e-11,0.32664263248443604,65290.99229105901,5.922953442289917e-06,,0.2370789229088588,4.81229139864445
CH,14.100000000000001,F.nucleatum,2.4518833890256364e-11,0.3266127109527588,65259.50211501425,5.430715263141177e-06,,0.2370789229101405,4.82862278223038
CH,14.15,F.nucleatum,2.2473912100281384e-11,0.32658278942108154,65228.01193896949,4.979264849381185e-06,,0.2370789229113153,4.844952669739726
CH,14.200000000000001,F.nucleatum,2.0598963510768588e-11,0.3265528678894043,65196.52176292473,4.565214697525636e-06,,0.23707892291239213,4.861281061172488
CH,14.25,F.nucleatum,1.8880207662384156e-11,0.32652294635772705,65165.031586879966,4.1855434627342364e-06,,0.23707892291337912,4.877607956528666
CH,14.3,F.nucleatum,1.730441030962418e-11,0.3264930248260498,65133.5414108352,3.8373472898174795e-06,,0.23707892291428373,4.893933355808261
CH,14.350000000000001,F.nucleatum,1.585971446029394e-11,0.32646310329437256,65102.05123479044,3.5180243357530207e-06,,0.23707892291511284,4.910257259011272
CH,14.4,F.nucleatum,1.4535459415220845e-11,0.3264331817626953,65070.561058745676,3.225235071149796e-06,,0.23707892291587274,4.926579666137698
CH,14.450000000000001,F.nucleatum,1.3321402116524042e-11,0.32640326023101807,65039.070882700915,2.9567298504681022e-06,,0.23707892291656915,4.942900577187541
CH,14.5,F.nucleatum,1.220844167917651e-11,0.3263733386993408,65007.580706656154,2.7105099097772256e-06,,0.2370789229172074,4.9592199921608
CH,14.55,F.nucleatum,1.1188335178256835e-11,0.3263434171676636,64976.09053061139,2.484764624016513e-06,,0.2370789229177923,4.975537911057475
CH,14.600000000000001,F.nucleatum,1.0253169213668522e-11,0.32631349563598633,64944.60035456663,2.2777543974220165e-06,,0.23707892291832836,4.9918543338775665
CH,14.65,F.nucleatum,9.39593980977194e-12,0.3262835741043091,64913.11017852187,2.0879396359007626e-06,,0.23707892291881957,5.008169260621074
CH,14.700000000000001,F.nucleatum,8.610281161478506e-12,0.32625365257263184,64881.62000247711,1.9139207518093336e-06,,0.23707892291926974,5.024482691287997
CH,14.75,F.nucleatum,7.890083733991988e-12,0.3262237310409546,64850.12982643235,1.7543534592458267e-06,,0.23707892291968224,5.040794625878337
CH,14.8,F.nucleatum,7.229956574686827e-12,0.32619380950927734,64818.63965038759,1.6080516837307074e-06,,0.23707892292006025,5.0571050643920925
CH,14.850000000000001,F.nucleatum,6.624984378342395e-12,0.3261638879776001,64787.14947434283,1.4739337508300248e-06,,0.2370789229204066,5.073414006829265
CH,14.9,F.nucleatum,6.0704516346143174e-12,0.32613396644592285,64755.659298298066,1.350961152872717e-06,,0.237078922920724,5.089721453189853
CH,14.950000000000001,F.nucleatum,5.562209326060054e-12,0.3261040449142456,64724.169122253305,1.2382202466072502e-06,,0.23707892292101482,5.106027403473857
CH,15.0,F.nucleatum,5.096462815142949e-12,0.32607412338256836,64692.67894620854,1.134875206943538e-06,,0.23707892292128127,5.122331857681277
CH,15.05,F.nucleatum,4.669573586995491e-12,0.3264211654663086,64776.568558886,1.0402743760402548e-06,,0.2370789229215254,5.138644239902499
CH,15.100000000000001,F.nucleatum,4.27834876801756e-12,0.3267682075500488,64860.458171563456,9.535384433442698e-07,,0.23707892292174912,5.154973974227908
CH,15.15,F.nucleatum,3.9198594194080635e-12,0.3271152496337891,64944.34778424091,8.740248370666938e-07,,0.23707892292195407,5.171321060657504
CH,15.200000000000001,F.nucleatum,3.5912988547465683e-12,0.32746229171752933,65028.23739691837,8.011171062768408e-07,,0.23707892292214183,5.187685499191287
CH,15.25,F.nucleatum,3.290210256963332e-12,0.32780933380126953,65112.12700959582,7.342757781609095e-07,,0.23707892292231386,5.204067289829256
CH,15.3,F.nucleatum,3.0143333156351095e-12,0.3281563758850098,65196.01662227327,6.730042887727719e-07,,0.23707892292247149,5.220466432571413
CH,15.350000000000001,F.nucleatum,2.7615036314982618e-12,0.32850341796875,65279.90623495073,6.168266098605571e-07,,0.23707892292261587,5.236882927417757
CH,15.4,F.nucleatum,2.5298309664203588e-12,0.32885046005249025,65363.795847628186,5.653271284675471e-07,,0.23707892292274815,5.253316774368288
CH,15.450000000000001,F.nucleatum,2.3175713410015466e-12,0.3291975021362305,65447.68546030564,5.181221873222083e-07,,0.23707892292286933,5.269767973423006
CH,15.5,F.nucleatum,2.12305614791424e-12,0.3295445442199707,65531.5750729831,4.7484430206982963e-07,,0.23707892292298036,5.286236524581911
CH,15.55,F.nucleatum,1.944831231542311e-12,0.32989158630371096,65615.46468566055,4.3517331857916965e-07,,0.23707892292308205,5.302722427845003
CH,15.600000000000001,F.nucleatum,1.7815512648518762e-12,0.33023862838745116,65699.354298338,3.98812873724916e-07,,0.2370789229231752,5.319225683212283
CH,15.65,F.nucleatum,1.6319302393192414e-12,0.3305856704711914,65783.24391101547,3.6547936076752654e-07,,0.23707892292326055,5.3357462906837485
CH,15.700000000000001,F.nucleatum,1.4948496083323567e-12,0.3309327125549317,65867.13352369292,3.3492618837150234e-07,,0.2370789229233387,5.352284250259402
CH,15.75,F.nucleatum,1.369271782430607e-12,0.3312797546386719,65951.02313637038,3.0692447262658327e-07,,0.23707892292341032,5.368839561939241
CH,15.8,F.nucleatum,1.254205915389631e-12,0.33162679672241213,66034.91274904783,2.812554043242852e-07,,0.2370789229234759,5.385412225723269
CH,15.850000000000001,F.nucleatum,1.1487917180857398e-12,0.33197383880615233,66118.80236172529,2.5772907537212063e-07,,0.23707892292353597,5.402002241611483
CH,15.9,F.nucleatum,1.052229112283589e-12,0.3323208808898926,66202.69197440274,2.361687539451726e-07,,0.237078922923591,5.418609609603884
CH,15.950000000000001,F.nucleatum,9.637548927824645e-13,0.33266792297363285,66286.58158708019,2.1640567365975949e-07,,0.2370789229236414,5.435234329700473
CH,16.0,F.nucleatum,8.827074825922013e-13,0.33301496505737305,66370.47119975765,1.9829359843671458e-07,,0.23707892292368757,5.451876401901248
CH,16.05,F.nucleatum,8.084684769805996e-13,0.3333620071411133,66454.3608124351,1.8169573495875419e-07,,0.23707892292372984,5.46853582620621
CH,16.1,F.nucleatum,7.404548257035219e-13,0.3337090492248535,66538.25042511256,1.6648299612429394e-07,,0.23707892292376856,5.48521260261536
CH,16.150000000000002,F.nucleatum,6.781554741887293e-13,0.33405609130859376,66622.14003779001,1.5254226036007488e-07,,0.23707892292380403,5.501906731128696
CH,16.2,F.nucleatum,6.210880340835271e-13,0.33440313339233396,66706.02965046746,1.397666563107924e-07,,0.2370789229238365,5.518618211746219
CH,16.25,F.nucleatum,5.688126482694943e-13,0.3347501754760742,66789.91926314493,1.280586983877849e-07,,0.23707892292386626,5.53534704446793
CH,16.3,F.nucleatum,5.209327061935706e-13,0.3350972175598145,66873.80887582237,1.1733046876153434e-07,,0.23707892292389351,5.552093229293827
CH,16.35,F.nucleatum,4.770727545979932e-13,0.3354442596435547,66957.69848849984,1.0749866122156822e-07,,0.23707892292391847,5.568856766223911
CH,16.400000000000002,F.nucleatum,4.369020115280418e-13,0.33579130172729493,67041.58810117729,9.848989227479247e-08,,0.2370789229239413,5.585637655258183
CH,16.45,F.nucleatum,4.001079670847915e-13,0.33613834381103513,67125.47771385475,9.023476935542661e-08,,0.23707892292396224,5.60243589639664
CH,16.5,F.nucleatum,3.664072312474222e-13,0.3364853858947754,67209.3673265322,8.267034732573639e-08,,0.2370789229239814,5.619251489639286
CH,16.55,F.nucleatum,3.3554270470299353e-13,0.33683242797851565,67293.25693920966,7.573950416307425e-08,,0.23707892292399893,5.6360844349861186
CH,16.6,F.nucleatum,3.0727220355996015e-13,0.33717947006225585,67377.14655188711,6.938838509153645e-08,,0.237078922924015,5.652934732437138
CH,16.650000000000002,F.nucleatum,2.813820512859597e-13,0.3375265121459961,67461.03616456458,6.356948057708462e-08,,0.2370789229240297,5.669802381992344
CH,16.7,F.nucleatum,2.576701016016957e-13,0.3378735542297363,67544.92577724202,5.8237803207741476e-08,,0.2370789229240432,5.686687383651736
CH,16.75,F.nucleatum,2.3595379121333235e-13,0.33822059631347656,67628.81538991947,5.33527141978281e-08,,0.23707892292405555,5.703589737415316
CH,16.8,F.nucleatum,2.1606653749308486e-13,0.3385676383972168,67712.70500259694,4.8877118108246006e-08,,0.23707892292406685,5.720509443283084
CH,16.85,F.nucleatum,1.9785233005347508e-13,0.338914680480957,67796.59461527439,4.477624670229187e-08,,0.2370789229240772,5.737446501255039
CH,16.900000000000002,F.nucleatum,1.8117324055880607e-13,0.3392617225646973,67880.48422795185,4.1019364428830495e-08,,0.23707892292408667,5.75440091133118
CH,16.95,F.nucleatum,1.6589822313437843e-13,0.3396087646484375,67964.3738406293,3.757724050366705e-08,,0.23707892292409535,5.771372673511507
CH,17.0,F.nucleatum,1.5191015424572375e-13,0.33995580673217773,68048.26345330675,3.4423747566602725e-08,,0.2370789229241033,5.788361787796023
CH,17.05,F.nucleatum,1.3910100718535975e-13,0.340302848815918,68132.15306598421,3.153477455167819e-08,,0.23707892292411056,5.805368254184726
CH,17.1,F.nucleatum,1.2737039704813002e-13,0.3406498908996582,68216.04267866166,2.8887901149586318e-08,,0.23707892292411722,5.822392072677616
CH,17.150000000000002,F.nucleatum,1.1662924930996158e-13,0.34099693298339845,68299.93229133912,2.646323396114048e-08,,0.23707892292412333,5.8394332432746925
CH,17.2,F.nucleatum,1.0679278019268337e-13,0.34134397506713865,68383.82190401657,2.424181860140345e-08,,0.2370789229241289,5.856491765975955
CH,17.25,F.nucleatum,9.77858008284352e-14,0.3416910171508789,68467.71151669402,2.2206846364870138e-08,,0.23707892292413402,5.873567640781405
CH,17.3,F.nucleatum,8.953832822464754e-14,0.34203805923461916,68551.60112937148,2.0342661768464947e-08,,0.2370789229241387,5.890660867691043
CH,17.35,F.nucleatum,8.198582895621207e-14,0.34238510131835936,68635.49074204895,1.8634820496530148e-08,,0.23707892292414298,5.907771446704868
CH,17.400000000000002,F.nucleatum,7.507073422671976e-14,0.3427321434020996,68719.3803547264,1.707043658770564e-08,,0.2370789229241469,5.92489937782288
CH,17.45,F.nucleatum,6.873837671958403e-14,0.3430791854858398,68803.26996740384,1.5637261529810595e-08,,0.2370789229241505,5.9420446610450774
CH,17.5,F.nucleatum,6.294038165890245e-14,0.3434262275695801,68887.15958008131,1.43244574478808e-08,,0.2370789229241538,5.9592072963714635
CH,17.55,F.nucleatum,5.763139335484583e-14,0.34377326965332033,68971.04919275876,1.3121854873585795e-08,,0.23707892292415683,5.976387283802036
CH,17.6,F.nucleatum,5.277020827040227e-14,0.34412031173706054,69054.93880543622,1.2020212321757362e-08,,0.23707892292415958,5.993584623336796
CH,17.650000000000002,F.nucleatum,4.831930158750425e-14,0.3444673538208008,69138.82841811367,1.1011110441395548e-08,,0.2370789229241621,6.010799314975743
CH,17.7,F.nucleatum,4.424367731241875e-14,0.344814395904541,69222.71803079112,1.0086691668004497e-08,,0.2370789229241644,6.028031358718875
CH,17.75,F.nucleatum,4.051219770138428e-14,0.34516143798828125,69306.60764346858,9.239964678437817e-09,,0.23707892292416652,6.045280754566196
CH,17.8,F.nucleatum,3.7095351020774385e-14,0.3455084800720215,69390.49725614603,8.464296939555703e-09,,0.23707892292416846,6.062547502517704
CH,17.85,F.nucleatum,3.3966976041643994e-14,0.3458555221557617,69474.3868688235,7.753809165263895e-09,,0.23707892292417024,6.079831602573399
CH,17.900000000000002,F.nucleatum,3.1102564093089986e-14,0.34620256423950196,69558.27648150094,7.1029891958328236e-09,,0.23707892292417188,6.0971330547332805
CH,17.95,F.nucleatum,2.847984960154378e-14,0.34654960632324217,69642.16609417839,6.5068277303607475e-09,,0.23707892292417337,6.114451858997348
CH,18.0,F.nucleatum,2.607856198078701e-14,0.3468966484069824,69726.05570685586,5.960762717483158e-09,,0.23707892292417473,6.131788015365603
CH,18.05,F.nucleatum,2.387979476025701e-14,0.3472436904907227,69809.94531953332,5.4605360747207255e-09,,0.23707892292417598,6.149141523838046
CH,18.1,F.nucleatum,2.1866731220864425e-14,0.3475907325744629,69893.83493221077,5.002360358746917e-09,,0.23707892292417712,6.166512384414676
CH,18.150000000000002,F.nucleatum,2.002343362725045e-14,0.34793777465820314,69977.72454488823,4.582642690065209e-09,,0.23707892292417818,6.183900597095493
CH,18.2,F.nucleatum,1.8335774617610137e-14,0.34828481674194334,70061.61415756568,4.198198437496942e-09,,0.23707892292417915,6.201306161880495
CH,18.25,F.nucleatum,1.6790522506176116e-14,0.3486318588256836,70145.50377024313,3.8460425859300835e-09,,0.23707892292418004,6.2187290787696865
CH,18.3,F.nucleatum,1.5375655979247076e-14,0.34897890090942385,70229.39338292059,3.523462291251904e-09,,0.23707892292418084,6.236169347763065
CH,18.35,F.nucleatum,1.408026556908279e-14,0.34932594299316405,70313.28299559804,3.227994886719248e-09,,0.2370789229241816,6.25362696886063
CH,18.400000000000002,F.nucleatum,1.2894034499892059e-14,0.3496729850769043,70397.1726082755,2.957309358241527e-09,,0.23707892292418226,6.271101942062382
CH,18.45,F.nucleatum,1.1808006484827746e-14,0.3500200271606445,70481.06222095295,2.7093828086597378e-09,,0.23707892292418287,6.288594267368319
CH,18.5,F.nucleatum,1.0813625109374764e-14,0.35036706924438477,70564.9518336304,2.482280614876702e-09,,0.23707892292418342,6.306103944778445
CH,18.55,F.nucleatum,9.903035522401058e-15,0.350714111328125,70648.84144630787,2.274225907304127e-09,,0.23707892292418395,6.323630974292758
CH,18.6,F.nucleatum,9.069355437825081e-15,0.3510611534118652,70732.73105898532,2.083662176209035e-09,,0.23707892292418442,6.3411753559112585
CH,18.650000000000002,F.nucleatum,8.305987028438224e-15,0.3514081954956055,70816.62067166278,1.9090955908569756e-09,,0.23707892292418487,6.358737089633945
CH,18.7,F.nucleatum,7.60694938815755e-15,0.3517552375793457,70900.51028434023,1.7491715868109037e-09,,0.23707892292418525,6.376316175460818
CH,18.75,F.nucleatum,6.966935240027448e-15,0.35210227966308594,70984.39989701769,1.6026882139865927e-09,,0.23707892292418561,6.39391261339188
CH,18.8,F.nucleatum,6.380862125108802e-15,0.3524493217468262,71068.28950969514,1.4684931778188824e-09,,0.23707892292418595,6.4115264034271275
CH,18.85,F.nucleatum,5.844184603632095e-15,0.3527963638305664,71152.1791223726,1.3455558303187955e-09,,0.23707892292418625,6.429157545566563
CH,18.900000000000002,F.nucleatum,5.352806028363655e-15,0.35314340591430665,71236.06873505005,1.232947111858789e-09,,0.23707892292418653,6.446806039810185
CH,18.95,F.nucleatum,4.902798823429603e-15,0.35349044799804685,71319.9583477275,1.129775313987832e-09,,0.23707892292418678,6.464471886157993
CH,19.0,F.nucleatum,4.490728144393076e-15,0.3538374900817871,71403.84796040496,1.03526077673402e-09,,0.237078922924187,6.482155084609989
CH,19.05,F.nucleatum,4.113416823398487e-15,0.35418453216552737,71487.73757308241,9.486819195084944e-10,,0.23707892292418722,6.499855635166172
CH,19.1,F.nucleatum,3.767848884167014e-15,0.35453157424926757,71571.62718575988,8.693531056748492e-10,,0.23707892292418742,6.517573537826542
CH,19.150000000000002,F.nucleatum,3.451412842059099e-15,0.3548786163330078,71655.51679843733,7.966808820105618e-10,,0.2370789229241876,6.535308792591099
CH,19.200000000000003,F.nucleatum,3.1616465275567284e-15,0.3552256584167481,71739.40641111479,7.30105250459693e-10,,0.23707892292418778,6.5530613994598435
CH,19.25,F.nucleatum,2.89624474321579e-15,0.3555727005004883,71823.29602379224,6.691015103658311e-10,,0.23707892292418792,6.570831358432773
CH,19.3,F.nucleatum,2.653211079308163e-15,0.35591974258422854,71907.18563646969,6.132154234585236e-10,,0.23707892292418806,6.588618669509891
CH,19.35,F.nucleatum,2.430640610088089e-15,0.35626678466796874,71991.07524914715,5.620131204235686e-10,,0.2370789229241882,6.606423332691197
CH,19.400000000000002,F.nucleatum,2.22677658631659e-15,0.356613826751709,72074.9648618246,5.150942598304775e-10,,0.2370789229241883,6.6242453479766885
CH,19.450000000000003,F.nucleatum,2.0400856119717223e-15,0.35696086883544925,72158.85447450206,4.721094980002832e-10,,0.23707892292418842,6.642084715366368
CH,19.5,F.nucleatum,1.8690976591284294e-15,0.35730791091918945,72242.74408717951,4.3272355973832557e-10,,0.23707892292418853,6.659941434860232
CH,19.55,F.nucleatum,1.7124754322268187e-15,0.3576549530029297,72326.63369985697,3.966313350965306e-10,,0.2370789229241886,6.677815506458286
CH,19.6,F.nucleatum,1.5690366892224669e-15,0.3580019950866699,72410.52331253442,3.6356311658485784e-10,,0.2370789229241887,6.695706930160526
CH,19.650000000000002,F.nucleatum,1.4376509935030404e-15,0.35834903717041017,72494.41292521189,3.3326074142604597e-10,,0.23707892292418878,6.713615705966953
CH,19.700000000000003,F.nucleatum,1.3172994630648418e-15,0.3586960792541504,72578.30253788934,3.0549147326071095e-10,,0.23707892292418883,6.731541833877568
CH,19.75,F.nucleatum,1.207071145486378e-15,0.3590431213378906,72662.19215056679,2.8004721588008474e-10,,0.2370789229241889,6.749485313892368
CH,19.8,F.nucleatum,1.1060913862494432e-15,0.3593901634216309,72746.08176324425,2.5672794022550885e-10,,0.23707892292418895,6.767446146011356
CH,19.85,F.nucleatum,1.013590851745514e-15,0.3597372055053711,72829.9713759217,2.353577294798204e-10,,0.237078922924189,6.785424330234532
CH,19.900000000000002,F.nucleatum,9.28863274615824e-16,0.36008424758911134,72913.86098859916,2.1577501500545528e-10,,0.23707892292418906,6.803419866561894
CH,19.950000000000003,F.nucleatum,8.512356986160041e-16,0.3604312896728516,72997.75060127661,1.9782569226031723e-10,,0.2370789229241891,6.8214327549934435
CH,20.0,F.nucleatum,7.80124204972889e-16,0.3607783317565918,73081.64021395406,1.8137609332833385e-10,,0.23707892292418914,6.839462995529178
CH,20.05,F.nucleatum,7.149811661193967e-16,0.36112537384033205,73165.52982663152,1.6630076212873236e-10,,0.23707892292418917,6.857510588169101
CH,20.1,F.nucleatum,6.552914193654247e-16,0.36147241592407225,73249.41943930897,1.5248158187121816e-10,,0.2370789229241892,6.875575532913212
CH,20.150000000000002,F.nucleatum,6.00609176995816e-16,0.3618194580078125,73333.30905198643,1.3981638332899044e-10,,0.23707892292418922,6.893657829761509
CH,20.200000000000003,F.nucleatum,5.505096847964839e-16,0.36216650009155277,73417.19866466388,1.282077206892499e-10,,0.23707892292418925,6.9117574787139935
CH,20.25,F.nucleatum,5.046022290058218e-16,0.36251354217529297,73501.08827734133,1.175659123324801e-10,,0.23707892292418928,6.929874479770664
CH,20.3,F.nucleatum,4.625420573182859e-16,0.3628605842590332,73584.9778900188,1.0781183615475831e-10,,0.2370789229241893,6.948008832931523
CH,20.35,F.nucleatum,4.2400094514757045e-16,0.3632076263427734,73668.86750269626,9.887008866270989e-11,,0.23707892292418933,6.966160538196568
CH,20.400000000000002,F.nucleatum,3.886841561427054e-16,0.3635546684265137,73752.75711537371,9.067294966666612e-11,,0.23707892292418936,6.9843295955658
CH,20.450000000000003,F.nucleatum,3.5632351472681475e-16,0.36390171051025394,73836.64672805117,8.31587819881909e-11,,0.2370789229241894,7.00251600503922
CH,20.5,F.nucleatum,3.2666555991830177e-16,0.36424875259399414,73920.53634072862,7.626927867381132e-11,,0.23707892292418942,7.020719766616825
CH,20.55,F.nucleatum,2.9948848886304173e-16,0.3645957946777344,74004.42595340607,6.995342782638955e-11,,0.23707892292418944,7.038940880298618
CH,20.6,F.nucleatum,2.7458196034031283e-16,0.3649428367614746,74088.31556608353,6.416280873908044e-11,,0.23707892292418947,7.057179346084599
CH,20.650000000000002,F.nucleatum,2.5175444899637574e-16,0.36528987884521485,74172.20517876098,5.885331674054997e-11,,0.23707892292418947,7.075435163974766
CH,20.700000000000003,F.nucleatum,2.3083463717898287e-16,0.3656369209289551,74256.09479143845,5.398549794070624e-11,,0.23707892292418947,7.09370833396912
CH,20.75,F.nucleatum,2.1165900539910648e-16,0.3659839630126953,74339.9844041159,4.9521655702253954e-11,,0.23707892292418947,7.11199885606766
CH,20.8,F.nucleatum,1.940839126595341e-16,0.36633100509643557,74423.87401679334,4.542868207753668e-11,,0.23707892292418947,7.130306730270389
CH,20.85,F.nucleatum,1.7797496272109316e-16,0.36667804718017577,74507.7636294708,4.167557751385606e-11,,0.23707892292418947,7.148631956577304
CH,20.900000000000002,F.nucleatum,1.6320765042534238e-16,0.367025089263916,74591.65324214826,3.823360680132465e-11,,0.23707892292418947,7.166974534988407
CH,20.950000000000003,F.nucleatum,1.496719585990304e-16,0.3673721313476563,74675.54285482572,3.507738126666615e-11,,0.23707892292418947,7.185334465503697
CH,21.0,F.nucleatum,1.3726340451553001e-16,0.3677191734313965,74759.43246750317,3.218276663903757e-11,,0.23707892292418947,7.2037117481231725
CH,0.0,P.gingivalis,0.23628857950799625,0.2847261428833008,51410.709022736446,53276.50168355675,1.2049932479858398,0.0,0.0
CH,0.05,P.gingivalis,0.22484168884462868,0.2847261428833008,51410.709022736446,50695.546264686185,1.2663405276236552,0.011528256708815625,0.01423630714416504
CH,0.1,P.gingivalis,0.21355945454472713,0.2847261428833008,51410.709022736446,48151.716275422375,1.3332406354487516,0.02248828529354952,0.02847261428833008
CH,0.15000000000000002,P.gingivalis,0.20247664123109044,0.2847261428833008,51410.709022736446,45652.850171135986,1.4062172364778485,0.032889187687944965,0.04270892143249512
CH,0.2,P.gingivalis,0.19162582806427514,0.2847261428833008,51410.709022736446,43206.2936462565,1.4858442922829689,0.0427417494203291,0.05694522857666016
CH,0.25,P.gingivalis,0.18103700961833963,0.2847261428833008,51410.709022736446,40818.80964285518,1.5727510274476888,0.05205832036239447,0.0711815357208252
CH,0.30000000000000004,P.gingivalis,0.17073726783852214,0.2847261428833008,51410.709022736446,38496.504386226916,1.6676273814606526,0.06085267729881602,0.08541784286499024
CH,0.35000000000000003,P.gingivalis,0.16075051186776668,0.2847261428833008,51410.709022736446,36244.76872300914,1.7712300855223182,0.06913987179147324,0.09965415000915527
CH,0.4,P.gingivalis,0.15109730964353307,0.2847261428833008,51410.709022736446,34068.240150947146,1.8843892293980826,0.07693606732925573,0.1138904571533203
CH,0.45,P.gingivalis,0.1417947897248316,0.2847261428833008,51410.709022736446,31970.780683621313,2.00801555145886,0.08425836981346485,0.12812676429748535
CH,0.5,P.gingivalis,0.13285662069334303,0.2847261428833008,51410.709022736446,29955.472205972692,2.1431084231812574,0.09112465507391922,0.1423630714416504
CH,0.55,P.gingivalis,0.1242930592637066,0.2847261428833008,51410.709022736446,28024.627321834618,2.290764621693083,0.09755339707284547,0.15659937858581544
CH,0.6000000000000001,P.gingivalis,0.11611105950297895,0.2847261428833008,51410.709022736446,26179.813979882492,2.452187966435668,0.1035635000420126,0.17083568572998048
CH,0.65,P.gingivalis,0.10831443422826105,0.2847261428833008,51410.709022736446,24421.891864308927,2.6286999042368717,0.1091741373852936,0.1850719928741455
CH,0.7000000000000001,P.gingivalis,0.10090405890662976,0.2847261428833008,51410.709022736446,22751.058368586313,2.821751136361802,0.11440459971366587,0.19930830001831054
CH,0.75,P.gingivalis,0.0938781081980177,0.2847261428833008,51410.709022736446,21166.90192930614,3.032934390653954,0.11927415389128206,0.21354460716247556
CH,0.8,P.gingivalis,0.08723231552929993,0.2847261428833008,51410.709022736446,19668.46055291482,3.2639984523587002,0.123801914484465,0.2277809143066406
CH,0.8500000000000001,P.gingivalis,0.08096024668289649,0.2847261428833008,51410.709022736446,18254.283502332954,3.5168635787204376,0.1280067285397699,0.24201722145080565
CH,0.9,P.gingivalis,0.07505357923722311,0.2847261428833008,51410.709022736446,16922.49430300359,3.7936384350619985,0.1319070741877729,0.2562535285949707
CH,0.9500000000000001,P.gingivalis,0.06950238072305856,0.2847261428833008,51410.709022736446,15670.85345941539,4.096638703900371,0.13552097318677994,0.27048983573913576
CH,1.0,P.gingivalis,0.06429537947886727,0.2847261428833008,51410.709022736446,14496.819525443343,4.428407533964165,0.1388659171918281,0.2847261428833008
CH,1.05,P.gingivalis,0.05942022332298646,0.28473185539245605,51488.031678801824,13519.836860594316,4.791834151224214,0.14195880726187443,0.2989625928401947
CH,1.1,P.gingivalis,0.05486372246100474,0.2847375679016113,51565.354334867196,12595.956343862053,5.18990610059303,0.14481590590647422,0.31319932842254644
CH,1.1500000000000001,P.gingivalis,0.05061207325946194,0.2847432804107666,51642.676990932574,11723.946910780682,5.625995184015382,0.1474528007994859,0.3274363496303559
CH,1.2000000000000002,P.gingivalis,0.046651062495928555,0.2847489929199219,51719.999646997945,10902.36819762577,6.103805094359281,0.14988437919337066,0.34167365646362313
CH,1.25,P.gingivalis,0.04296624949366282,0.28475470542907716,51797.32230306332,10129.609268306422,6.627404271603372,0.15212481199311045,0.35591124892234804
CH,1.3,P.gingivalis,0.03954312711435063,0.2847604179382324,51874.644959128695,9403.924561348616,7.201261982006724,0.15418754640831078,0.3701491270065308
CH,1.35,P.gingivalis,0.036367261237425244,0.2847661304473877,51951.96761519407,8723.4666634293,7.830288032642317,0.1560853061171052,0.38438729071617134
CH,1.4000000000000001,P.gingivalis,0.03342441074369392,0.28477184295654295,52029.290271259444,8086.316087829978,8.51987624075826,0.15783009791663316,0.3986257400512696
CH,1.4500000000000002,P.gingivalis,0.030700626076189168,0.2847775554656982,52106.61292732482,7490.507306906476,9.275952703992782,0.15943322383713024,0.41286447501182566
CH,1.5,P.gingivalis,0.028182333485399887,0.28478326797485354,52183.935583390194,6934.052478765681,10.105027964500813,0.16090529782616997,0.4271034955978394
CH,1.55,P.gingivalis,0.025856398070016284,0.2847889804840088,52261.25823945557,6414.960952890526,11.014255725520297,0.16225626611505536,0.44134280180931096
CH,1.6,P.gingivalis,0.023710177329613284,0.28479469299316407,52338.58089552094,5931.2571803256615,12.01149569798722,0.1634954305000461,0.4555823936462403
CH,1.6500000000000001,P.gingivalis,0.021731556732378424,0.28480040550231933,52415.90355158632,5480.994748770477,13.105384442062894,0.1646314738515959,0.4698222711086274
CH,1.7000000000000002,P.gingivalis,0.019908977063695456,0.2848061180114746,52493.22620765169,5062.268766769062,14.305411930521837,0.16567248719649774,0.48406243419647227
CH,1.75,P.gingivalis,0.01823145026280122,0.28481183052062986,52570.548863717064,4673.225634616356,15.622006281187044,0.16662599787966015,0.4983028829097748
CH,1.8,P.gingivalis,0.01668856657122371,0.2848175430297852,52647.87151978244,4312.070765820497,17.066627131469723,0.16749899830051077,0.5125436172485353
CH,1.85,P.gingivalis,0.01527049494015293,0.28482325553894045,52725.19417584782,3977.0746411372243,18.65186797515078,0.16829797483829517,0.5267846372127534
CH,1.9000000000000001,P.gingivalis,0.013967977504880862,0.2848289680480957,52802.51683191319,3666.5773102448998,20.391568353297195,0.169028936649421,0.5410259428024293
CH,1.9500000000000002,P.gingivalis,0.012772318355095489,0.284834680557251,52879.83948797857,3378.991316156873,22.300938062948987,0.1696974440459204,0.555267534017563
CH,2.0,P.gingivalis,0.011675368833184619,0.28484039306640624,52957.16214404394,3112.8035553572267,24.396693341011314,0.17030863622562742,0.5695094108581544
CH,2.0500000000000003,P.gingivalis,0.010669509664712716,0.2848461055755615,53034.48480010932,2866.5761053854194,26.69720676270939,0.17086725818807486,0.5837515733242037
CH,2.1,P.gingivalis,0.009747631160984779,0.2848518180847168,53111.80745617469,2638.9463099336313,29.2226709628536,0.17137768670871728,0.5979940214157106
CH,2.15,P.gingivalis,0.008903110914478688,0.2848575305938721,53189.13011224006,2428.6259356948017,31.995280450861554,0.17184395526060386,0.6122367551326753
CH,2.2,P.gingivalis,0.008129790868233107,0.28486324310302735,53266.45276830544,2234.3998818604277,35.039430622517145,0.17226977780517166,0.6264797744750978
CH,2.25,P.gingivalis,0.007421953550915086,0.2848689556121826,53343.77542437082,2055.124375582384,38.381937270014284,0.17265857141565036,0.640723079442978
CH,2.3000000000000003,P.gingivalis,0.0067742984860920345,0.2848746681213379,53421.09808043619,1889.7249227182615,42.052275775299755,0.17301347771657555,0.6549666700363161
CH,2.35,P.gingivalis,0.006181917974172668,0.28488038063049315,53498.42073650156,1737.193791127487,46.08284707443388,0.17333738312808217,0.6692105462551119
CH,2.4000000000000004,P.gingivalis,0.005640273579507322,0.2848860931396484,53575.74339256694,1596.587394672036,50.50926858844553,0.17363293791692416,0.6834547080993655
CH,2.45,P.gingivalis,0.005145172968752749,0.28489180564880373,53653.06604863232,1467.0234871708085,55.37069548079059,0.17390257408063067,0.6976991555690767
CH,2.5,P.gingivalis,0.004692747708333668,0.284897518157959,53730.38870469769,1347.678345924836,60.71017149548026,0.17414852209755782,0.7119438886642457
CH,2.5500000000000003,P.gingivalis,0.004279431657679147,0.28490323066711426,53807.71136076307,1237.78385353625,66.57501590330925,0.17437282658170813,0.7261889073848726
CH,2.6,P.gingivalis,0.0039019401556339333,0.2849089431762695,53885.03401682844,1136.6245441018468,73.01725085785726,0.17457736087704095,0.7404342117309571
CH,2.6500000000000004,P.gingivalis,0.0035572502851038655,0.2849146556854248,53962.35667289382,1043.534708825679,80.09407065859742,0.1747638406380594,0.7546798017024996
CH,2.7,P.gingivalis,0.003242582194195448,0.28492036819458005,54039.67932895919,957.8955701542136,87.86835649212425,0.17493383645004187,0.7689256772994997
CH,2.75,P.gingivalis,0.0029553814500846063,0.2849260807037354,54117.00198502456,879.1325325774366,96.40924040298708,0.17508878554114887,0.7831718385219575
CH,2.8000000000000003,P.gingivalis,0.0026933021544305485,0.28493179321289064,54194.32464108994,806.7124437398929,105.79273207210369,0.17523000263126176,0.7974182853698732
CH,2.85,P.gingivalis,0.0024541912475529422,0.2849375057220459,54271.647297155316,740.1410056688511,116.10240481712874,0.17535868996631135,0.8116650178432466
CH,2.9000000000000004,P.gingivalis,0.0022360737777565557,0.28494321823120117,54348.96995322069,678.9602853382754,127.43015059059617,0.1754759465919441,0.8259120359420778
CH,2.95,P.gingivalis,0.002037139228248161,0.28494893074035643,54426.292609286065,622.7463667260503,139.87700339234956,0.17558277691709423,0.8401593396663667
CH,3.0,P.gingivalis,0.0018557285163167262,0.2849546432495117,54503.61526535144,571.107041006618,153.55405747339236,0.17568009861070835,0.8544069290161134
CH,3.0500000000000003,P.gingivalis,0.0016903220388428469,0.284960355758667,54580.937921416815,523.6796604487059,168.58347061116467,0.17576874987458735,0.8686548039913179
CH,3.1,P.gingivalis,0.0015395285155607305,0.2849660682678223,54658.260577482186,480.1290935614632,185.09957132169865,0.17584949613844744,0.88290296459198
CH,3.1500000000000004,P.gingivalis,0.001402074749907118,0.28497178077697755,54735.583233547564,440.14583059501,203.25006266310396,0.17592303622008415,0.8971514108181001
CH,3.2,P.gingivalis,0.0012767959467645975,0.2849774932861328,54812.905889612935,403.4441386357105,223.19736682142994,0.17599000798750095,0.9114001426696778
CH,3.25,P.gingivalis,0.0011626268706168064,0.2849832057952881,54890.228545678314,369.7603644845697,245.1200922649383,0.1760509935579355,0.9256491601467133
CH,3.3000000000000003,P.gingivalis,0.0010585936229433068,0.28498891830444334,54967.551201743685,338.8513266237578,269.214656245578,0.1761065240702745,0.9398984632492067
CH,3.35,P.gingivalis,0.0009638061166550416,0.28499463081359866,55044.873857809056,310.4928302516218,295.69705554753375,0.17615708406376446,0.9541480519771577
CH,3.4000000000000004,P.gingivalis,0.0008774511370698567,0.2850003433227539,55122.196513874434,284.47827959768665,324.80480254943717,0.1762031154951076,0.9683979263305665
CH,3.45,P.gingivalis,0.0007987856990112308,0.2850060558319092,55199.51916993981,260.61730120998044,356.79914673572796,0.17624502141600962,0.9826480863094331
CH,3.5,P.gingivalis,0.0007271314317525241,0.28501176834106445,55276.841826005184,238.7346227205508,391.9673334078438,0.1762831693442787,0.9968985319137574
CH,3.5500000000000003,P.gingivalis,0.0006618688318111164,0.2850174808502197,55354.16448207056,218.66883864893367,430.6253250667615,0.1763178943508678,1.0111492631435397
CH,3.6,P.gingivalis,0.000602432482888987,0.285023193359375,55431.48713813593,200.27142678861992,473.1205594899794,0.1763495018837353,1.0254002799987796
CH,3.6500000000000004,P.gingivalis,0.0005483062971713593,0.28502890586853025,55508.80979420131,183.40571274121208,519.8351858057389,0.1763782703532368,1.0396515824794772
CH,3.7,P.gingivalis,0.0004990193836266821,0.28503461837768557,55586.13245026668,167.94598673628553,571.1894722528871,0.17640445349525677,1.0539031705856325
CH,3.75,P.gingivalis,0.0004541421115393044,0.28504033088684083,55663.455106332054,153.77663556451847,627.645672233969,0.17642828253263593,1.0681550443172456
CH,3.8000000000000003,P.gingivalis,0.0004132826347513746,0.2850460433959961,55740.77776239743,140.79138287414912,689.7121229578785,0.17644996815129319,1.0824072036743166
CH,3.85,P.gingivalis,0.0003760835260654462,0.28505175590515136,55818.10041846281,128.89252432353408,757.9479986463075,0.1764697023053136,1.0966596486568452
CH,3.9000000000000004,P.gingivalis,0.0003422188456784026,0.2850574684143066,55895.42307452818,117.99027084020433,832.9683534792443,0.1764876598646072,1.1109123792648317
CH,3.95,P.gingivalis,0.0003113914779799003,0.2850631809234619,55972.74573059355,108.00214877672865,915.4495260203048,0.17650400012269868,1.1251653954982759
CH,4.0,P.gingivalis,0.0002833305137656137,0.2850688934326172,56050.06838665893,98.85238304175944,1006.1355187053435,0.17651886817249232,1.1394186973571778
CH,4.05,P.gingivalis,0.0002577889873343371,0.2850746059417725,56127.39104272431,90.47137246875708,1105.8447798316827,0.1765323961600198,1.1536722848415375
CH,4.1000000000000005,P.gingivalis,0.0002345418552389072,0.28508031845092774,56204.71369878968,82.79522256130744,1215.4773746482965,0.17654470443108414,1.1679261579513551
CH,4.15,P.gingivalis,0.0002133840219381567,0.285086030960083,56282.03635485506,75.76526994469884,1336.0233271950751,0.17655590257801357,1.1821803166866303
CH,4.2,P.gingivalis,0.00019412858503852607,0.28509174346923827,56359.35901092043,69.3276608700696,1468.5716861978876,0.176566090393188,1.1964347610473633
CH,4.25,P.gingivalis,0.0001766052310144317,0.28509745597839353,56436.68166698581,63.4329621098377,1614.3205631043631,0.17657535873858932,1.2106894910335542
CH,4.3,P.gingivalis,0.00016065883230490253,0.28510316848754885,56514.00432305118,58.03582479722851,1774.5875803856995,0.1765837903401723,1.2249445066452027
CH,4.3500000000000005,P.gingivalis,0.00014614805884291505,0.2851088809967041,56591.32697911656,53.09463619418606,1950.8222227101144,0.176591460512451,1.2391998078823092
CH,4.4,P.gingivalis,0.0001329441737876816,0.2851145935058594,56668.64963518193,48.57122162113731,2144.618943295713,0.17659843781826676,1.2534553947448732
CH,4.45,P.gingivalis,0.000120929920897522,0.28512030601501465,56745.97229124731,44.4305651928785,2357.7316837627827,0.1766047846706339,1.267711267232895
CH,4.5,P.gingivalis,0.0001099985089275161,0.2851260185241699,56823.29494731268,40.64055266940887,2592.08985016383,0.17661055788137953,1.2819674253463744
CH,4.55,P.gingivalis,0.00010005268476903481,0.2851317310333252,56900.61760337805,37.171734741517334,2849.8158914129435,0.17661580916122194,1.2962238690853118
CH,4.6000000000000005,P.gingivalis,9.100388772963063e-05,0.2851374435424805,56977.94025944343,33.997109189172654,,0.1766205855755344,1.3104805984497072
CH,4.65,P.gingivalis,8.277147798096999e-05,0.28514315605163576,57055.26291550881,31.09192046202523,,0.17662492995967716,1.32473761343956
CH,4.7,P.gingivalis,7.528202700150666e-05,0.285148868560791,57132.58557157418,28.433473152216852,,0.17662888129730173,1.3389949140548707
CH,4.75,P.gingivalis,6.846870077510356e-05,0.2851545810699463,57209.90822763955,26.000971933736427,,0.17663247506549615,1.353252500295639
CH,4.800000000000001,P.gingivalis,6.227063702904177e-05,0.28516029357910155,57287.23088370493,23.775351613283977,,0.17663574354894124,1.3675103721618653
CH,4.8500000000000005,P.gingivalis,5.663243148443085e-05,0.2851660060882568,57364.553539770306,21.739141340794834,,0.17663871612565407,1.3817685296535491
CH,4.9,P.gingivalis,5.150364892983481e-05,0.2851717185974121,57441.87619583568,19.876332058957434,,0.17664141952766443,1.3960269727706909
CH,4.95,P.gingivalis,4.683838035425391e-05,0.2851774311065674,57519.19885190105,18.172255788312853,,0.17664387807839654,1.4102857015132904
CH,5.0,P.gingivalis,4.259485451709762e-05,0.28518314361572267,57596.52150796643,16.613480678726255,,0.17664611390926832,1.4245447158813476
CH,5.050000000000001,P.gingivalis,3.873503841713158e-05,0.28518885612487793,57673.844164031805,15.187696914152138,,0.1766481471565917,1.4388040158748627
CH,5.1000000000000005,P.gingivalis,3.522432205061631e-05,0.2851945686340332,57751.166820097176,13.883630908805003,,0.1766499961406034,1.4530636014938354
CH,5.15,P.gingivalis,3.2031207774391895e-05,0.28520028114318846,57828.489476162555,12.690957437057534,,0.17665167752884903,1.4673234727382658
CH,5.2,P.gingivalis,2.912703416193859e-05,0.2852059936523437,57905.812132227926,11.600221666672267,,0.17665320648489743,1.4815836296081542
CH,5.25,P.gingivalis,2.6485685818239755e-05,0.28521170616149905,57983.134788293304,10.602752162834484,,0.17665459680289694,1.4958440721035002
CH,5.300000000000001,P.gingivalis,2.408345521978014e-05,0.2852174186706543,58060.457444358675,9.69063148209754,,0.1766558610314229,1.5101048002243043
CH,5.3500000000000005,P.gingivalis,2.1898746493687465e-05,0.2852231311798096,58137.780100424054,8.856601135919309,,0.1766570105864657,1.5243658139705658
CH,5.4,P.gingivalis,1.9911883971413832e-05,0.28522884368896484,58215.102756489425,8.094005488107781,,0.17665805585222735,1.538627113342285
CH,5.45,P.gingivalis,1.8104989195845534e-05,0.2852345561981201,58292.4254125548,7.396761255923731,,0.17665900627405653,1.552888698339462
CH,5.5,P.gingivalis,1.6461805162052035e-05,0.28524026870727537,58369.748068620174,6.75930382703448,,0.17665987044391548,1.5671505689620968
CH,5.550000000000001,P.gingivalis,1.4967526172062857e-05,0.2852459812164307,58447.07072468555,6.176533723908525,,0.17666065617719884,1.5814127252101897
CH,5.6000000000000005,P.gingivalis,1.3608667994744164e-05,0.28525169372558595,58524.393380750924,5.643777683546864,,0.176661370582053,1.5956751670837401
CH,5.65,P.gingivalis,1.2372989727456759e-05,0.2852574062347412,58601.7160368163,5.1567696827813885,,0.17666202012349605,1.6099378945827483
CH,5.7,P.gingivalis,1.1249362886128477e-05,0.2852631187438965,58679.03869288167,4.711608896671218,,0.1766626106823114,1.6242009077072141
CH,5.75,P.gingivalis,1.0227604001357846e-05,0.28526883125305175,58756.361348947044,4.304700681219527,,0.17666314760648358,1.6384642064571378
CH,5.800000000000001,P.gingivalis,9.298536015190498e-06,0.285274543762207,58833.68400501242,3.9327922606222314,,0.176663635759984,1.6527277908325195
CH,5.8500000000000005,P.gingivalis,8.453733742278594e-06,0.28528025627136233,58911.0066610778,3.5928748982287844,,0.17666407956672794,1.6669916608333588
CH,5.9,P.gingivalis,7.685580436018346e-06,0.2852859687805176,58988.32931714317,3.2822157869021757,,0.1766644830495824,1.6812558164596558
CH,5.95,P.gingivalis,6.987138268057144e-06,0.28529168128967286,59065.65197320854,2.9983107843010064,,0.17666484986755002,1.6955202577114106
CH,6.0,P.gingivalis,6.35207045335876e-06,0.2852973937988281,59142.97462927392,2.73885781789779,,0.17666518334776804,1.709784984588623
CH,6.050000000000001,P.gingivalis,5.774660733474968e-06,0.28435155153274533,58871.53457076664,2.474366693911623,,0.17666548651604772,1.7240262082219127
CH,6.1000000000000005,P.gingivalis,5.249660330901818e-06,0.2834057092666626,58600.09451225936,2.2352962913685457,,0.17666576212407434,1.7382201397418977
CH,6.15,P.gingivalis,4.772334249347616e-06,0.28245986700057985,58328.65445375208,2.019220454278985,,0.17666601267393883,1.7523667791485786
CH,6.2,P.gingivalis,4.338348685512344e-06,0.28151402473449705,58057.2143952448,1.823932619897333,,0.1766662404410122,1.7664661264419554
CH,6.25,P.gingivalis,3.943786464544064e-06,0.2805681824684143,57785.77433673752,1.6474468732386878,,0.17666644749439095,1.7805181816220281
CH,6.300000000000001,P.gingivalis,3.5850561406821037e-06,0.2796223402023315,57514.33427823024,1.4879546190067479,,0.17666663571545607,1.794522944688797
CH,6.3500000000000005,P.gingivalis,3.258925067283844e-06,0.27867649793624877,57242.89421972296,1.3438338392975473,,0.17666680681498628,1.8084804156422614
CH,6.4,P.gingivalis,2.9624168097167395e-06,0.277730655670166,56971.45416121568,1.2136022436651195,,0.1766669623485332,1.8223905944824217
CH,6.45,P.gingivalis,2.6928630880209615e-06,0.27678481340408323,56700.01410270841,1.095934964278124,,0.17666710373053066,1.836253481209278
CH,6.5,P.gingivalis,2.44779767578325e-06,0.2758389711380005,56428.57404420113,0.98961751778217,,0.17666723224704975,1.85006907582283
CH,6.550000000000001,P.gingivalis,2.225017907784443e-06,0.2748931288719177,56157.13398569384,0.8935677905142426,,0.17666734906743933,1.8638373783230782
CH,6.6000000000000005,P.gingivalis,2.022480924066504e-06,0.27394728660583495,55885.69392718657,0.8067911059160001,,0.17666745525491012,1.877558388710022
CH,6.65,P.gingivalis,1.8383680534467765e-06,0.2730014443397522,55614.25386867929,0.7284035864432326,,0.17666755177613455,1.8912321069836617
CH,6.7,P.gingivalis,1.6709877885869133e-06,0.2720556020736694,55342.81381017201,0.6575909570859316,,0.1766676395100306,1.9048585331439973
CH,6.75,P.gingivalis,1.5188407696290255e-06,0.27110975980758667,55071.37375166473,0.5936322344305907,,0.17666771925574454,1.9184376671910286
CH,6.800000000000001,P.gingivalis,1.3805173902412127e-06,0.2701639175415039,54799.93369315745,0.5358573986338802,,0.17666779173969854,1.931969509124756
CH,6.8500000000000005,P.gingivalis,1.2547871417837576e-06,0.26921807527542113,54528.49363465017,0.48368062617698765,,0.17666785762231185,1.945454058945179
CH,6.9,P.gingivalis,1.1404939200380708e-06,0.2682722330093384,54257.05357614289,0.43655780774693886,,0.17666791750433838,1.9588913166522979
CH,6.95,P.gingivalis,1.0365948887673384e-06,0.2673263907432556,53985.61351763562,0.3940003196801654,,0.17666797193155862,1.9722812822461127
CH,7.0,P.gingivalis,9.421593704894138e-07,0.26638054847717285,53714.17345912834,0.35557308263833437,,0.1766680214004151,1.9856239557266233
CH,7.050000000000001,P.gingivalis,8.563080439491815e-07,0.26543470621109005,53442.73340062105,0.32087027028666504,,0.17666806636210047,1.99891933709383
CH,7.1000000000000005,P.gingivalis,7.782769664907277e-07,0.2644888639450073,53171.29334211377,0.28953843681375885,,0.17666810722672574,2.0121674263477325
CH,7.15,P.gingivalis,7.073485536153764e-07,0.26354302167892457,52899.8532836065,0.26124947410615285,,0.17666814436736375,2.025368223488331
CH,7.2,P.gingivalis,6.428738009671372e-07,0.2625971794128418,52628.41322509922,0.23570813617774453,,0.17666817812292263,2.038521728515625
CH,7.25,P.gingivalis,5.842752506853425e-07,0.26165133714675903,52356.97316659194,0.2126521968545482,,0.1766682088016489,2.051627941429615
CH,7.300000000000001,P.gingivalis,5.310064246818448e-07,0.26070549488067624,52085.53310808466,0.1918368324004948,,0.1766682366836908,2.064686862230301
CH,7.3500000000000005,P.gingivalis,4.825923496634475e-07,0.2597596526145935,51814.09304957738,0.17304873657335001,,0.17666826202366015,2.0776984909176828
CH,7.4,P.gingivalis,4.385878561452416e-07,0.2588138103485107,51542.6529910701,0.15609031827542075,,0.17666828505316529,2.0906628274917605
CH,7.45,P.gingivalis,3.985891606974708e-07,0.25786796808242796,51271.21293256282,0.14078339178999508,,0.1766683059825907,2.103579871952534
CH,7.5,P.gingivalis,3.622380587930487e-07,0.2569221258163452,50999.77287405555,0.1269700900732259,,0.17666832500327118,2.1164496243000035
CH,7.550000000000001,P.gingivalis,3.2919511470919995e-07,0.2559762835502624,50728.33281554826,0.11450292674744884,,0.17666834228910053,2.129272084534169
CH,7.6000000000000005,P.gingivalis,2.9916504217546066e-07,0.2550304412841797,50456.89275704099,0.10325330361868826,,0.17666835799810446,2.14204725265503
CH,7.65,P.gingivalis,2.718718026445978e-07,0.2540845990180969,50185.4526985337,0.09310238957369296,,0.17666837227402557,2.154775128662587
CH,7.7,P.gingivalis,2.47064252982773e-07,0.25313875675201414,49914.01264002643,0.08394278069082817,,0.17666838524742695,2.1674557125568397
CH,7.75,P.gingivalis,2.2452045029995239e-07,0.2521929144859314,49642.57258151915,0.07567961660164516,,0.17666839703704454,2.180089004337788
CH,7.800000000000001,P.gingivalis,2.040290754431726e-07,0.2512470722198486,49371.13252301187,0.06822397626308961,,0.17666840775078269,2.192675004005433
CH,7.8500000000000005,P.gingivalis,1.8540681412930636e-07,0.25030122995376586,49099.69246450459,0.06149850037268155,,0.1766684174866799,2.205213711559773
CH,7.9,P.gingivalis,1.6848374993806035e-07,0.2493553876876831,48828.25240599731,0.05543220909288787,,0.176668426333944,2.217705127000809
CH,7.95,P.gingivalis,1.5310145827548628e-07,0.24840954542160032,48556.81234749003,0.04995969996592645,,0.1766684343735742,2.230149250328541
CH,8.0,P.gingivalis,1.3912355572299834e-07,0.24746370315551758,48285.37228898275,0.045024407499839374,,0.17666844167919957,2.2425460815429688
CH,8.05,P.gingivalis,1.2642058183795326e-07,0.24651786088943478,48013.93223047547,0.040573454822701645,,0.176668448317803,2.254895620644093
CH,8.1,P.gingivalis,1.1487504030511759e-07,0.24557201862335204,47742.492171968195,0.036559164969243656,,0.17666845435019357,2.2671978676319124
CH,8.15,P.gingivalis,1.0438402860216751e-07,0.24462617635726927,47471.052113460915,0.032939729868035734,,0.1766684598316703,2.2794528225064283
CH,8.200000000000001,P.gingivalis,9.484961812551323e-08,0.2436803340911865,47199.61205495363,0.029676004341211218,,0.17666846481251144,2.29166048526764
CH,8.25,P.gingivalis,8.618484941457547e-08,0.24273449182510376,46928.171996446355,0.026733298870628676,,0.17666846933837313,2.3038208559155473
CH,8.3,P.gingivalis,7.831170086672232e-08,0.24178864955902096,46656.73193793907,0.024080607522096568,,0.1766684734507869,2.3159339344501504
CH,8.35,P.gingivalis,7.115601082952029e-08,0.24084280729293822,46385.291879431796,0.021688940002524686,,0.1766684771874797,2.327999720871449
CH,8.4,P.gingivalis,6.465388292585941e-08,0.23989696502685545,46113.851820924516,0.01953320494355771,,0.17666848058272702,2.3400182151794438
CH,8.450000000000001,P.gingivalis,5.8745642752685865e-08,0.23895112276077268,45842.411762417236,0.017590262350738125,,0.17666848366771518,2.3519894173741345
CH,8.5,P.gingivalis,5.337596471709621e-08,0.23800528049468994,45570.97170390996,0.015838904483727028,,0.17666848647075536,2.3639133274555206
CH,8.55,P.gingivalis,4.849712219841953e-08,0.23705943822860714,45299.531645402676,0.014260753115639119,,0.17666848901758253,2.375789945423603
CH,8.6,P.gingivalis,4.4063731915586964e-08,0.2361135959625244,45028.0915868954,0.012838626070496482,,0.1766684913316039,2.387619271278381
CH,8.65,P.gingivalis,4.0034804626096875e-08,0.23516775369644163,44756.651528388116,0.011557097709040594,,0.17666849343406732,2.3994013050198553
CH,8.700000000000001,P.gingivalis,3.6374306677309816e-08,0.23422191143035886,44485.21146988084,0.010402600454906817,,0.1766684953442951,2.4111360466480254
CH,8.75,P.gingivalis,3.304787356592687e-08,0.2332760691642761,44213.771411373564,0.009362427129898864,,0.1766684970798496,2.422823496162891
CH,8.8,P.gingivalis,3.002527230327121e-08,0.23233022689819333,43942.33135286628,0.008425399480019136,,0.17666849865667825,2.434463653564453
CH,8.85,P.gingivalis,2.7279112990700252e-08,0.23138438463211058,43670.891294359004,0.007581454553121855,,0.1766685000892879,2.44605651885271
CH,8.9,P.gingivalis,2.478347485773069e-08,0.23043854236602782,43399.451235851724,0.006821228318755297,,0.17666850139085258,2.4576020920276638
CH,8.950000000000001,P.gingivalis,2.2516071724790642e-08,0.22949270009994502,43128.01117734444,0.006136626102623793,,0.17666850257334124,2.4691003730893133
CH,9.0,P.gingivalis,2.0455977518557373e-08,0.22854685783386228,42856.571118837164,0.0055201599431598195,,0.17666850364764247,2.4805513620376582
CH,9.05,P.gingivalis,1.8583901473486095e-08,0.2276010155677795,42585.131060329884,0.004965003831907517,,0.17666850462363945,2.4919550588726995
CH,9.1,P.gingivalis,1.6883154381601448e-08,0.22665517330169677,42313.691001822604,0.0044652272815964185,,0.17666850551031585,2.5033114635944362
CH,9.15,P.gingivalis,1.5337853448696196e-08,0.22570933103561397,42042.250943315325,0.004015290402569299,,0.17666850631584105,2.5146205762028693
CH,9.200000000000001,P.gingivalis,1.3933716145149857e-08,0.2247634887695312,41770.810884808045,0.003610238749374169,,0.1766685070476303,2.525882396697998
CH,9.25,P.gingivalis,1.265813511177315e-08,0.22381764650344846,41499.37082630077,0.0032457010146492156,,0.17666850771242656,2.5370969250798225
CH,9.3,P.gingivalis,1.1499076797657508e-08,0.2228718042373657,41227.930767793485,0.0029175870676859815,,0.17666850831635686,2.548264161348343
CH,9.35,P.gingivalis,1.0446035371386326e-08,0.22192596197128295,40956.49070928621,0.0026223197055621644,,0.17666850886498467,2.5593841055035593
CH,9.4,P.gingivalis,9.489408137103482e-09,0.22098011970520015,40685.050650778925,0.0023566590024155067,,0.17666850936337075,2.5704567575454718
CH,9.450000000000001,P.gingivalis,8.620151522991828e-09,0.22003427743911738,40413.610592271645,0.002117605659248822,,0.17666850981610974,2.58148211747408
CH,9.5,P.gingivalis,7.830496989087814e-09,0.21908843517303464,40142.17053376437,0.0019025674307902888,,0.17666851022737595,2.592460185289384
CH,9.55,P.gingivalis,7.113117306818645e-09,0.21814259290695187,39870.73047525709,0.0017091416582464929,,0.1766685106009663,2.6033909609913835
CH,9.600000000000001,P.gingivalis,6.461295973499741e-09,0.21719675064086907,39599.290416749805,0.001535149588065807,,0.17666851094032665,2.614274444580079
CH,9.65,P.gingivalis,5.869201386698007e-09,0.21625090837478633,39327.85035824253,0.0013786925661056716,,0.1766685112485891,2.62511063605547
CH,9.700000000000001,P.gingivalis,5.3312843846357616e-09,0.21530506610870356,39056.410299735246,0.0012380002419152543,,0.17666851152860125,2.635899535417557
CH,9.75,P.gingivalis,4.842573561683148e-09,0.21435922384262082,38784.97024122797,0.0011114945542539585,,0.1766685117829477,2.64664114266634
CH,9.8,P.gingivalis,4.398661830615595e-09,0.21341338157653805,38513.53018272069,0.0009977789159462094,,0.1766685120139786,2.657335457801819
CH,9.850000000000001,P.gingivalis,3.995343886141377e-09,0.21246753931045526,38242.09012421341,0.0008955493656423195,,0.17666851222382873,2.667982480823994
CH,9.9,P.gingivalis,3.6289708015123397e-09,0.21152169704437251,37970.65006570614,0.0008036703840163578,,0.1766685124144366,2.678582211732864
CH,9.950000000000001,P.gingivalis,3.296180464154443e-09,0.21057585477828974,37699.21000719885,0.0007211084413375743,,0.17666851258756539,2.689134650528431
CH,10.0,P.gingivalis,2.993823047301627e-09,0.209630012512207,37427.76994869158,0.000646912037474104,,0.17666851274481546,2.699639797210693
CH,10.05,P.gingivalis,2.719192249808405e-09,0.21003290176391598,37519.46796968869,0.0005877485732084559,,0.17666851288764085,2.710131370067596
CH,10.100000000000001,P.gingivalis,2.4697263793838757e-09,0.21043579101562498,37611.1659906858,0.0005339898899351517,,0.1766685130173638,2.720643087387085
CH,10.15,P.gingivalis,2.2430901694412847e-09,0.21083868026733396,37702.8640116829,0.00048513589602032156,,0.17666851313518422,2.7311749491691586
CH,10.200000000000001,P.gingivalis,2.0372475327901916e-09,0.21124156951904294,37794.562032680005,0.00044075060992765825,,0.17666851324219265,2.741726955413818
CH,10.25,P.gingivalis,1.8502630600337456e-09,0.21164445877075191,37886.260053677106,0.00040041930075157117,,0.1766685133393804,2.752299106121063
CH,10.3,P.gingivalis,1.6804080433279715e-09,0.21204734802246092,37977.958074674214,0.0003637714732421578,,0.1766685134276472,2.762891401290893
CH,10.350000000000001,P.gingivalis,1.5261434491553534e-09,0.2124502372741699,38069.65609567132,0.00033047724883881086,,0.176668513507811,2.773503840923309
CH,10.4,P.gingivalis,1.3860025896263726e-09,0.21285312652587887,38161.35411666843,0.0003002220136630435,,0.17666851358061464,2.78413642501831
CH,10.450000000000001,P.gingivalis,1.258718792118878e-09,0.21325601577758788,38253.05213766553,0.0002727341053226882,,0.17666851364673267,2.794789153575897
CH,10.5,P.gingivalis,1.14311657011677e-09,0.21365890502929685,38344.75015866264,0.00024776129104189457,,0.17666851370677855,2.805462026596069
CH,10.55,P.gingivalis,1.0381007061072237e-09,0.21406179428100583,38436.44817965975,0.000225068430823575,,0.176668513761309,2.8161550440788266
CH,10.600000000000001,P.gingivalis,9.427290616001501e-10,0.21446468353271483,38528.14620065685,0.00020445329451535593,,0.17666851381082974,2.82686820602417
CH,10.65,P.gingivalis,8.561074796282907e-10,0.2148675727844238,38619.844221653955,0.0001857238124667495,,0.17666851385580065,2.837601512432098
CH,10.700000000000001,P.gingivalis,7.774251086567813e-10,0.2152704620361328,38711.54224265106,0.00016870575684844612,,0.17666851389663896,2.848354963302612
CH,10.75,P.gingivalis,7.05972200884535e-10,0.21567335128784176,38803.240263648164,0.00015324663263823529,,0.1766685139337239,2.859128558635711
CH,10.8,P.gingivalis,6.410734128408391e-10,0.21607624053955077,38894.93828464527,0.0001392012280114481,,0.17666851396740005,2.869922298431396
CH,10.850000000000001,P.gingivalis,5.821297590642775e-10,0.21647912979125974,38986.63630564238,0.00012644073818310952,,0.17666851399798011,2.8807361826896662
CH,10.9,P.gingivalis,5.286038694028062e-10,0.21688201904296872,39078.33432663948,0.00011484958745209918,,0.17666851402574846,2.8915702114105217
CH,10.950000000000001,P.gingivalis,4.799852226578514e-10,0.21728490829467773,39170.03234763659,0.00010431789355608586,,0.17666851405096318,2.9024243845939632
CH,11.0,P.gingivalis,4.35834389124408e-10,0.2176877975463867,39261.730368633696,9.4751094926449e-05,,0.17666851407385867,2.9132987022399894
CH,11.05,P.gingivalis,3.957410106582677e-10,0.21809068679809568,39353.4283896308,8.606083616417766e-05,,0.17666851409464807,2.9241931643486017
CH,11.100000000000001,P.gingivalis,3.5932491716127806e-10,0.21849357604980468,39445.126410627905,7.81652205017314e-05,,0.17666851411352472,2.9351077709197995
CH,11.15,P.gingivalis,3.262583852057856e-10,0.21889646530151366,39536.82443162501,7.099366322583808e-05,,0.1766685141306643,2.9460425219535824
CH,11.200000000000001,P.gingivalis,2.9622984994572204e-10,0.21929935455322264,39628.52245262212,6.447901031231254e-05,,0.17666851414622653,2.956997417449951
CH,11.25,P.gingivalis,2.6895815021697764e-10,0.2197022438049316,39720.22047361922,5.856064536197029e-05,,0.17666851416035623,2.9679724574089046
CH,11.3,P.gingivalis,2.441963596224245e-10,0.2201051330566406,39811.91849461633,5.31853340292681e-05,,0.17666851417318508,2.978967641830444
CH,11.350000000000001,P.gingivalis,2.217088108119905e-10,0.2205080223083496,39903.61651561344,4.8302229746310354e-05,,0.1766685141848327,2.9899829707145686
CH,11.4,P.gingivalis,2.0128778789630174e-10,0.22091091156005857,39995.31453661054,4.386651520322204e-05,,0.1766685141954076,3.0010184440612786
CH,11.450000000000001,P.gingivalis,1.8274735045920727e-10,0.22131380081176755,40087.012557607646,3.983806523126922e-05,,0.17666851420500848,3.0120740618705746
CH,11.5,P.gingivalis,1.6590983345085345e-10,0.22171669006347652,40178.71057860475,3.617851013465801e-05,,0.1766685142137249,3.0231498241424553
CH,11.55,P.gingivalis,1.5062073426075555e-10,0.22211957931518553,40270.408599601855,3.285448569627993e-05,,0.17666851422163815,3.034245730876922
CH,11.600000000000001,P.gingivalis,1.3674023969384052e-10,0.2225224685668945,40362.10662059896,2.9835792061228354e-05,,0.17666851422882218,3.0453617820739742
CH,11.65,P.gingivalis,1.2413497092835408e-10,0.22292535781860348,40453.80464159607,2.709359684319915e-05,,0.17666851423534408,3.0564979777336116
CH,11.700000000000001,P.gingivalis,1.126897391231944e-10,0.22332824707031249,40545.50266259317,2.4603003791476185e-05,,0.1766685142412647,3.0676543178558346
CH,11.75,P.gingivalis,1.0229942465383316e-10,0.22373113632202146,40637.20068359028,2.2341285287945518e-05,,0.17666851424663943,3.0788308024406428
CH,11.8,P.gingivalis,9.286397367741162e-11,0.22413402557373044,40728.89870458739,2.0286792632509343e-05,,0.17666851425151853,3.090027431488037
CH,11.850000000000001,P.gingivalis,8.429746359008773e-11,0.22453691482543944,40820.59672558449,1.8420938725343118e-05,,0.17666851425594757,3.1012442049980162
CH,11.9,P.gingivalis,7.65208688288944e-11,0.22493980407714842,40912.294746581596,1.6726621411646487e-05,,0.17666851425996802,3.1124811229705807
CH,11.950000000000001,P.gingivalis,6.945918908610392e-11,0.2253426933288574,41003.992767578704,1.5187597826301538e-05,,0.17666851426361752,3.123738185405731
CH,12.0,P.gingivalis,6.304830059465555e-11,0.22574558258056637,41095.690788575805,1.3789984241212006e-05,,0.1766685142669302,3.1350153923034663
CH,12.05,P.gingivalis,5.722880337538369e-11,0.22614847183227538,41187.38880957291,1.2520913510971146e-05,,0.17666851426993713,3.1463127436637874
CH,12.100000000000001,P.gingivalis,5.194451573081745e-11,0.22655136108398435,41279.08683057002,1.1368207146565146e-05,,0.17666851427266647,3.157630239486694
CH,12.15,P.gingivalis,4.714755961491718e-11,0.22695425033569333,41370.78485156712,1.0321489660189528e-05,,0.17666851427514377,3.168967879772186
CH,12.200000000000001,P.gingivalis,4.279329479153969e-11,0.22735713958740233,41462.48287256423,9.371081961702222e-06,,0.1766685142773923,3.1803256645202636
CH,12.25,P.gingivalis,3.88396631924888e-11,0.2277600288391113,41554.18089356134,8.507858807687264e-06,,0.17666851427943311,3.191703593730926
CH,12.3,P.gingivalis,3.525090050184356e-11,0.2281629180908203,41645.878914558445,7.724062923462318e-06,,0.17666851428128538,3.203101667404175
CH,12.350000000000001,P.gingivalis,3.1993465826382106e-11,0.2285658073425293,41737.576935555546,7.012414933073283e-06,,0.17666851428296648,3.2145198855400086
CH,12.4,P.gingivalis,2.903589279766995e-11,0.22896869659423827,41829.274956552654,6.366081446989024e-06,,0.1766685142844922,3.2259582481384275
CH,12.450000000000001,P.gingivalis,2.635145448961062e-11,0.22937158584594725,41920.97297754976,5.7792602018345585e-06,,0.17666851428587688,3.2374167551994324
CH,12.5,P.gingivalis,2.3914955748392518e-11,0.22977447509765622,42012.67099854686,5.246477922974897e-06,,0.17666851428713354,3.248895406723022
CH,12.55,P.gingivalis,2.1702867375109413e-11,0.2301773643493652,42104.36901954397,4.762620275668723e-06,,0.176668514288274,3.2603942027091977
CH,12.600000000000001,P.gingivalis,1.9695208133513937e-11,0.2305802536010742,42196.06704054108,4.3233455388999e-06,,0.17666851428930894,3.271913143157959
CH,12.65,P.gingivalis,1.787305721094821e-11,0.23098314285278318,42287.76506153818,3.924539565462977e-06,,0.17666851429024813,3.2834522280693053
CH,12.700000000000001,P.gingivalis,1.6218829235788815e-11,0.23138603210449216,42379.46308253529,3.5623765377974683e-06,,0.17666851429110042,3.295011457443237
CH,12.75,P.gingivalis,1.4717580517782084e-11,0.23178892135620116,42471.16110353239,3.2336064031320083e-06,,0.17666851429187383,3.3065908312797543
CH,12.8,P.gingivalis,1.3355106460829722e-11,0.23219181060791014,42562.859124529496,2.935137600985233e-06,,0.17666851429257566,3.3181903495788574
CH,12.850000000000001,P.gingivalis,1.2118269921849385e-11,0.23259469985961911,42654.5571455266,2.6641094941449027e-06,,0.17666851429321248,3.3298100123405456
CH,12.9,P.gingivalis,1.0995890877189146e-11,0.2329975891113281,42746.25516652371,2.4180883658383397e-06,,0.17666851429379032,3.341449819564819
CH,12.950000000000001,P.gingivalis,9.977309010962293e-12,0.2334004783630371,42837.95318752081,2.1947518715935907e-06,,0.17666851429431465,3.3531097712516784
CH,13.0,P.gingivalis,9.052714145937335e-12,0.23380336761474607,42929.65120851792,1.991961918769723e-06,,0.1766685142947904,3.364789867401123
CH,13.05,P.gingivalis,8.213739402920505e-12,0.23420625686645505,43021.34922951503,1.807895505060362e-06,,0.17666851429522207,3.376490108013153
CH,13.100000000000001,P.gingivalis,7.452387381060064e-12,0.23460914611816405,43113.04725051213,1.6408087692665672e-06,,0.17666851429561373,3.388210493087769
CH,13.15,P.gingivalis,6.761334870577897e-12,0.23501203536987303,43204.74527150924,1.4891042225479775e-06,,0.17666851429596908,3.3999510226249696
CH,13.200000000000001,P.gingivalis,6.1343185293878216e-12,0.235414924621582,43296.443292506345,1.3514159369622069e-06,,0.17666851429629146,3.411711696624756
CH,13.25,P.gingivalis,5.565341129823353e-12,0.23581781387329098,43388.141313503445,1.2264349755325914e-06,,0.17666851429658395,3.4234925150871276
CH,13.3,P.gingivalis,5.048937578275995e-12,0.236220703125,43479.83933450055,1.1129681203547244e-06,,0.1766685142968493,3.435293478012085
CH,13.350000000000001,P.gingivalis,4.580418056381194e-12,0.23662359237670896,43571.53735549766,1.0099916612485987e-06,,0.17666851429709002,3.447114585399628
CH,13.4,P.gingivalis,4.155287249640807e-12,0.23702648162841794,43663.23537649476,9.165235518702603e-07,,0.1766685142973084,3.4589558372497557
CH,13.450000000000001,P.gingivalis,3.769467706811319e-12,0.23742937088012694,43754.93339749187,8.316727545425911e-07,,0.17666851429750652,3.4708172335624696
CH,13.5,P.gingivalis,3.4194470755645333e-12,0.23783226013183592,43846.63141848898,7.546718729881645e-07,,0.17666851429768624,3.4826987743377686
CH,13.55,P.gingivalis,3.1018574327167784e-12,0.2382351493835449,43938.32943948608,6.847844691626864e-07,,0.17666851429784927,3.4946004595756532
CH,13.600000000000001,P.gingivalis,2.813657197884473e-12,0.2386380386352539,44030.02746048319,6.213452832324244e-07,,0.17666851429799715,3.5065222892761234
CH,13.65,P.gingivalis,2.5522153959214293e-12,0.23904092788696288,44121.725481480295,5.637789546073377e-07,,0.1766685142981313,3.5184642634391787
CH,13.700000000000001,P.gingivalis,2.3150100496771434e-12,0.23944381713867186,44213.4235024774,5.115335130791453e-07,,0.17666851429825298,3.5304263820648196
CH,13.75,P.gingivalis,2.099772578110904e-12,0.23984670639038083,44305.1215234745,4.6411233106040566e-07,,0.17666851429836333,3.5424086451530457
CH,13.8,P.gingivalis,1.904531938202143e-12,0.24024959564208984,44396.81954447161,4.21083966753816e-07,,0.17666851429846345,3.5544110527038577
CH,13.850000000000001,P.gingivalis,1.7274006562311948e-12,0.2406524848937988,44488.51756546872,3.8203494059624615e-07,,0.17666851429855424,3.566433604717255
CH,13.9,P.gingivalis,1.5666868124946403e-12,0.2410553741455078,44580.21558646582,3.465945369451863e-07,,0.1766685142986366,3.5784763011932372
CH,13.950000000000001,P.gingivalis,1.4209136131680529e-12,0.24145826339721677,44671.91360746293,3.144391997091625e-07,,0.17666851429871128,3.5905391421318056
CH,14.0,P.gingivalis,1.288669285003668e-12,0.24186115264892577,44763.61162846003,2.85259376047674e-07,,0.17666851429877903,3.602622127532959
CH,14.05,P.gingivalis,1.168691993269291e-12,0.24226404190063475,44855.30964945714,2.5877834082403897e-07,,0.17666851429884045,3.614725257396698
CH,14.100000000000001,P.gingivalis,1.0598751869102232e-12,0.24266693115234372,44947.007670454244,2.3475342996900472e-07,,0.17666851429889616,3.626848531723023
CH,14.15,P.gingivalis,9.611635652456984e-13,0.24306982040405273,45038.70569145135,2.129530423354234e-07,,0.17666851429894667,3.6389919505119326
CH,14.200000000000001,P.gingivalis,8.716159970895408e-13,0.2434727096557617,45130.40371244845,1.9317060095919187e-07,,0.1766685142989925,3.651155513763428
CH,14.25,P.gingivalis,7.904043349766014e-13,0.24387559890747068,45222.10173344556,1.752243278430314e-07,,0.17666851429903405,3.6633392214775085
CH,14.3,P.gingivalis,7.167372559018618e-13,0.24427848815917969,45313.79975444267,1.589403924915347e-07,,0.17666851429907174,3.675543073654175
CH,14.350000000000001,P.gingivalis,6.499157497603327e-13,0.24468137741088866,45405.49777543977,1.4416523258159878e-07,,0.1766685142991059,3.6877670702934267
CH,14.4,P.gingivalis,5.893191665654127e-13,0.24508426666259764,45497.19579643688,1.3076248846439774e-07,,0.17666851429913688,3.7000112113952635
CH,14.450000000000001,P.gingivalis,5.343542331112107e-13,0.24548715591430662,45588.893817433986,1.186017130887542e-07,,0.17666851429916497,3.7122754969596863
CH,14.5,P.gingivalis,4.84501673698423e-13,0.2458900451660156,45680.591838431086,1.0756873173282908e-07,,0.17666851429919045,3.7245599269866942
CH,14.55,P.gingivalis,4.3929662804674624e-13,0.2462929344177246,45772.289859428194,9.756131751769354e-08,,0.17666851429921354,3.736864501476288
CH,14.600000000000001,P.gingivalis,3.9829518520667707e-13,0.24669582366943357,45863.9878804253,8.848177482208233e-08,,0.17666851429923447,3.749189220428467
CH,14.65,P.gingivalis,3.6111045476096173e-13,0.24709871292114255,45955.6859014224,8.024496183440983e-08,,0.17666851429925345,3.761534083843231
CH,14.700000000000001,P.gingivalis,3.2739473455507565e-13,0.24750160217285155,46047.38392241951,7.277434554651294e-08,,0.17666851429927066,3.773899091720581
CH,14.75,P.gingivalis,2.9681612018043764e-13,0.24790449142456053,46139.08194341662,6.599681381771817e-08,,0.17666851429928626,3.786284244060516
CH,14.8,P.gingivalis,2.690863091355901e-13,0.2483073806762695,46230.77996441373,5.984886465146027e-08,,0.17666851429930042,3.798689540863037
CH,14.850000000000001,P.gingivalis,2.439452802657364e-13,0.2487102699279785,46322.47798541083,5.427321204179533e-08,,0.17666851429931324,3.8111149821281436
CH,14.9,P.gingivalis,2.2114495331994052e-13,0.2491131591796875,46414.176006407935,4.921515878415717e-08,,0.17666851429932487,3.823560567855835
CH,14.950000000000001,P.gingivalis,2.004705141536663e-13,0.24951604843139646,46505.874027405036,4.462734768176448e-08,,0.17666851429933542,3.836026298046112
CH,15.0,P.gingivalis,1.8172755045493073e-13,0.24991893768310544,46597.572048402144,4.04669079144644e-08,,0.17666851429934496,3.8485121726989746
CH,15.05,P.gingivalis,1.6473069504068417e-13,0.250269877910614,46681.211141045715,3.669823760254423e-08,,0.17666851429935362,3.861016893088818
CH,15.100000000000001,P.gingivalis,1.493199076451571e-13,0.25062081813812254,46764.850233689285,3.327972543067083e-08,,0.17666851429936148,3.8735391604900364
CH,15.15,P.gingivalis,1.3534985999065883e-13,0.25097175836563107,46848.48932633285,3.017943417552452e-08,,0.17666851429936858,3.88607897490263
CH,15.200000000000001,P.gingivalis,1.2268208881927713e-13,0.2513226985931396,46932.12841897642,2.7366900935297765e-08,,0.17666851429937502,3.8986363363265997
CH,15.25,P.gingivalis,1.1119737510891497e-13,0.2516736388206482,47015.76751161998,2.4815903167509647e-08,,0.17666851429938088,3.9112112447619443
CH,15.3,P.gingivalis,1.0078710497139129e-13,0.2520245790481567,47099.40660426355,2.250253930011928e-08,,0.17666851429938618,3.9238037002086648
CH,15.350000000000001,P.gingivalis,9.134788402813473e-14,0.25237551927566526,47183.045696907124,2.040403097077917e-08,,0.17666851429939098,3.9364137026667603
CH,15.4,P.gingivalis,8.279091292208534e-14,0.2527264595031738,47266.68478955069,1.8500820681974473e-08,,0.17666851429939534,3.949041252136231
CH,15.450000000000001,P.gingivalis,7.50350344304396e-14,0.25307739973068233,47350.32388219426,1.6775024560018772e-08,,0.17666851429939928,3.9616863486170772
CH,15.5,P.gingivalis,6.800306588971688e-14,0.2534283399581909,47433.96297483782,1.5209615813851585e-08,,0.17666851429940286,3.9743489921092987
CH,15.55,P.gingivalis,6.162887399039642e-14,0.25377928018569945,47517.60206748139,1.3790009734381836e-08,,0.1766685142994061,3.987029182612896
CH,15.600000000000001,P.gingivalis,5.5851830707088696e-14,0.254130220413208,47601.24116012496,1.2502828038991917e-08,,0.17666851429940905,3.999726920127869
CH,15.65,P.gingivalis,5.061433862896472e-14,0.2544811606407165,47684.880252768526,1.1335347358660248e-08,,0.17666851429941172,4.012442204654216
CH,15.700000000000001,P.gingivalis,4.5867151275075034e-14,0.25483210086822505,47768.519345412096,1.0276692760523136e-08,,0.17666851429941413,4.02517503619194
CH,15.75,P.gingivalis,4.15649870089044e-14,0.25518304109573364,47852.15843805566,9.316858699003603e-09,,0.17666851429941632,4.037925414741038
CH,15.8,P.gingivalis,3.766487768471413e-14,0.2555339813232422,47935.79753069923,8.446340646342801e-09,,0.1766685142994183,4.050693340301513
CH,15.850000000000001,P.gingivalis,3.4130156488762275e-14,0.2558849215507507,48019.4366233428,7.657030892259593e-09,,0.1766685142994201,4.063478812873363
CH,15.9,P.gingivalis,3.0927011374920435e-14,0.25623586177825924,48103.075715986364,6.941448069053825e-09,,0.17666851429942174,4.076281832456588
CH,15.950000000000001,P.gingivalis,2.802339802721199e-14,0.25658680200576783,48186.714808629935,6.292494464858947e-09,,0.1766685142994232,4.089102399051189
CH,16.0,P.gingivalis,2.5392019573490685e-14,0.25693774223327637,48270.353901273505,5.704126261643002e-09,,0.17666851429942454,4.101940512657165
CH,16.05,P.gingivalis,2.300756325591025e-14,0.2572886824607849,48353.99299391707,5.170734833107111e-09,,0.17666851429942576,4.114796173274517
CH,16.1,P.gingivalis,2.0846345376790834e-14,0.25763962268829343,48437.63208656064,4.687067888675729e-09,,0.17666851429942687,4.127669380903244
CH,16.150000000000002,P.gingivalis,1.8887941636650737e-14,0.25799056291580197,48521.27117920421,4.248596996508268e-09,,0.17666851429942787,4.140560135543347
CH,16.2,P.gingivalis,1.7113205959894346e-14,0.2583415031433105,48604.91027184777,3.851073349532103e-09,,0.17666851429942876,4.1534684371948245
CH,16.25,P.gingivalis,1.550488376489983e-14,0.2586924433708191,48688.549364491344,3.4906664604375246e-09,,0.17666851429942956,4.166394285857678
CH,16.3,P.gingivalis,1.4047609528764483e-14,0.2590433835983276,48772.188457134915,3.1639645416628587e-09,,0.1766685142994303,4.179337681531907
CH,16.35,P.gingivalis,1.2726940304583479e-14,0.25939432382583616,48855.82754977848,2.867757655417568e-09,,0.17666851429943098,4.192298624217511
CH,16.400000000000002,P.gingivalis,1.1530346943636365e-14,0.2597452640533447,48939.46664242205,2.5992616156605635e-09,,0.1766685142994316,4.20527711391449
CH,16.45,P.gingivalis,1.0446073736593152e-14,0.2600962042808532,49023.10573506561,2.3558617469156903e-09,,0.17666851429943214,4.218273150622844
CH,16.5,P.gingivalis,9.463591515786453e-15,0.2604471445083618,49106.74482770918,2.1352154947800646e-09,,0.17666851429943264,4.231286734342574
CH,16.55,P.gingivalis,8.573458975655224e-15,0.26079808473587035,49190.38392035275,1.9352217249168286e-09,,0.1766685142994331,4.24431786507368
CH,16.6,P.gingivalis,7.766850987597643e-15,0.2611490249633789,49274.023012996324,1.753914740845865e-09,,0.1766685142994335,4.257366542816161
CH,16.650000000000002,P.gingivalis,7.036099158709648e-15,0.2614999651908875,49357.66210563989,1.5895867087608821e-09,,0.17666851429943387,4.270432767570018
CH,16.7,P.gingivalis,6.37399766457266e-15,0.26185090541839595,49441.30119828345,1.4406313318019176e-09,,0.1766685142994342,4.283516539335249
CH,16.75,P.gingivalis,5.774121831267017e-15,0.26220184564590454,49524.94029092702,1.3056161133198273e-09,,0.1766685142994345,4.296617858111857
CH,16.8,P.gingivalis,5.2306734425937664e-15,0.2625527858734131,49608.57938357059,1.1832477467618213e-09,,0.17666851429943478,4.30973672389984
CH,16.85,P.gingivalis,4.738267917885167e-15,0.2629037261009216,49692.21847621416,1.0723242590847348e-09,,0.17666851429943503,4.322873136699198
CH,16.900000000000002,P.gingivalis,4.29221539047366e-15,0.2632546663284302,49775.85756885773,9.717988526662487e-10,,0.17666851429943525,4.336027096509932
CH,16.95,P.gingivalis,3.888088267937164e-15,0.2636056065559387,49859.496661501296,8.806822953457214e-10,,0.17666851429943545,4.349198603332041
CH,17.0,P.gingivalis,3.521984220111988e-15,0.26395654678344727,49943.13575414486,7.981026438205076e-10,,0.17666851429943564,4.362387657165526
CH,17.05,P.gingivalis,3.1903388158143907e-15,0.2643074870109558,50026.77484678843,7.232630254510732e-10,,0.1766685142994358,4.375594258010386
CH,17.1,P.gingivalis,2.8898707409312294e-15,0.26465842723846433,50110.413939432,6.554293794621469e-10,,0.17666851429943595,4.388818405866622
CH,17.150000000000002,P.gingivalis,2.6177101504272523e-15,0.2650093674659729,50194.05303207557,5.93959719050441e-10,,0.17666851429943609,4.402060100734233
CH,17.2,P.gingivalis,2.371142456485684e-15,0.2653603076934814,50277.692124719135,5.382461736130573e-10,,0.1766685142994362,4.415319342613219
CH,17.25,P.gingivalis,2.1477956234536255e-15,0.26571124792099,50361.331217362706,4.877575990491419e-10,,0.1766685142994363,4.428596131503581
CH,17.3,P.gingivalis,1.9454808354962444e-15,0.2660621881484985,50444.97031000627,4.420035463945193e-10,,0.17666851429943642,4.441890467405319
CH,17.35,P.gingivalis,1.762200456499543e-15,0.26641312837600706,50528.60940264984,4.0053616099083556e-10,,0.1766685142994365,4.455202350318432
CH,17.400000000000002,P.gingivalis,1.5961968066992241e-15,0.26676406860351565,50612.24849529341,3.629613677144389e-10,,0.17666851429943659,4.4685317802429205
CH,17.45,P.gingivalis,1.445811713364701e-15,0.2671150088310241,50695.88758793697,3.289070380142692e-10,,0.17666851429943667,4.481878757178784
CH,17.5,P.gingivalis,1.309599721189348e-15,0.2674659490585327,50779.526680580544,2.980488040507458e-10,,0.17666851429943672,4.495243281126023
CH,17.55,P.gingivalis,1.1862161249651857e-15,0.26781688928604125,50863.16577322411,2.700846697330752e-10,,0.17666851429943678,4.508625352084637
CH,17.6,P.gingivalis,1.0744539338438019e-15,0.2681678295135498,50946.80486586768,2.4474348004409505e-10,,0.17666851429943684,4.522024970054627
CH,17.650000000000002,P.gingivalis,9.732262413624455e-16,0.26851876974105837,51030.44395851125,2.2178097108252673e-10,,0.1766685142994369,4.535442135035992
CH,17.7,P.gingivalis,8.815283071670793e-16,0.26886970996856685,51114.08305115481,2.0097118438472286e-10,,0.17666851429943695,4.5488768470287315
CH,17.75,P.gingivalis,7.984787216787938e-16,0.26922065019607544,51197.72214379838,1.821158960365198e-10,,0.176668514299437,4.5623291060328475
CH,17.8,P.gingivalis,7.232477443574685e-16,0.269571590423584,51281.36123644195,1.6502832567016618e-10,,0.17666851429943703,4.575798912048339
CH,17.85,P.gingivalis,6.551105985810436e-16,0.2699225306510925,51365.00032908552,1.4954532771217398e-10,,0.17666851429943706,4.589286265075206
CH,17.900000000000002,P.gingivalis,5.933936410878983e-16,0.2702734708786011,51448.63942172909,1.3551514945546413e-10,,0.17666851429943708,4.602791165113448
CH,17.95,P.gingivalis,5.374921912720305e-16,0.2706244111061096,51532.27851437265,1.2280152964121105e-10,,0.1766685142994371,4.616313612163065
CH,18.0,P.gingivalis,4.868619333227604e-16,0.27097535133361816,51615.91760701622,1.1128176710242446e-10,,0.17666851429943714,4.629853606224058
CH,18.05,P.gingivalis,4.409996364397567e-16,0.2713262915611267,51699.55669965979,1.0084234173259278e-10,,0.17666851429943717,4.643411147296427
CH,18.1,P.gingivalis,3.9946398989791983e-16,0.27167723178863523,51783.19579230336,9.138370100353932e-11,,0.1766685142994372,4.656986235380171
CH,18.150000000000002,P.gingivalis,3.618395725647625e-16,0.2720281720161438,51866.834884946926,8.281204428063543e-11,,0.17666851429943722,4.670578870475291
CH,18.2,P.gingivalis,3.2776353551799903e-16,0.2723791122436523,51950.47397759049,7.504544484085097e-11,,0.17666851429943725,4.684189052581785
CH,18.25,P.gingivalis,2.968987187538588e-16,0.2727300524711609,52034.11307023406,6.800771778337429e-11,,0.17666851429943728,4.697816781699656
CH,18.3,P.gingivalis,2.6894245603510723e-16,0.2730809926986694,52117.75216287763,6.163045034536318e-11,,0.1766685142994373,4.711462057828902
CH,18.35,P.gingivalis,2.436232335261244e-16,0.27343193292617796,52201.3912555212,5.5852252803749294e-11,,0.1766685142994373,4.725124880969523
CH,18.400000000000002,P.gingivalis,2.2068620550701065e-16,0.27378287315368655,52285.03034816477,5.0615451725847246e-11,,0.1766685142994373,4.73880525112152
CH,18.45,P.gingivalis,1.9991382832703034e-16,0.274133813381195,52368.66944080833,4.587083267430231e-11,,0.1766685142994373,4.752503168284892
CH,18.5,P.gingivalis,1.810993882313143e-16,0.2744847536087036,52452.3085334519,4.157158179849398e-11,,0.1766685142994373,4.76621863245964
CH,18.55,P.gingivalis,1.6405524478996642e-16,0.27483569383621215,52535.94762609547,3.7675184248960644e-11,,0.1766685142994373,4.779951643645763
CH,18.6,P.gingivalis,1.486195445264356e-16,0.2751866340637207,52619.58671873904,3.414497597961724e-11,,0.1766685142994373,4.793702201843262
CH,18.650000000000002,P.gingivalis,1.34637897138426e-16,0.27553757429122927,52703.22581138261,3.0945944763599606e-11,,0.1766685142994373,4.807470307052136
CH,18.7,P.gingivalis,1.219721207551093e-16,0.27588851451873775,52786.86490402617,2.8046744775250886e-11,,0.1766685142994373,4.821255959272384
CH,18.75,P.gingivalis,1.1050130782405725e-16,0.27623945474624634,52870.50399666974,2.541994974522302e-11,,0.1766685142994373,4.835059158504009
CH,18.8,P.gingivalis,1.0011028708870291e-16,0.27659039497375487,52954.14308931331,2.3039406076611195e-11,,0.1766685142994373,4.84887990474701
CH,18.85,P.gingivalis,9.069750370082496e-17,0.2769413352012634,53037.78218195688,2.088204996538952e-11,,0.1766685142994373,4.862718198001385
CH,18.900000000000002,P.gingivalis,8.217253462585559e-17,0.277292275428772,53121.42127460045,1.892734179124302e-11,,0.1766685142994373,4.876574038267136
CH,18.95,P.gingivalis,7.444917235574593e-17,0.2776432156562805,53205.06036724401,1.7155677828834493e-11,,0.1766685142994373,4.890447425544261
CH,19.0,P.gingivalis,6.745324987634129e-17,0.27799415588378906,53288.69945988758,1.5550196229848335e-11,,0.1766685142994373,4.904338359832763
CH,19.05,P.gingivalis,6.111678548057439e-17,0.2783450961112976,53372.338552531146,1.4095432545053151e-11,,0.1766685142994373,4.91824684113264
CH,19.1,P.gingivalis,5.537569869172464e-17,0.27869603633880613,53455.97764517472,1.277679575708578e-11,,0.1766685142994373,4.932172869443892
CH,19.150000000000002,P.gingivalis,5.0175455866360876e-17,0.2790469765663147,53539.61673781829,1.1581873355679518e-11,,0.1766685142994373,4.9461164447665205
CH,19.200000000000003,P.gingivalis,4.5464992432306204e-17,0.27939791679382325,53623.25583046186,1.049903251284354e-11,,0.1766685142994373,4.960077567100524
CH,19.25,P.gingivalis,4.1196919122069515e-17,0.2797488570213318,53706.89492310542,9.51746943056667e-12,,0.1766685142994373,4.974056236445902
CH,19.3,P.gingivalis,3.733089197052553e-17,0.2800997972488403,53790.53401574899,8.627990025489932e-12,,0.1766685142994373,4.988052452802656
CH,19.35,P.gingivalis,3.382862540841481e-17,0.28045073747634885,53874.173108392555,7.821860313908854e-12,,0.1766685142994373,5.002066216170786
CH,19.400000000000002,P.gingivalis,3.0655187080273655e-17,0.28080167770385744,53957.812201036126,7.091106937314188e-12,,0.1766685142994373,5.016097526550292
CH,19.450000000000003,P.gingivalis,2.7780572887505216e-17,0.281152617931366,54041.4512936797,6.4288832993652615e-12,,0.1766685142994373,5.030146383941172
CH,19.5,P.gingivalis,2.517616099918306e-17,0.2815035581588745,54125.09038632326,5.8286510364534804e-12,,0.1766685142994373,5.044212788343428
CH,19.55,P.gingivalis,2.281623253913407e-17,0.28185449838638305,54208.72947896683,5.284532906905388e-12,,0.1766685142994373,5.0582967397570595
CH,19.6,P.gingivalis,2.0678378197484447e-17,0.2822054386138916,54292.368571610394,4.791408432344115e-12,,0.1766685142994373,5.072398238182067
CH,19.650000000000002,P.gingivalis,1.8741285154475242e-17,0.28255637884140017,54376.007664253964,4.3444025108199245e-12,,0.1766685142994373,5.086517283618449
CH,19.700000000000003,P.gingivalis,1.6985998543288246e-17,0.2829073190689087,54459.646756897535,3.939178497591169e-12,,0.1766685142994373,5.1006538760662075
CH,19.75,P.gingivalis,1.5395791310674412e-17,0.28325825929641724,54543.2858495411,3.5719091695194747e-12,,0.1766685142994373,5.11480801552534
CH,19.8,P.gingivalis,1.39546877955088e-17,0.28360919952392577,54626.92494218467,3.238935135711373e-12,,0.1766685142994373,5.128979701995849
CH,19.85,P.gingivalis,1.2648856284045986e-17,0.2839601397514343,54710.56403482824,2.9370885603425606e-12,,0.1766685142994373,5.143168935477734
CH,19.900000000000002,P.gingivalis,1.1465724968145324e-17,0.2843110799789429,54794.2031274718,2.663488852084532e-12,,0.1766685142994373,5.157375715970994
CH,19.950000000000003,P.gingivalis,1.039339273434137e-17,0.2846620202064514,54877.84222011537,2.4154063509640697e-12,,0.1766685142994373,5.171600043475629
CH,20.0,P.gingivalis,9.421708414545175e-18,0.28501296043395996,54961.48131275894,2.1905135795245335e-12,,0.1766685142994373,5.185841917991638
CH,20.05,P.gingivalis,8.541222583150717e-18,0.2853639006614685,55045.12040540251,1.986642295486572e-12,,0.1766685142994373,5.2001013395190245
CH,20.1,P.gingivalis,7.743118692497556e-18,0.28571484088897703,55128.75949804608,1.801767811933175e-12,,0.1766685142994373,5.2143783080577855
CH,20.150000000000002,P.gingivalis,7.019898160580158e-18,0.2860657811164856,55212.39859068965,1.6341687901931401e-12,,0.1766685142994373,5.228672823607922
CH,20.200000000000003,P.gingivalis,6.364456641322406e-18,0.28641672134399415,55296.03768333321,1.4822127601826995e-12,,0.1766685142994373,5.242984886169434
CH,20.25,P.gingivalis,5.770329203230636e-18,0.2867676615715027,55379.67677597678,1.3444134374379387e-12,,0.1766685142994373,5.25731449574232
CH,20.3,P.gingivalis,5.2318962242258794e-18,0.2871186017990112,55463.315868620346,1.2194790280806749e-12,,0.1766685142994373,5.271661652326583
CH,20.35,P.gingivalis,4.74383921868799e-18,0.28746954202651975,55546.95496126392,1.1061857515201567e-12,,0.1766685142994373,5.286026355922221
CH,20.400000000000002,P.gingivalis,4.301446326171043e-18,0.28782048225402834,55630.59405390749,1.0034492532378276e-12,,0.1766685142994373,5.300408606529235
CH,20.450000000000003,P.gingivalis,3.9004778605418474e-18,0.2881714224815369,55714.23314655106,9.102935244204794e-13,,0.1766685142994373,5.314808404147624
CH,20.5,P.gingivalis,3.53695619859862e-18,0.2885223627090454,55797.87223919462,8.258020773155549e-13,,0.1766685142994373,5.329225748777388
CH,20.55,P.gingivalis,3.2074560913940117e-18,0.28887330293655394,55881.51133183819,7.491858837294135e-13,,0.1766685142994373,5.343660640418528
CH,20.6,P.gingivalis,2.9087497811534003e-18,0.2892242431640625,55965.150424481755,6.797007190373208e-13,,0.1766685142994373,5.358113079071043
CH,20.650000000000002,P.gingivalis,2.6379330999811965e-18,0.28957518339157107,56048.789517125326,6.166767375610877e-13,,0.1766685142994373,5.372583064734934
CH,20.700000000000003,P.gingivalis,2.3924424397862438e-18,0.2899261236190796,56132.4286097689,5.595226001815035e-13,,0.1766685142994373,5.387070597410201
CH,20.75,P.gingivalis,2.1698456223530694e-18,0.29027706384658813,56216.06770241246,5.076767115795266e-13,,0.1766685142994373,5.401575677096842
CH,20.8,P.gingivalis,1.9680396254042677e-18,0.29062800407409667,56299.70679505603,4.606535659414579e-13,,0.1766685142994373,5.416098303794859
CH,20.85,P.gingivalis,1.785072273604011e-18,0.2909789443016052,56383.345887699594,4.1800215473567975e-13,,0.1766685142994373,5.430638477504252
CH,20.900000000000002,P.gingivalis,1.6191528047715962e-18,0.2913298845291138,56466.984980343164,3.7930851603808516e-13,,0.1766685142994373,5.4451961982250205
CH,20.950000000000003,P.gingivalis,1.468722186034888e-18,0.2916808247566223,56550.624072986735,3.4421229318162263e-13,,0.1766685142994373,5.459771465957164
CH,21.0,P.gingivalis,1.3323090625189798e-18,0.29203176498413086,56634.2631656303,3.1237307424698243e-13,,0.1766685142994373,5.474364280700683
