{
  "credibility": 0.95,
  "hdi_lower": [
    -0.997254345986403,
    -0.9995550967015343,
    -0.9837939387551943,
    0.012459455150207965,
    0.15926482575364642,
    1.0005772195478704,
    0.0,
    -0.9687604917632175,
    0.04416829026555122,
    0.0002154741358385559,
    -0.9983958295413546,
    -0.8865569992746929,
    0.0,
    0.0,
    -0.9891531507498429,
    0.0015007430222746532,
    0.0,
    0.0,
    -2.9111185922494887,
    -0.9907022371010386
  ],
  "hdi_upper": [
    0.8103054434406283,
    0.8803675851566879,
    0.9087144333501329,
    2.8632684665264563,
    2.997049236490057,
    1.568884325964986,
    0.0,
    0.9248217750971017,
    2.8756256018886566,
    1.2793016613090789,
    0.8855564885996456,
    0.9988755579311346,
    0.0,
    0.0,
    0.898796517659681,
    0.19019887294671864,
    0.0,
    0.0,
    -0.08946810691069107,
    0.8987324882604761
  ],
  "et_lower": [
    -0.9691724420164238,
    -0.9636920924099015,
    -0.9563036494566646,
    0.06157136887786071,
    0.06975607474946925,
    1.0085286157195772,
    0.0,
    -0.9538774411857507,
    0.06122347793734607,
    0.015190554747017563,
    -0.9543448855471888,
    -0.9318703356005478,
    0.0,
    0.0,
    -0.9502951875763108,
    0.004681700733220876,
    0.0,
    0.0,
    -2.9246797702776828,
    -0.9490462638120357
  ],
  "et_upper": [
    0.9013092377225033,
    0.9409748337788737,
    0.9410117513234012,
    2.933687283596644,
    2.914491264514367,
    1.71646358423388,
    0.0,
    0.9544179887836136,
    2.8977556228269448,
    1.6091662521376846,
    0.9479950786135076,
    0.9562804731692397,
    0.0,
    0.0,
    0.9447521226201807,
    0.1941119679152121,
    0.0,
    0.0,
    -0.09659412480083104,
    0.9472101423755919
  ],
  "median": [
    -0.25350479817619226,
    -0.10689215757644399,
    -0.03803275343739937,
    1.49315914109929,
    1.498285270284434,
    1.1990954276898755,
    0.0,
    0.030515669173138527,
    1.4408931132562248,
    0.3254902814534236,
    0.006997244463140984,
    0.06286383965006448,
    0.0,
    0.0,
    0.03621510751967549,
    0.10080878931672,
    0.0,
    0.0,
    -1.5326590145131043,
    -0.004441780494703396
  ],
  "param_names": [
    "a11",
    "a12",
    "a22",
    "b1",
    "b2",
    "a33",
    "a44",
    "b3",
    "b4",
    "a13",
    "a14",
    "a55",
    "b5",
    "a35",
    "a45"
  ]
}