{
  "MAP": {
    "n_obs": 6,
    "n_species": 5,
    "rmse_per_species": [
      0.022202825719119322,
      0.027889504337415306,
      0.16533790791791284,
      0.03725806571883687,
      0.0933004535471874
    ],
    "mae_per_species": [
      0.01749434482397506,
      0.019179456410102325,
      0.15048938785248234,
      0.025013283989049836,
      0.07963462956094199
    ],
    "rmse_total": 0.08797789700827426,
    "mae_total": 0.05836222052731031,
    "max_abs": 0.22373521853171202,
    "estimate_type": "MAP"
  },
  "Mean": {
    "n_obs": 6,
    "n_species": 5,
    "rmse_per_species": [
      0.021221091875761117,
      0.024490349264775856,
      0.1627829882785854,
      0.05408280296718305,
      0.09342614415234436
    ],
    "mae_per_species": [
      0.017407943316967402,
      0.01601134618685343,
      0.15139945371415633,
      0.038108067052099036,
      0.07985718160062176
    ],
    "rmse_total": 0.0885458154950058,
    "mae_total": 0.06055679837413959,
    "max_abs": 0.22325953722182115,
    "estimate_type": "Mean"
  },
  "species_names": [
    "S. oralis",
    "A. naeslundii",
    "V. dispar",
    "F. nucleatum",
    "P. gingivalis"
  ]
}