{
  "elapsed_time": 326432.41135811806,
  "converged": [
    true,
    true
  ],
  "MAP": [
    -0.655567349020622,
    -0.8640899347442108,
    0.39472137082690884,
    1.028405599365906,
    2.0225977159158286,
    1.2597759609769363,
    0.0,
    0.15492975747459958,
    2.8744819122507943,
    0.1132194464252655,
    -0.24334734237465383,
    0.9022044302198076,
    0.0,
    0.0,
    0.9760358278918855,
    0.16151472707062065,
    0.0,
    0.0,
    -1.329579256108505,
    -0.6764169649018191
  ],
  "mean": [
    -0.1864144088498565,
    -0.08028161437363966,
    -0.020239240683132396,
    1.4965397704774164,
    1.5040983088883981,
    1.2429908101412055,
    0.0,
    0.011538463333839701,
    1.4742134567764065,
    0.44134195574758645,
    -0.0057423231933709466,
    0.05221195922333795,
    0.0,
    0.0,
    0.022024324818027203,
    0.09982672438810426,
    0.0,
    0.0,
    -1.525550531898194,
    -0.008734429509660318
  ]
}