{
  "theta_sub": [
    -0.1864144088498565,
    -0.08028161437363966,
    -0.020239240683132396,
    1.4965397704774164,
    1.5040983088883981,
    1.2429908101412055,
    0.011538463333839701,
    1.4742134567764065,
    0.44134195574758645,
    -0.0057423231933709466,
    0.05221195922333795,
    0.022024324818027203,
    0.09982672438810426,
    -1.525550531898194,
    -0.008734429509660318
  ],
  "theta_full": [
    -0.1864144088498565,
    -0.08028161437363966,
    -0.020239240683132396,
    1.4965397704774164,
    1.5040983088883981,
    1.2429908101412055,
    0.0,
    0.011538463333839701,
    1.4742134567764065,
    0.44134195574758645,
    -0.0057423231933709466,
    0.05221195922333795,
    0.0,
    0.0,
    0.022024324818027203,
    0.09982672438810426,
    0.0,
    0.0,
    -1.525550531898194,
    -0.008734429509660318
  ],
  "active_indices": [
    0,
    1,
    2,
    3,
    4,
    5,
    7,
    8,
    9,
    10,
    11,
    14,
    15,
    18,
    19
  ]
}