{
  "theta_sub": [
    -0.655567349020622,
    -0.8640899347442108,
    0.39472137082690884,
    1.028405599365906,
    2.0225977159158286,
    1.2597759609769363,
    0.15492975747459958,
    2.8744819122507943,
    0.1132194464252655,
    -0.24334734237465383,
    0.9022044302198076,
    0.9760358278918855,
    0.16151472707062065,
    -1.329579256108505,
    -0.6764169649018191
  ],
  "theta_full": [
    -0.655567349020622,
    -0.8640899347442108,
    0.39472137082690884,
    1.028405599365906,
    2.0225977159158286,
    1.2597759609769363,
    0.0,
    0.15492975747459958,
    2.8744819122507943,
    0.1132194464252655,
    -0.24334734237465383,
    0.9022044302198076,
    0.0,
    0.0,
    0.9760358278918855,
    0.16151472707062065,
    0.0,
    0.0,
    -1.329579256108505,
    -0.6764169649018191
  ],
  "active_indices": [
    0,
    1,
    2,
    3,
    4,
    5,
    7,
    8,
    9,
    10,
    11,
    14,
    15,
    18,
    19
  ]
}