{
  "n_samples": 127,
  "classification": {
    "b\u0302 only | LogReg": {
      "accuracy": 0.4316923076923077,
      "accuracy_std": 0.08906935001686066,
      "auroc_macro": 0.4638018397151524
    },
    "b\u0302 only | SVM-RBF": {
      "accuracy": 0.5107692307692308,
      "accuracy_std": 0.0707290856034196,
      "auroc_macro": 0.41356796626146475
    },
    "b\u0302 only | DTree": {
      "accuracy": 0.4092307692307693,
      "accuracy_std": 0.1293040085504658,
      "auroc_macro": 0.42021540221617626
    },
    "\u03c6\u2080 only | LogReg": {
      "accuracy": 0.5738461538461539,
      "accuracy_std": 0.10855042729658963,
      "auroc_macro": 0.3778660927422538
    },
    "\u03c6\u2080 only | DTree": {
      "accuracy": 0.5904615384615385,
      "accuracy_std": 0.06271490862078656,
      "auroc_macro": 0.3767578073228228
    },
    "b\u0302 + \u03c6\u2080 | LogReg": {
      "accuracy": 0.5498461538461539,
      "accuracy_std": 0.08019857012994419,
      "auroc_macro": 0.420462281669712
    },
    "b\u0302 + \u03c6\u2080 | DTree": {
      "accuracy": 0.5116923076923077,
      "accuracy_std": 0.09022050567897752,
      "auroc_macro": 0.4189790615874207
    }
  },
  "significant_pairs_bonf005": [
    {
      "species": "An",
      "group1": "PIH",
      "group2": "PI",
      "p_value": 0.0011602872833973439,
      "r_biserial": 0.4185267857142857
    },
    {
      "species": "Vd",
      "group1": "PIH",
      "group2": "PI",
      "p_value": 0.0018728978155606712,
      "r_biserial": 0.4006696428571429
    }
  ]
}