{
  "credibility": 0.95,
  "hdi_lower": [
    0.11184465288009271,
    -0.43798873278943506,
    0.36042197988684954,
    0.04227811868405773,
    0.20027572545122188,
    0.10794409560655982,
    -0.2078649834520676,
    0.004073426511739697,
    0.2850142532002895,
    0.04601542862853614,
    -2.8327026839094707,
    -0.47465077979683645,
    1.2227025838614842,
    -0.39894123323378206,
    0.2132539189045557,
    0.02883115179093427,
    -0.3843227374022984,
    -0.4664156598452986,
    0.25672640778148853,
    0.017995076935075738
  ],
  "hdi_upper": [
    4.672821221385242,
    2.6610819157011414,
    4.929363093865444,
    2.7618289562712723,
    2.8419146729535907,
    4.073562195099808,
    2.930810189904571,
    4.595996981114114,
    4.708623536116129,
    2.7469440631402113,
    2.89563712286105,
    2.5224803851348954,
    4.987546939344723,
    2.7603550536454993,
    4.794482154852506,
    0.4959570191733621,
    2.807762211101227,
    2.3459258694071687,
    4.84013069216615,
    4.678762780361508
  ],
  "et_lower": [
    0.1312864114326406,
    -0.3867247206571902,
    0.15478760337503317,
    0.07609135084873382,
    0.1973800784872588,
    0.14821038831643019,
    -0.2775586454973275,
    0.02805485122146307,
    0.305300749147011,
    0.12740120552133277,
    -2.8307826035099364,
    -0.43942289048074057,
    0.7532544094013638,
    -0.3894204047054292,
    0.2292342191275631,
    0.024286179781299697,
    -0.37412734750996207,
    -0.45908472174640025,
    0.15458205455873175,
    0.09891795632459427
  ],
  "et_upper": [
    4.660774653405675,
    2.8395272224294636,
    4.738561184392622,
    2.804419269322306,
    2.836275638848488,
    4.191372335016924,
    2.919888704897967,
    4.62385162345525,
    4.692111878506864,
    2.8849132313210557,
    2.87940342370189,
    2.6976264885755943,
    4.981398496598459,
    2.7568911979042245,
    4.761187394485882,
    0.49279629986509377,
    2.7921100059220363,
    2.4245093494367067,
    4.801818007252589,
    4.779239534587983
  ],
  "median": [
    1.985376134967667,
    0.6806117354252781,
    1.9579519717721614,
    1.2137252724533365,
    1.712899710668928,
    2.000010756832397,
    1.559511916844719,
    1.4418410731911893,
    2.6812247810513634,
    1.0416903679311909,
    -0.24983164431543248,
    0.5952702872518958,
    4.265643604471601,
    1.1349719764935051,
    1.38736833454861,
    0.2864888803162482,
    0.9001930614380569,
    0.713590983773187,
    2.6437151430463732,
    1.7256313131562764
  ],
  "param_names": [
    "a11",
    "a12",
    "a22",
    "b1",
    "b2",
    "a33",
    "a34",
    "a44",
    "b3",
    "b4",
    "a13",
    "a14",
    "a23",
    "a24",
    "a55",
    "b5",
    "a15",
    "a25",
    "a35",
    "a45"
  ]
}
