{
  "MAP": {
    "n_obs": 6,
    "n_species": 5,
    "rmse_per_species": [
      0.030071291796940316,
      0.09855260918032246,
      0.27701029525855,
      0.12510354045976238,
      0.055629640180806995
    ],
    "mae_per_species": [
      0.02378078968572991,
      0.08538892664402727,
      0.2506410738984524,
      0.10046865545755375,
      0.048824326589832
    ],
    "rmse_total": 0.1456689093444642,
    "mae_total": 0.10182075445511907,
    "max_abs": 0.37686162373039345,
    "estimate_type": "MAP"
  },
  "Mean": {
    "n_obs": 6,
    "n_species": 5,
    "rmse_per_species": [
      0.0309414191319187,
      0.21591921153916138,
      0.2745062449407689,
      0.08654013815314504,
      0.07117825302119139
    ],
    "mae_per_species": [
      0.02341942785503794,
      0.19202041997897565,
      0.25049983565959233,
      0.07213947105947793,
      0.05703556887478636
    ],
    "rmse_total": 0.1646133014405493,
    "mae_total": 0.11902294468557403,
    "max_abs": 0.380732979014462,
    "estimate_type": "Mean"
  },
  "species_names": [
    "S. oralis",
    "A. naeslundii",
    "V. dispar",
    "F. nucleatum",
    "P. gingivalis"
  ]
}
