{
  "elapsed_time": 28867.938294887543,
  "converged": [
    true,
    true
  ],
  "MAP": [
    1.852658396646606,
    -0.37876658635863836,
    1.210627279014892,
    0.4269220558268154,
    1.876110286903851,
    1.987582165665554,
    2.732193006550595,
    1.4645195804675997,
    2.4739580887805968,
    1.276877309116275,
    1.4547227947362478,
    1.1775988847917036,
    3.199445658782698,
    2.7298775432564426,
    0.5174021711174562,
    0.09334878422273592,
    0.7867504512949202,
    1.0313080355923787,
    3.1137425112089834,
    1.4059147494380648
  ],
  "mean": [
    2.257036031348614,
    0.8853550293242948,
    2.0809861143215853,
    1.3611394160794053,
    1.6203443493177492,
    2.222924656664065,
    1.462409781934559,
    1.8370672525305016,
    2.6762264403048643,
    1.2459453456855252,
    -0.0006764283055701803,
    0.8082814378449538,
    3.892206694405216,
    1.197559934294453,
    1.6528649255275143,
    0.2750506666805414,
    1.0036256037670552,
    0.7780463642924974,
    2.5938670189436372,
    1.90972957485844
  ]
}
