{
  "theta_sub": [
    1.852658396646606,
    -0.37876658635863836,
    1.210627279014892,
    0.4269220558268154,
    1.876110286903851,
    1.987582165665554,
    2.732193006550595,
    1.4645195804675997,
    2.4739580887805968,
    1.276877309116275,
    1.4547227947362478,
    1.1775988847917036,
    3.199445658782698,
    2.7298775432564426,
    0.5174021711174562,
    0.09334878422273592,
    0.7867504512949202,
    1.0313080355923787,
    3.1137425112089834,
    1.4059147494380648
  ],
  "theta_full": [
    1.852658396646606,
    -0.37876658635863836,
    1.210627279014892,
    0.4269220558268154,
    1.876110286903851,
    1.987582165665554,
    2.732193006550595,
    1.4645195804675997,
    2.4739580887805968,
    1.276877309116275,
    1.4547227947362478,
    1.1775988847917036,
    3.199445658782698,
    2.7298775432564426,
    0.5174021711174562,
    0.09334878422273592,
    0.7867504512949202,
    1.0313080355923787,
    3.1137425112089834,
    1.4059147494380648
  ],
  "active_indices": [
    0,
    1,
    2,
    3,
    4,
    5,
    6,
    7,
    8,
    9,
    10,
    11,
    12,
    13,
    14,
    15,
    16,
    17,
    18,
    19
  ]
}
