{
  "theta_sub": [
    2.257036031348614,
    0.8853550293242948,
    2.0809861143215853,
    1.3611394160794053,
    1.6203443493177492,
    2.222924656664065,
    1.462409781934559,
    1.8370672525305016,
    2.6762264403048643,
    1.2459453456855252,
    -0.0006764283055701803,
    0.8082814378449538,
    3.892206694405216,
    1.197559934294453,
    1.6528649255275143,
    0.2750506666805414,
    1.0036256037670552,
    0.7780463642924974,
    2.5938670189436372,
    1.90972957485844
  ],
  "theta_full": [
    2.257036031348614,
    0.8853550293242948,
    2.0809861143215853,
    1.3611394160794053,
    1.6203443493177492,
    2.222924656664065,
    1.462409781934559,
    1.8370672525305016,
    2.6762264403048643,
    1.2459453456855252,
    -0.0006764283055701803,
    0.8082814378449538,
    3.892206694405216,
    1.197559934294453,
    1.6528649255275143,
    0.2750506666805414,
    1.0036256037670552,
    0.7780463642924974,
    2.5938670189436372,
    1.90972957485844
  ],
  "active_indices": [
    0,
    1,
    2,
    3,
    4,
    5,
    6,
    7,
    8,
    9,
    10,
    11,
    12,
    13,
    14,
    15,
    16,
    17,
    18,
    19
  ]
}
