{
  "credibility": 0.95,
  "hdi_lower": [
    0.2477516870702985,
    -0.413238333180913,
    0.6126602235507814,
    0.7504448040927805,
    0.1751394604528791,
    0.7938279294417971,
    -0.35733814135706665,
    0.25786474185749597,
    0.2535520817228747,
    0.06728549053040389,
    1.0518163914953007,
    -0.2300776131325133,
    0.9397378804993002,
    -0.4131925517640642,
    0.4531641620193128,
    0.021010110352479017,
    -0.43056579598761324,
    -0.3146299102542478,
    0.7134352767869456,
    0.39005141371283614
  ],
  "hdi_upper": [
    4.691874896974212,
    2.0144290461815446,
    4.775644120203916,
    2.9717998647666963,
    2.9834541436259614,
    4.945163762174122,
    2.9107813369166244,
    4.828956713304683,
    3.8092802738384677,
    2.8848278091305186,
    2.9471888192842908,
    2.6301357529395872,
    4.988221103725148,
    2.8327018442420657,
    4.206781591657997,
    0.4997352862188631,
    2.350648958903808,
    2.2782512243154116,
    4.546365014424141,
    3.210252025841003
  ],
  "et_lower": [
    0.2596340454695076,
    -0.36692930509007265,
    0.6735769574222508,
    0.7509450689050502,
    0.19932854403521588,
    0.9758860647906685,
    -0.35688013317905415,
    0.27556742424820363,
    0.26586927910937247,
    0.06774303823561793,
    1.0535028787395404,
    -0.006161316524229575,
    1.1351563506195257,
    -0.3660944164490949,
    0.45935018184599397,
    0.032894685570298364,
    -0.3848197420770999,
    -0.24143569936428028,
    0.7262103607975832,
    0.572019826440721
  ],
  "et_upper": [
    4.62166311799533,
    2.0024300385730607,
    4.7484654063865745,
    2.9214359491240836,
    2.9568368091613,
    4.845859855791193,
    2.8841552011068194,
    4.723002687461713,
    3.7918532638205,
    2.8439153906947627,
    2.939345816701336,
    2.541552196931141,
    4.967110353167287,
    2.8288965350131616,
    3.859704050592672,
    0.49264936320652064,
    2.3506305993342083,
    2.252694393806641,
    4.312384077550783,
    3.2020883217354092
  ],
  "median": [
    2.206843554771729,
    1.0124789909132283,
    3.097726470825073,
    1.6954974743204119,
    1.913644849305014,
    3.4166799536469816,
    1.3788156359520571,
    2.3080537737311095,
    1.9563581002463502,
    1.315736457156608,
    2.0275238804253517,
    1.323289796258378,
    4.396897145264803,
    1.1843680383269168,
    1.983531993755618,
    0.25857561780236415,
    1.096403961242262,
    0.5234522521926758,
    2.6055068726663158,
    2.236445435316923
  ],
  "param_names": [
    "a11",
    "a12",
    "a22",
    "b1",
    "b2",
    "a33",
    "a34",
    "a44",
    "b3",
    "b4",
    "a13",
    "a14",
    "a23",
    "a24",
    "a55",
    "b5",
    "a15",
    "a25",
    "a35",
    "a45"
  ]
}
