{
  "MAP": {
    "n_obs": 6,
    "n_species": 5,
    "rmse_per_species": [
      0.03769223802755018,
      0.05891282363172702,
      0.28020112572512185,
      0.13834150552042307,
      0.054835195028046575
    ],
    "mae_per_species": [
      0.031558242137273575,
      0.053319944231338366,
      0.2489023974731317,
      0.1251317075718724,
      0.04720510176176918
    ],
    "rmse_total": 0.14529237228212302,
    "mae_total": 0.10122347863507705,
    "max_abs": 0.4244105084027996,
    "estimate_type": "MAP"
  },
  "Mean": {
    "n_obs": 6,
    "n_species": 5,
    "rmse_per_species": [
      0.03392081511542016,
      0.2048333859027676,
      0.28465978194462604,
      0.08529443268537608,
      0.048979018608063786
    ],
    "mae_per_species": [
      0.027602047909823273,
      0.1808184498052594,
      0.2547421479806483,
      0.06675536488620488,
      0.036773340623725205
    ],
    "rmse_total": 0.16359255095888559,
    "mae_total": 0.11333827024113222,
    "max_abs": 0.40320947251150163,
    "estimate_type": "Mean"
  },
  "species_names": [
    "S. oralis",
    "A. naeslundii",
    "V. dispar",
    "F. nucleatum",
    "P. gingivalis"
  ]
}
