{
  "elapsed_time": 5567.269468307495,
  "converged": [
    true
  ],
  "MAP": [
    1.993217753455177,
    0.17924967301905848,
    0.6126602235507814,
    0.8299985530136089,
    2.387119445775114,
    0.7938279294417971,
    2.121185412280756,
    0.6192738467079124,
    2.005009803183503,
    2.4275671695840186,
    2.2207436275170425,
    -0.2300776131325133,
    1.8082644143669655,
    2.574201659199367,
    0.7024091839365398,
    0.41911585427086107,
    1.5399033876823491,
    0.2693412645112616,
    1.4796170846500258,
    0.9609977127948723
  ],
  "mean": [
    2.2320516669612536,
    1.00629837245001,
    2.9683401897160246,
    1.6993033462375962,
    1.8787723497786681,
    3.2948827727067727,
    1.2541272637231564,
    2.2337614429064687,
    1.9196975345153189,
    1.3309499349740106,
    2.0135536683591084,
    1.2380862726095352,
    4.173079546879728,
    1.2235415407518806,
    2.1273535701527893,
    0.27403087085586847,
    1.0595313677700704,
    0.7751603765587382,
    2.5058160436230636,
    2.1628378573834826
  ]
}
