{
  "theta_sub": [
    2.2320516669612536,
    1.00629837245001,
    2.9683401897160246,
    1.6993033462375962,
    1.8787723497786681,
    3.2948827727067727,
    1.2541272637231564,
    2.2337614429064687,
    1.9196975345153189,
    1.3309499349740106,
    2.0135536683591084,
    1.2380862726095352,
    4.173079546879728,
    1.2235415407518806,
    2.1273535701527893,
    0.27403087085586847,
    1.0595313677700704,
    0.7751603765587382,
    2.5058160436230636,
    2.1628378573834826
  ],
  "theta_full": [
    2.2320516669612536,
    1.00629837245001,
    2.9683401897160246,
    1.6993033462375962,
    1.8787723497786681,
    3.2948827727067727,
    1.2541272637231564,
    2.2337614429064687,
    1.9196975345153189,
    1.3309499349740106,
    2.0135536683591084,
    1.2380862726095352,
    4.173079546879728,
    1.2235415407518806,
    2.1273535701527893,
    0.27403087085586847,
    1.0595313677700704,
    0.7751603765587382,
    2.5058160436230636,
    2.1628378573834826
  ],
  "active_indices": [
    0,
    1,
    2,
    3,
    4,
    5,
    6,
    7,
    8,
    9,
    10,
    11,
    12,
    13,
    14,
    15,
    16,
    17,
    18,
    19
  ]
}
