{
  "theta_sub": [
    1.993217753455177,
    0.17924967301905848,
    0.6126602235507814,
    0.8299985530136089,
    2.387119445775114,
    0.7938279294417971,
    2.121185412280756,
    0.6192738467079124,
    2.005009803183503,
    2.4275671695840186,
    2.2207436275170425,
    -0.2300776131325133,
    1.8082644143669655,
    2.574201659199367,
    0.7024091839365398,
    0.41911585427086107,
    1.5399033876823491,
    0.2693412645112616,
    1.4796170846500258,
    0.9609977127948723
  ],
  "theta_full": [
    1.993217753455177,
    0.17924967301905848,
    0.6126602235507814,
    0.8299985530136089,
    2.387119445775114,
    0.7938279294417971,
    2.121185412280756,
    0.6192738467079124,
    2.005009803183503,
    2.4275671695840186,
    2.2207436275170425,
    -0.2300776131325133,
    1.8082644143669655,
    2.574201659199367,
    0.7024091839365398,
    0.41911585427086107,
    1.5399033876823491,
    0.2693412645112616,
    1.4796170846500258,
    0.9609977127948723
  ],
  "active_indices": [
    0,
    1,
    2,
    3,
    4,
    5,
    6,
    7,
    8,
    9,
    10,
    11,
    12,
    13,
    14,
    15,
    16,
    17,
    18,
    19
  ]
}
