{
  "MAP": {
    "n_obs": 6,
    "n_species": 5,
    "rmse_per_species": [
      0.12571652712934037,
      0.031722304108179646,
      0.13521416470843864,
      0.050781164422541825,
      0.052076765144167
    ],
    "mae_per_species": [
      0.10275737127972667,
      0.029965460795904383,
      0.07325298187734758,
      0.04728248369410714,
      0.048358472179074845
    ],
    "rmse_total": 0.08987161536011772,
    "mae_total": 0.06032335396523213,
    "max_abs": 0.3262405329583081,
    "estimate_type": "MAP"
  },
  "Mean": {
    "n_obs": 6,
    "n_species": 5,
    "rmse_per_species": [
      0.14791169482724445,
      0.14108802736555962,
      0.17915416447749707,
      0.06867705383398667,
      0.07134825794299354
    ],
    "mae_per_species": [
      0.1297033656807713,
      0.12440816513397283,
      0.15119038396270076,
      0.061702995943090755,
      0.06405346200871005
    ],
    "rmse_total": 0.12937312488845518,
    "mae_total": 0.10621167454584915,
    "max_abs": 0.3129405579348738,
    "estimate_type": "Mean"
  },
  "species_names": [
    "S. oralis",
    "A. naeslundii",
    "V. dispar",
    "F. nucleatum",
    "P. gingivalis"
  ]
}
