{
  "elapsed_time": 1660965.9718050957,
  "converged": [
    true,
    true
  ],
  "MAP": [
    0.536040313467609,
    0.038080181298140836,
    0.5368708048937236,
    2.521496285726564,
    0.45405294595598844,
    0.28300775988635074,
    0.13218784790362736,
    0.2071128764169939,
    1.1617571817137229,
    0.36514207278431954,
    0.37181137576693624,
    0.08120104399341299,
    0.3186861676663524,
    0.26010287755348394,
    0.20260520652803726,
    0.7518680718857778,
    0.21321979582003409,
    0.18615776442786292,
    0.11125745244370072,
    0.15074001718133312
  ],
  "mean": [
    0.6689634370466767,
    1.7904863249398892,
    0.6995550409563093,
    1.5776838655637,
    1.3604162957677148,
    0.7602533999689867,
    1.1799796394101068,
    0.9034801426357206,
    1.51700159831038,
    1.4771596242224125,
    1.713507349269006,
    1.395225162713812,
    1.5628978207208928,
    1.0817185787869386,
    0.9400043939949416,
    1.3481899604427945,
    1.3458865103460733,
    1.100209586489795,
    1.2290773264421195,
    0.9282795977361596
  ]
}
