{
  "theta_sub": [
    0.6689634370466767,
    1.7904863249398892,
    0.6995550409563093,
    1.5776838655637,
    1.3604162957677148,
    0.7602533999689867,
    1.1799796394101068,
    0.9034801426357206,
    1.51700159831038,
    1.4771596242224125,
    1.713507349269006,
    1.395225162713812,
    1.5628978207208928,
    1.0817185787869386,
    0.9400043939949416,
    1.3481899604427945,
    1.3458865103460733,
    1.100209586489795,
    1.2290773264421195,
    0.9282795977361596
  ],
  "theta_full": [
    0.6689634370466767,
    1.7904863249398892,
    0.6995550409563093,
    1.5776838655637,
    1.3604162957677148,
    0.7602533999689867,
    1.1799796394101068,
    0.9034801426357206,
    1.51700159831038,
    1.4771596242224125,
    1.713507349269006,
    1.395225162713812,
    1.5628978207208928,
    1.0817185787869386,
    0.9400043939949416,
    1.3481899604427945,
    1.3458865103460733,
    1.100209586489795,
    1.2290773264421195,
    0.9282795977361596
  ],
  "active_indices": [
    0,
    1,
    2,
    3,
    4,
    5,
    6,
    7,
    8,
    9,
    10,
    11,
    12,
    13,
    14,
    15,
    16,
    17,
    18,
    19
  ]
}
