{
  "theta_sub": [
    0.536040313467609,
    0.038080181298140836,
    0.5368708048937236,
    2.521496285726564,
    0.45405294595598844,
    0.28300775988635074,
    0.13218784790362736,
    0.2071128764169939,
    1.1617571817137229,
    0.36514207278431954,
    0.37181137576693624,
    0.08120104399341299,
    0.3186861676663524,
    0.26010287755348394,
    0.20260520652803726,
    0.7518680718857778,
    0.21321979582003409,
    0.18615776442786292,
    0.11125745244370072,
    0.15074001718133312
  ],
  "theta_full": [
    0.536040313467609,
    0.038080181298140836,
    0.5368708048937236,
    2.521496285726564,
    0.45405294595598844,
    0.28300775988635074,
    0.13218784790362736,
    0.2071128764169939,
    1.1617571817137229,
    0.36514207278431954,
    0.37181137576693624,
    0.08120104399341299,
    0.3186861676663524,
    0.26010287755348394,
    0.20260520652803726,
    0.7518680718857778,
    0.21321979582003409,
    0.18615776442786292,
    0.11125745244370072,
    0.15074001718133312
  ],
  "active_indices": [
    0,
    1,
    2,
    3,
    4,
    5,
    6,
    7,
    8,
    9,
    10,
    11,
    12,
    13,
    14,
    15,
    16,
    17,
    18,
    19
  ]
}
