{
  "credibility": 0.95,
  "hdi_lower": [
    0.11782930235720562,
    -0.284826066393304,
    0.0030890295517301825,
    0.05774264904886038,
    0.029281485997546985,
    0.05900292060713319,
    -0.276877694057608,
    7.89521600630394e-05,
    0.28826850468903586,
    0.08493175678799991,
    -2.616357321234381,
    -0.49955699716519747,
    2.95501988756212,
    -0.3672908181256078,
    0.004106186337359041,
    7.260281884770813e-05,
    -0.4865188888258779,
    -0.36944847858649954,
    0.47800148245832497,
    0.00299075228258161
  ],
  "hdi_upper": [
    4.671829750730398,
    2.985880830114933,
    4.495572195007359,
    2.8893810024976787,
    2.7780036781901316,
    4.324241575818693,
    2.999295042795031,
    4.626124416369499,
    4.947469923145453,
    2.9239521187127044,
    2.9896806363428734,
    2.7687640877707755,
    4.997266822124948,
    2.906302559251202,
    4.291153609405905,
    0.4725602862559909,
    2.807232698824134,
    2.920495451953804,
    4.9994578463183945,
    4.224954822872766
  ],
  "et_lower": [
    0.14664566508466392,
    -0.41517687594392966,
    0.09887826808448133,
    0.0669657550246373,
    0.0697180361058808,
    0.2383275438042512,
    -0.3820853773206155,
    0.07888441833584053,
    0.18324107761596556,
    0.07258200491965904,
    -2.839142230729708,
    -0.4395070921863828,
    2.4572469288886243,
    -0.383390684133916,
    0.060309145547124306,
    0.009701033622385556,
    -0.440975779941699,
    -0.4169591640485337,
    0.31706810599579516,
    0.12952175066335325
  ],
  "et_upper": [
    4.7694894248223365,
    2.9046240197393662,
    4.7292490308133415,
    2.903277260831426,
    2.884088631020394,
    4.593347830339751,
    2.9241373686041343,
    4.821260715718039,
    4.885558318346719,
    2.916843960950212,
    2.9101783491286244,
    2.886739381968258,
    4.970742668113763,
    2.8983721502457427,
    4.625632793917387,
    0.48728040454880167,
    2.9079965243895383,
    2.9048666569877817,
    4.917569475681961,
    4.535652782374304
  ],
  "median": [
    2.269429633312952,
    1.2765793837711876,
    1.7811350715512355,
    1.594924618163125,
    1.3842469742645465,
    2.316638569949487,
    1.53678515594152,
    2.303001876925441,
    2.6198734377957247,
    1.428093251952785,
    0.8463386609165366,
    1.103349713354452,
    4.433232569440664,
    1.1474015296695326,
    1.589851031383083,
    0.2503770200554348,
    1.0513415063976104,
    1.2775893475109412,
    3.1022881549860664,
    1.7702491235614197
  ],
  "param_names": [
    "a11",
    "a12",
    "a22",
    "b1",
    "b2",
    "a33",
    "a34",
    "a44",
    "b3",
    "b4",
    "a13",
    "a14",
    "a23",
    "a24",
    "a55",
    "b5",
    "a15",
    "a25",
    "a35",
    "a45"
  ]
}