{
  "MAP": {
    "n_obs": 6,
    "n_species": 5,
    "rmse_per_species": [
      0.02991318937178071,
      0.12872694020573727,
      0.2575530360918693,
      0.10196323978377113,
      0.07149691425564238
    ],
    "mae_per_species": [
      0.021613415673891582,
      0.11962337710085695,
      0.2350482998430646,
      0.08562809864305755,
      0.06471550176105506
    ],
    "rmse_total": 0.1409306932137529,
    "mae_total": 0.10532573860438514,
    "max_abs": 0.37431769434240414,
    "estimate_type": "MAP"
  },
  "Mean": {
    "n_obs": 6,
    "n_species": 5,
    "rmse_per_species": [
      0.031464575304151844,
      0.2087498402924961,
      0.27561940662489787,
      0.08554271469473711,
      0.0739866490259914
    ],
    "mae_per_species": [
      0.024652599187209745,
      0.18708643407461892,
      0.25160805181691753,
      0.06821246326284862,
      0.059829331667731474
    ],
    "rmse_total": 0.16329369424501028,
    "mae_total": 0.11827777600186526,
    "max_abs": 0.3789723330838791,
    "estimate_type": "Mean"
  },
  "species_names": [
    "S. oralis",
    "A. naeslundii",
    "V. dispar",
    "F. nucleatum",
    "P. gingivalis"
  ]
}