{
  "elapsed_time": 256626.2547698021,
  "converged": [
    true
  ],
  "MAP": [
    2.315695980146777,
    1.711584827303514,
    0.18165079135556522,
    1.9414421060982687,
    2.5700471176756237,
    1.2236871845817894,
    2.902538557552801,
    2.711496236082484,
    1.3635211191087713,
    2.6850705560002943,
    0.26112331523933285,
    -0.1470111310457285,
    4.798152936395505,
    2.95770613945169,
    1.333828039318361,
    0.246036748452173,
    -0.17641878093484098,
    1.1425349169036745,
    4.533518753227601,
    1.1734744135863728
  ],
  "mean": [
    2.3007817566546827,
    1.272925602743507,
    1.9629997960716015,
    1.544233604144164,
    1.4125032599994605,
    2.305863051899973,
    1.4490896645890194,
    2.3149396214547733,
    2.5761886781938057,
    1.4711757173441187,
    0.5119021173321185,
    1.1169609193505514,
    4.241625898386356,
    1.199337122763166,
    1.7788274517211744,
    0.25021743001822666,
    1.1367133292014484,
    1.270211899662642,
    2.918077200099288,
    1.9250811185373566
  ]
}