{
  "theta_sub": [
    2.3007817566546827,
    1.272925602743507,
    1.9629997960716015,
    1.544233604144164,
    1.4125032599994605,
    2.305863051899973,
    1.4490896645890194,
    2.3149396214547733,
    2.5761886781938057,
    1.4711757173441187,
    0.5119021173321185,
    1.1169609193505514,
    4.241625898386356,
    1.199337122763166,
    1.7788274517211744,
    0.25021743001822666,
    1.1367133292014484,
    1.270211899662642,
    2.918077200099288,
    1.9250811185373566
  ],
  "theta_full": [
    2.3007817566546827,
    1.272925602743507,
    1.9629997960716015,
    1.544233604144164,
    1.4125032599994605,
    2.305863051899973,
    1.4490896645890194,
    2.3149396214547733,
    2.5761886781938057,
    1.4711757173441187,
    0.5119021173321185,
    1.1169609193505514,
    4.241625898386356,
    1.199337122763166,
    1.7788274517211744,
    0.25021743001822666,
    1.1367133292014484,
    1.270211899662642,
    2.918077200099288,
    1.9250811185373566
  ],
  "active_indices": [
    0,
    1,
    2,
    3,
    4,
    5,
    6,
    7,
    8,
    9,
    10,
    11,
    12,
    13,
    14,
    15,
    16,
    17,
    18,
    19
  ]
}