{
  "theta_sub": [
    2.315695980146777,
    1.711584827303514,
    0.18165079135556522,
    1.9414421060982687,
    2.5700471176756237,
    1.2236871845817894,
    2.902538557552801,
    2.711496236082484,
    1.3635211191087713,
    2.6850705560002943,
    0.26112331523933285,
    -0.1470111310457285,
    4.798152936395505,
    2.95770613945169,
    1.333828039318361,
    0.246036748452173,
    -0.17641878093484098,
    1.1425349169036745,
    4.533518753227601,
    1.1734744135863728
  ],
  "theta_full": [
    2.315695980146777,
    1.711584827303514,
    0.18165079135556522,
    1.9414421060982687,
    2.5700471176756237,
    1.2236871845817894,
    2.902538557552801,
    2.711496236082484,
    1.3635211191087713,
    2.6850705560002943,
    0.26112331523933285,
    -0.1470111310457285,
    4.798152936395505,
    2.95770613945169,
    1.333828039318361,
    0.246036748452173,
    -0.17641878093484098,
    1.1425349169036745,
    4.533518753227601,
    1.1734744135863728
  ],
  "active_indices": [
    0,
    1,
    2,
    3,
    4,
    5,
    6,
    7,
    8,
    9,
    10,
    11,
    12,
    13,
    14,
    15,
    16,
    17,
    18,
    19
  ]
}