{
  "credibility": 0.95,
  "hdi_lower": [
    -0.9221583050108103,
    -0.8864595012618448,
    -0.9948937639583848,
    1.5307599888685708,
    0.13351859133268018,
    -0.9977941502401824,
    0.0,
    -0.9283073714729322,
    0.08511527136441899,
    0.053685768017173174,
    -0.935973160964239,
    -0.9452076197186108,
    0.0,
    0.0,
    -0.959133812322105,
    0.0,
    0.0,
    0.0,
    0.0,
    -0.9532747834287418
  ],
  "hdi_upper": [
    0.9216134936291556,
    0.995717613857019,
    0.8677267651883436,
    9.98625638491343,
    2.9341613643602975,
    0.806988473515649,
    0.0,
    0.933707433772681,
    2.8488360822458643,
    1.9298318456732761,
    0.831639115808755,
    0.8955026717074133,
    0.0,
    0.0,
    0.9344794064435402,
    0.0,
    0.0,
    0.0,
    0.0,
    0.9212688295342388
  ],
  "et_lower": [
    -0.9248288693226878,
    -0.9531253950154042,
    -0.9531863882376945,
    1.2509929385604126,
    0.10904172926712173,
    -0.9717826676201842,
    0.0,
    -0.9470502125018576,
    0.07942166714646144,
    0.07644963772475502,
    -0.9094902217101907,
    -0.9363653157912936,
    0.0,
    0.0,
    -0.9532899976044443,
    0.0,
    0.0,
    0.0,
    0.0,
    -0.9513842727505162
  ],
  "et_upper": [
    0.9185090612879719,
    0.9521497941648421,
    0.9074706346722842,
    9.756718564570503,
    2.9096298341448907,
    0.9246380877195969,
    0.0,
    0.9263186743544163,
    2.8480657693894025,
    1.9936098492788445,
    0.8580799180691798,
    0.9107019815008767,
    0.0,
    0.0,
    0.9421334795881008,
    0.0,
    0.0,
    0.0,
    0.0,
    0.9234909255191729
  ],
  "median": [
    -0.1083898969183536,
    0.18867378437443216,
    -0.05913169856103262,
    5.6399670921196225,
    1.4969557057178702,
    -0.21592404452751196,
    0.0,
    -0.01998952165029777,
    1.3021357472152835,
    0.8779466776571769,
    0.005013655495878455,
    -0.03650751497043303,
    0.0,
    0.0,
    -0.046556799306011754,
    0.0,
    0.0,
    0.0,
    0.0,
    -0.0024844894353381886
  ],
  "param_names": [
    "a11",
    "a12",
    "a22",
    "b1",
    "b2",
    "a33",
    "a44",
    "b3",
    "b4",
    "a13",
    "a14",
    "a55",
    "a45"
  ]
}
