{
  "MAP": {
    "n_obs": 6,
    "n_species": 5,
    "rmse_per_species": [
      0.16374260729662202,
      0.02746840817436781,
      0.07199352709380574,
      0.08684493927775902,
      0.009908628624880546
    ],
    "mae_per_species": [
      0.11768205296136551,
      0.023792629819178557,
      0.061411908150239836,
      0.07309245268821211,
      0.008958762554861196
    ],
    "rmse_total": 0.0898770796529565,
    "mae_total": 0.05698756123477145,
    "max_abs": 0.35352954090206534,
    "estimate_type": "MAP"
  },
  "Mean": {
    "n_obs": 6,
    "n_species": 5,
    "rmse_per_species": [
      0.19034580050525488,
      0.04056354757840528,
      0.06313096376078854,
      0.023545278082259775,
      0.02129384218232215
    ],
    "mae_per_species": [
      0.16960346970187387,
      0.03232753466102777,
      0.05325015095275176,
      0.02291529768999127,
      0.020824442887057388
    ],
    "rmse_total": 0.09259616793621044,
    "mae_total": 0.0597841791785404,
    "max_abs": 0.35824248001552383,
    "estimate_type": "Mean"
  },
  "species_names": [
    "S. oralis",
    "A. naeslundii",
    "V. dispar",
    "F. nucleatum",
    "P. gingivalis"
  ]
}
