{
  "elapsed_time": 6699.634282588959,
  "converged": [
    true,
    true
  ],
  "MAP": [
    0.17471874217437833,
    0.4613192362701726,
    0.11398742945420892,
    2.9476759836415853,
    0.33834747891941774,
    -0.7832402236021057,
    0.0,
    0.5138129215333787,
    1.213587318485294,
    1.0025944170375582,
    -0.2114773175889052,
    0.6383327726919068,
    0.0,
    0.0,
    0.7098657727857793,
    0.0,
    0.0,
    0.0,
    0.0,
    -0.710649870260297
  ],
  "mean": [
    -0.08496923956948847,
    0.10743014016147089,
    -0.032657498050994,
    5.712560287433207,
    1.5538534793220158,
    -0.16909926692394392,
    0.0,
    -0.03325011305570051,
    1.394889779063814,
    0.9197204619422691,
    0.00677088010897994,
    -0.03134629567273752,
    0.0,
    0.0,
    -0.021685235070981333,
    0.0,
    0.0,
    0.0,
    0.0,
    0.015192488529998034
  ]
}
