{
  "theta_sub": [
    0.17471874217437833,
    0.4613192362701726,
    0.11398742945420892,
    2.9476759836415853,
    0.33834747891941774,
    -0.7832402236021057,
    0.5138129215333787,
    1.213587318485294,
    1.0025944170375582,
    -0.2114773175889052,
    0.6383327726919068,
    0.7098657727857793,
    -0.710649870260297
  ],
  "theta_full": [
    0.17471874217437833,
    0.4613192362701726,
    0.11398742945420892,
    2.9476759836415853,
    0.33834747891941774,
    -0.7832402236021057,
    0.0,
    0.5138129215333787,
    1.213587318485294,
    1.0025944170375582,
    -0.2114773175889052,
    0.6383327726919068,
    0.0,
    0.0,
    0.7098657727857793,
    0.0,
    0.0,
    0.0,
    0.0,
    -0.710649870260297
  ],
  "active_indices": [
    0,
    1,
    2,
    3,
    4,
    5,
    7,
    8,
    9,
    10,
    11,
    14,
    19
  ]
}
