{
  "theta_sub": [
    -0.08496923956948847,
    0.10743014016147089,
    -0.032657498050994,
    5.712560287433207,
    1.5538534793220158,
    -0.16909926692394392,
    -0.03325011305570051,
    1.394889779063814,
    0.9197204619422691,
    0.00677088010897994,
    -0.03134629567273752,
    -0.021685235070981333,
    0.015192488529998034
  ],
  "theta_full": [
    -0.08496923956948847,
    0.10743014016147089,
    -0.032657498050994,
    5.712560287433207,
    1.5538534793220158,
    -0.16909926692394392,
    0.0,
    -0.03325011305570051,
    1.394889779063814,
    0.9197204619422691,
    0.00677088010897994,
    -0.03134629567273752,
    0.0,
    0.0,
    -0.021685235070981333,
    0.0,
    0.0,
    0.0,
    0.0,
    0.015192488529998034
  ],
  "active_indices": [
    0,
    1,
    2,
    3,
    4,
    5,
    7,
    8,
    9,
    10,
    11,
    14,
    19
  ]
}
