{
  "credibility": 0.95,
  "hdi_lower": [
    -0.8521784610080188,
    -0.8334891811739967,
    -0.9786568514756138,
    0.30630966807733273,
    0.0026848810895439,
    -0.8316684289548881,
    0.0,
    0.0,
    0.0037751340574958547,
    0.0,
    -0.8406795902794717,
    0.0,
    -0.875051719727149,
    0.0,
    0.0,
    0.0,
    0.0,
    0.0,
    0.0,
    0.0
  ],
  "hdi_upper": [
    1.9839879918158139,
    1.9971892111415928,
    1.825837673832686,
    2.9133621113731114,
    2.8566610647110324,
    1.9759092132616658,
    0.0,
    0.0,
    2.764902525898737,
    0.0,
    1.9903180248972308,
    0.0,
    1.971780120231685,
    0.0,
    0.0,
    0.0,
    0.0,
    0.0,
    0.0,
    0.0
  ],
  "et_lower": [
    -0.9346457612319914,
    -0.9086658479027575,
    -0.9302172626850732,
    0.2542922310397539,
    0.028230407330164835,
    -0.8987560749785451,
    0.0,
    0.0,
    0.06709337983214499,
    0.0,
    -0.9222118767663012,
    0.0,
    -0.9352963019642138,
    0.0,
    0.0,
    0.0,
    0.0,
    0.0,
    0.0,
    0.0
  ],
  "et_upper": [
    1.9349913827994654,
    1.9232606613691572,
    1.8778618649998722,
    2.8956787857479576,
    2.9184229876210197,
    1.9241573691824772,
    0.0,
    0.0,
    2.892786526910245,
    0.0,
    1.9151384129711244,
    0.0,
    1.9309405931985386,
    0.0,
    0.0,
    0.0,
    0.0,
    0.0,
    0.0,
    0.0
  ],
  "median": [
    0.6107094435167328,
    0.44594434556797125,
    0.24116187255701826,
    1.5239935445711748,
    1.3627838483604764,
    0.6270082811849366,
    0.0,
    0.0,
    1.1456939845739793,
    0.0,
    0.4479147029227242,
    0.0,
    0.4262579503971623,
    0.0,
    0.0,
    0.0,
    0.0,
    0.0,
    0.0,
    0.0
  ],
  "param_names": [
    "a11",
    "a12",
    "a22",
    "b1",
    "b2",
    "a33",
    "b3",
    "a13",
    "a23"
  ]
}
