{
  "MAP": {
    "n_obs": 6,
    "n_species": 5,
    "rmse_per_species": [
      0.24888151677887269,
      0.19387082440301248,
      0.13922145765368052,
      0.014612842741815221,
      0.014612842741815221
    ],
    "mae_per_species": [
      0.19940933844676687,
      0.15026163316976013,
      0.08516100426986066,
      0.014245680840575389,
      0.014245680840575389
    ],
    "rmse_total": 0.1544911586894639,
    "mae_total": 0.09266466751350769,
    "max_abs": 0.42718805044197516,
    "estimate_type": "MAP"
  },
  "Mean": {
    "n_obs": 6,
    "n_species": 5,
    "rmse_per_species": [
      0.13068045557338698,
      0.043355808923501306,
      0.14451286224314439,
      0.01850896003286707,
      0.01850896003286707
    ],
    "mae_per_species": [
      0.11619741809589307,
      0.03896298815093421,
      0.08645154788108018,
      0.018375319831703426,
      0.018375319831703426
    ],
    "rmse_total": 0.09002914882745665,
    "mae_total": 0.05567251875826286,
    "max_abs": 0.32465685905956354,
    "estimate_type": "Mean"
  },
  "species_names": [
    "S. oralis",
    "A. naeslundii",
    "V. dispar",
    "F. nucleatum",
    "P. gingivalis"
  ]
}
