{
  "elapsed_time": 15.668176412582397,
  "converged": [
    true,
    true
  ],
  "MAP": [
    0.9992787074811049,
    1.8771937861723784,
    0.42806263983974224,
    0.46336534462509904,
    0.00487289050669748,
    1.8397372915143837,
    0.0,
    0.0,
    0.3239812191654029,
    0.0,
    -0.1930467659568771,
    0.0,
    0.7082016106970572,
    0.0,
    0.0,
    0.0,
    0.0,
    0.0,
    0.0,
    0.0
  ],
  "mean": [
    0.5783370269518178,
    0.49883784074530696,
    0.34792552700744767,
    1.5651424276628707,
    1.386699965801135,
    0.5747983465376565,
    0.0,
    0.0,
    1.2766348962025234,
    0.0,
    0.4921072184950968,
    0.0,
    0.4667402921875564,
    0.0,
    0.0,
    0.0,
    0.0,
    0.0,
    0.0,
    0.0
  ]
}
