{
  "theta_sub": [
    0.5783370269518178,
    0.49883784074530696,
    0.34792552700744767,
    1.5651424276628707,
    1.386699965801135,
    0.5747983465376565,
    1.2766348962025234,
    0.4921072184950968,
    0.4667402921875564
  ],
  "theta_full": [
    0.5783370269518178,
    0.49883784074530696,
    0.34792552700744767,
    1.5651424276628707,
    1.386699965801135,
    0.5747983465376565,
    0.0,
    0.0,
    1.2766348962025234,
    0.0,
    0.4921072184950968,
    0.0,
    0.4667402921875564,
    0.0,
    0.0,
    0.0,
    0.0,
    0.0,
    0.0,
    0.0
  ],
  "active_indices": [
    0,
    1,
    2,
    3,
    4,
    5,
    8,
    10,
    12
  ]
}
