{
  "theta_sub": [
    0.9992787074811049,
    1.8771937861723784,
    0.42806263983974224,
    0.46336534462509904,
    0.00487289050669748,
    1.8397372915143837,
    0.3239812191654029,
    -0.1930467659568771,
    0.7082016106970572
  ],
  "theta_full": [
    0.9992787074811049,
    1.8771937861723784,
    0.42806263983974224,
    0.46336534462509904,
    0.00487289050669748,
    1.8397372915143837,
    0.0,
    0.0,
    0.3239812191654029,
    0.0,
    -0.1930467659568771,
    0.0,
    0.7082016106970572,
    0.0,
    0.0,
    0.0,
    0.0,
    0.0,
    0.0,
    0.0
  ],
  "active_indices": [
    0,
    1,
    2,
    3,
    4,
    5,
    8,
    10,
    12
  ]
}
