{
  "credibility": 0.95,
  "hdi_lower": [
    0.0803092113412287,
    -0.49963490683111134,
    0.2597617333208504,
    0.3579814318547002,
    0.004586054084693814,
    0.005516632120761367,
    -0.2852681240638194,
    0.058485369740019166,
    0.012556765255156366,
    0.42383237487394176,
    -2.7925119390406508,
    -0.49775579187394303,
    0.18270995024014525,
    -0.31362750306587667,
    0.07886590661950521,
    0.0013131371896273336,
    -0.336630259458365,
    -0.3841724879951167,
    0.41455160400925983,
    0.015842656493754603
  ],
  "hdi_upper": [
    4.705228476946386,
    2.8128409871946154,
    4.962262244750508,
    2.9966180574599055,
    2.766540020395236,
    4.7231915812624745,
    2.9859228863142993,
    4.738511506118054,
    4.5068339835630296,
    2.998852096099758,
    2.8825068223716785,
    2.7272059339354255,
    4.843082954700428,
    2.9421187428702362,
    4.776301123294988,
    0.47200236735267453,
    2.99929215435505,
    2.913406204060627,
    4.987824039430558,
    4.705932522267636
  ],
  "et_lower": [
    0.11523396837345666,
    -0.4381821688471262,
    0.15085718875290233,
    0.16394193048479727,
    0.07518292247202968,
    0.1015032518899255,
    -0.3701238831638442,
    0.08959883021761304,
    0.0999377192377347,
    0.31350449237326494,
    -2.8523459721763094,
    -0.4355221276433177,
    0.18265012943469483,
    -0.4067691939930184,
    0.11070944292620866,
    0.008957739944411371,
    -0.42922845784734304,
    -0.43163471804697673,
    0.14473397769249044,
    0.11514190775244489
  ],
  "et_upper": [
    4.86707168732431,
    2.894309932167366,
    4.8940576650414735,
    2.9589972587425697,
    2.899333605729407,
    4.830493215739897,
    2.9321321726856953,
    4.838125973219398,
    4.801594447922191,
    2.935827211689538,
    2.836525234964106,
    2.865208687114347,
    4.841026031013825,
    2.8755146675504966,
    4.867221177251525,
    0.4832861675048036,
    2.9367468005757127,
    2.902170746763987,
    4.931113353803581,
    4.856256835418073
  ],
  "median": [
    2.324925751106384,
    1.1464984403486245,
    2.5296326950819825,
    1.7357635955932125,
    1.2796633679586393,
    2.6825374179386383,
    1.1865723663227108,
    2.1832158405673554,
    1.7445811063197447,
    2.0147619152681875,
    0.33502774040579864,
    1.0103417412880635,
    2.8213687899521385,
    1.3241001942837902,
    2.4098850174983224,
    0.21575591618325915,
    1.027917298941494,
    1.280930724107553,
    2.88393407757193,
    2.2815904383982577
  ],
  "param_names": [
    "a11",
    "a12",
    "a22",
    "b1",
    "b2",
    "a33",
    "a34",
    "a44",
    "b3",
    "b4",
    "a13",
    "a14",
    "a23",
    "a24",
    "a55",
    "b5",
    "a15",
    "a25",
    "a35",
    "a45"
  ]
}
