{
  "MAP": {
    "n_obs": 6,
    "n_species": 5,
    "rmse_per_species": [
      0.03117204019009873,
      0.12453814118467244,
      0.44406032448116484,
      0.08487374916099465,
      0.1935315339504297
    ],
    "mae_per_species": [
      0.021516971197519413,
      0.10328355868485121,
      0.37417377990047046,
      0.0626485657967858,
      0.15910395514441036
    ],
    "rmse_total": 0.22730113260057183,
    "mae_total": 0.14414536614480744,
    "max_abs": 0.7579900627723801,
    "estimate_type": "MAP"
  },
  "Mean": {
    "n_obs": 6,
    "n_species": 5,
    "rmse_per_species": [
      0.03101851595232807,
      0.12115073496302892,
      0.318875242319624,
      0.09731143275732873,
      0.2520407616730217
    ],
    "mae_per_species": [
      0.02458701978666882,
      0.10032530117712235,
      0.29400044843104217,
      0.08563929805146213,
      0.22347153756630778
    ],
    "rmse_total": 0.1950974779787616,
    "mae_total": 0.14560472100252067,
    "max_abs": 0.41569643739392437,
    "estimate_type": "Mean"
  },
  "species_names": [
    "S. oralis",
    "A. naeslundii",
    "V. dispar",
    "F. nucleatum",
    "P. gingivalis"
  ]
}
