{
  "elapsed_time": 5.433408260345459,
  "converged": [
    true,
    true
  ],
  "MAP": [
    1.0193376076384333,
    0.11658570238660038,
    4.3703823283886125,
    0.9321064741228803,
    0.4406151300760962,
    4.603625741144317,
    0.3538323496923008,
    1.8003611986794599,
    0.9984591269148346,
    1.1978621040691757,
    0.9602149136701583,
    0.30608399821758514,
    0.8976400125606856,
    1.4121922748673639,
    3.598535590791907,
    0.009929969595453128,
    -0.49776873549702927,
    0.0031439897099598824,
    4.378007651603678,
    0.3235617657216139
  ],
  "mean": [
    2.413888034056351,
    1.1686497168156642,
    2.487912954369542,
    1.715076988647546,
    1.366266057400959,
    2.596114364787631,
    1.238520139785818,
    2.3392552578869403,
    1.9559137139968774,
    1.9116420458718786,
    0.19088302275872515,
    1.1053649080601353,
    2.6875436090307945,
    1.3016147189179152,
    2.373594240089607,
    0.23023943489388773,
    1.149903551270287,
    1.246670732766458,
    2.8290194993027007,
    2.336600069892285
  ]
}
