{
  "theta_sub": [
    1.0193376076384333,
    0.11658570238660038,
    4.3703823283886125,
    0.9321064741228803,
    0.4406151300760962,
    4.603625741144317,
    0.3538323496923008,
    1.8003611986794599,
    0.9984591269148346,
    1.1978621040691757,
    0.9602149136701583,
    0.30608399821758514,
    0.8976400125606856,
    1.4121922748673639,
    3.598535590791907,
    0.009929969595453128,
    -0.49776873549702927,
    0.0031439897099598824,
    4.378007651603678,
    0.3235617657216139
  ],
  "theta_full": [
    1.0193376076384333,
    0.11658570238660038,
    4.3703823283886125,
    0.9321064741228803,
    0.4406151300760962,
    4.603625741144317,
    0.3538323496923008,
    1.8003611986794599,
    0.9984591269148346,
    1.1978621040691757,
    0.9602149136701583,
    0.30608399821758514,
    0.8976400125606856,
    1.4121922748673639,
    3.598535590791907,
    0.009929969595453128,
    -0.49776873549702927,
    0.0031439897099598824,
    4.378007651603678,
    0.3235617657216139
  ],
  "active_indices": [
    0,
    1,
    2,
    3,
    4,
    5,
    6,
    7,
    8,
    9,
    10,
    11,
    12,
    13,
    14,
    15,
    16,
    17,
    18,
    19
  ]
}
