{
  "theta_sub": [
    2.413888034056351,
    1.1686497168156642,
    2.487912954369542,
    1.715076988647546,
    1.366266057400959,
    2.596114364787631,
    1.238520139785818,
    2.3392552578869403,
    1.9559137139968774,
    1.9116420458718786,
    0.19088302275872515,
    1.1053649080601353,
    2.6875436090307945,
    1.3016147189179152,
    2.373594240089607,
    0.23023943489388773,
    1.149903551270287,
    1.246670732766458,
    2.8290194993027007,
    2.336600069892285
  ],
  "theta_full": [
    2.413888034056351,
    1.1686497168156642,
    2.487912954369542,
    1.715076988647546,
    1.366266057400959,
    2.596114364787631,
    1.238520139785818,
    2.3392552578869403,
    1.9559137139968774,
    1.9116420458718786,
    0.19088302275872515,
    1.1053649080601353,
    2.6875436090307945,
    1.3016147189179152,
    2.373594240089607,
    0.23023943489388773,
    1.149903551270287,
    1.246670732766458,
    2.8290194993027007,
    2.336600069892285
  ],
  "active_indices": [
    0,
    1,
    2,
    3,
    4,
    5,
    6,
    7,
    8,
    9,
    10,
    11,
    12,
    13,
    14,
    15,
    16,
    17,
    18,
    19
  ]
}
