model,chain,stage,beta,beta_next,delta_beta,ess,ess_target,accept_rate,logL_min,logL_max,linearization_enabled,rom_error_pre,rom_error_post,delta_theta0
Dysbiotic_HOBIC,1,1,0.0,0.14874756336212158,0.14874756336212158,25.000003958942525,25.0,0.536,-14.97112145861561,9.504035973521354,0,nan,nan,nan
Dysbiotic_HOBIC,1,2,0.14874756336212158,0.4481512672228263,0.2994037038607047,25.00000058475567,25.0,0.396,3.227117416973096,9.223868980878091,0,nan,nan,nan
Dysbiotic_HOBIC,1,3,0.4481512672228263,0.9481512672228263,0.5,34.33244103099935,25.0,0.416,4.822839031947905,9.402867039089074,0,0.0,nan,7.543558098652878
Dysbiotic_HOBIC,1,4,0.9481512672228263,0.9999999984547874,0.05184873123196107,49.851334620640884,25.0,0.516,4.885023781776719,9.825856086537634,0,nan,nan,nan
Dysbiotic_HOBIC,1,5,0.9999999984547874,1.0,1.5452126245207864e-09,49.99999999999999,25.0,0.484,5.568129695958511,9.829539112212291,0,nan,nan,nan
