{
  "1": {
    "rmse_all": 0.08356651197303638,
    "rmse_diag": {
      "PIH": 0.07987226651621135,
      "PIM": 0.08934511386542669,
      "PI": 0.08259674575502772
    },
    "coverage": 0.004724409448818898,
    "coverage_sp": [
      0.007874015748031496,
      0.007874015748031496,
      0.0,
      0.007874015748031496,
      0.0
    ]
  },
  "3": {
    "rmse_all": 0.10416299794061364,
    "rmse_diag": {
      "PIH": 0.09658259741447242,
      "PIM": 0.10838884380100443,
      "PI": 0.1114372743843069
    },
    "coverage": 0.004724409448818898,
    "coverage_sp": [
      0.007874015748031496,
      0.007874015748031496,
      0.0,
      0.007874015748031496,
      0.0
    ]
  },
  "5": {
    "rmse_all": 0.11669502139895614,
    "rmse_diag": {
      "PIH": 0.10872573573723901,
      "PIM": 0.12159204814887678,
      "PI": 0.12385210982421832
    },
    "coverage": 0.004724409448818898,
    "coverage_sp": [
      0.007874015748031496,
      0.007874015748031496,
      0.007874015748031496,
      0.0,
      0.0
    ]
  },
  "10": {
    "rmse_all": 0.12272151259340376,
    "rmse_diag": {
      "PIH": 0.12138903693360559,
      "PIM": 0.12348085176024409,
      "PI": 0.12410458449210328
    },
    "coverage": 0.0015748031496062992,
    "coverage_sp": [
      0.0,
      0.007874015748031496,
      0.0,
      0.0,
      0.0
    ]
  }
}