{
  "0": 1.6741284184996776,
  "1": 0.7561425032717847,
  "2": 0.011645004350580017,
  "3": 1.0683117596252159,
  "4": 2.233485782526891,
  "5": -0.2967534215182007,
  "6": -0.7692892460758661,
  "7": 4.450296673568089,
  "8": 5.133297037798502,
  "9": 2.0641684469882007,
  "10": -2.7275643812832593,
  "11": 0.3823650005847802,
  "12": 0.45789658356491364,
  "13": 0.450410871505916,
  "14": 3.4338386488771517,
  "15": 0.23146809783862338,
  "16": 0.007130610335964044,
  "17": -0.4937799401980541,
  "18": -0.404302605299437,
  "19": 5.630625138883289
}