{
  "genera": [
    "Streptococcus",
    "Actinomyces",
    "Veillonella",
    "Fusobacterium",
    "Porphyromonas"
  ],
  "obs": {
    "A": [
      [
        0.6211382113821139,
        0.7523467145995606,
        0.48
      ],
      [
        0.17940379403794038,
        0.219492710205712,
        0.12
      ],
      [
        0.17831978319783198,
        0.02336728579988017,
        0.16
      ],
      [
        0.007588075880758808,
        0.00439384861194328,
        0.24
      ],
      [
        0.013550135501355014,
        0.0003994407829039345,
        0.0
      ]
    ],
    "B": [
      [
        0.7067961165048544,
        0.7307692307692308,
        0.6525080906148868
      ],
      [
        0.06019417475728157,
        0.09615384615384616,
        0.21682847896440133
      ],
      [
        0.11650485436893204,
        0.15384615384615385,
        0.10841423948220066
      ],
      [
        0.11650485436893204,
        0.019230769230769232,
        0.02224919093851133
      ],
      [
        0.0,
        0.0,
        0.0
      ]
    ],
    "C": [
      [
        0.6593346664242865,
        0.4268431001890358,
        0.7562594840667678
      ],
      [
        0.2572259589165607,
        0.4633270321361058,
        0.13979514415781488
      ],
      [
        0.07380476277040539,
        0.09773156899810963,
        0.08573596358118361
      ],
      [
        0.009452826758771134,
        0.012098298676748581,
        0.018209408194233688
      ],
      [
        0.00018178512997636795,
        0.0,
        0.0
      ]
    ],
    "D": [
      [
        0.7894736842105263,
        0.873900293255132,
        0.5732484076433122
      ],
      [
        0.0,
        0.08211143695014661,
        0.2484076433121019
      ],
      [
        0.21052631578947367,
        0.0439882697947214,
        0.178343949044586
      ],
      [
        0.0,
        0.0,
        0.0
      ],
      [
        0.0,
        0.0,
        0.0
      ]
    ],
    "E": [
      [
        0.7510273972602739,
        0.6761943650469578,
        0.8409693297993185
      ],
      [
        0.15856164383561644,
        0.21682319314005713,
        0.09598636879969709
      ],
      [
        0.08835616438356164,
        0.0873826051449571,
        0.06209769026883755
      ],
      [
        0.00034246575342465754,
        0.001633319722335647,
        0.0007572889057175311
      ],
      [
        0.0017123287671232876,
        0.017966516945692117,
        0.00018932222642938277
      ]
    ],
    "F": [
      [
        0.5076708507670851,
        0.36643437862950057,
        0.5539868070825135
      ],
      [
        0.16317991631799167,
        0.4578977932636469,
        0.30239555606989926
      ],
      [
        0.31659693165969316,
        0.17450638792102205,
        0.1422289086911237
      ],
      [
        0.012552301255230127,
        0.0011614401858304297,
        0.001388728156463372
      ],
      [
        0.0,
        0.0,
        0.0
      ]
    ],
    "G": [
      [
        0.8891175713918189,
        0.7907149489322192,
        0.9407076047173648
      ],
      [
        0.04116285052739902,
        0.13779015784586815,
        0.05530703538023587
      ],
      [
        0.037561101106251604,
        0.05552460538532962,
        0.0032533550223668157
      ],
      [
        0.005145356315924878,
        0.0012999071494893223,
        0.00040666937779585197
      ],
      [
        0.027013120658605606,
        0.01467038068709378,
        0.00032533550223668155
      ]
    ],
    "H": [
      [
        0.8788172564226856,
        0.5827338129496403,
        0.8867090356452061
      ],
      [
        0.06010664081434805,
        0.1735611510791367,
        0.05415860735009673
      ],
      [
        0.021328162869607373,
        0.01738609112709832,
        0.0042829510914617315
      ],
      [
        0.01599612215220553,
        0.001199040767386091,
        0.005526388505111911
      ],
      [
        0.023751817741153668,
        0.2251199040767386,
        0.0493230174081238
      ]
    ],
    "K": [
      [
        0.8599464763603925,
        0.7563025210084034,
        0.60871980005554
      ],
      [
        0.0382311711482095,
        0.008403361344537815,
        0.31296861982782553
      ],
      [
        0.05492544921626099,
        0.23529411764705882,
        0.06456539850041654
      ],
      [
        0.04689690327513699,
        0.0,
        0.013746181616217715
      ],
      [
        0.0,
        0.0,
        0.0
      ]
    ],
    "L": [
      [
        0.8375,
        0.5767790262172284,
        0.8680479825517993
      ],
      [
        0.05,
        0.3857677902621723,
        0.035986913849509264
      ],
      [
        0.0125,
        0.03745318352059925,
        0.09023991275899672
      ],
      [
        0.1,
        0.0,
        0.005725190839694656
      ],
      [
        0.0,
        0.0,
        0.0
      ]
    ]
  }
}