{
  "log_mu_Str": 0.49697413777413474,
  "log_mu_Act": 0.14018647254236022,
  "log_mu_Vel": 0.14816940299863945,
  "log_mu_Hae": 0.3973646296004864,
  "log_mu_Rot": 0.25948479110361067,
  "log_mu_Fus": 0.14039692469389026,
  "log_mu_Por": 0.08812203986794732,
  "log_bm_max": 0.8005122239726176,
  "log_spread_frac": 0.05879120214922959,
  "log_o2_inhib_Vel": 6.095030273284977,
  "log_o2_inhib_Fus": 3.0250148733828275,
  "log_o2_inhib_Por": 6.094842043325979,
  "log_c_top_o2": 0.07861102612868007,
  "log_c_top_aa": 0.799819732607719,
  "log_D_o2": 166676.92634884876,
  "final_loss": 1.7454453756396449
}