model,chain,stage,beta,beta_next,delta_beta,ess,ess_target,accept_rate,logL_min,logL_max,linearization_enabled,rom_error_pre,rom_error_post,delta_theta0
Dysbiotic_HOBIC,1,1,0.0,0.14785444736480713,0.14785444736480713,25.00000298221838,25.0,0.336,-14.98397054602109,9.120430913558181,0,nan,nan,nan
Dysbiotic_HOBIC,1,2,0.14785444736480713,0.44353524277232736,0.29568079540752024,25.000000210828677,25.0,0.24,-0.08602244953652975,9.291156310021472,0,nan,nan,nan
Dysbiotic_HOBIC,1,3,0.44353524277232736,0.9435352427723274,0.5,33.56210298889183,25.0,0.388,6.613939020802377,10.083939262369654,0,0.0,nan,6.006209982861701
Dysbiotic_HOBIC,1,4,0.9435352427723274,0.9999999983172191,0.056464755544891734,49.91337645638381,25.0,0.448,5.7693792919906395,10.334749593646372,0,nan,nan,nan
Dysbiotic_HOBIC,1,5,0.9999999983172191,1.0,1.682780914613602e-09,50.0,25.0,0.444,5.7693792919906395,10.371590265834161,0,nan,nan,nan
