{
  "credibility": 0.95,
  "hdi_lower": [
    0.07014948498946194,
    -0.4672213528902791,
    0.2236574758038774,
    0.3236636110359403,
    0.17222211866550374,
    0.2213035657359766,
    -0.26342112720160954,
    0.035255869528327155,
    0.04830503922070739,
    0.40712551410739584,
    -2.554716140415456,
    -0.42361652783072046,
    0.1848010675509772,
    -0.40154233903572656,
    0.0026746515860232023,
    0.0010938745456838816,
    -0.42459350027890064,
    -0.4445407278797524,
    0.405211339498513,
    0.0012892344425861069
  ],
  "hdi_upper": [
    4.671304691126382,
    2.813094904027035,
    4.994642020585162,
    2.999808842063395,
    2.95522566613612,
    4.993520502940919,
    2.9920210542256993,
    4.704560693890852,
    4.667513556292438,
    2.998852096099758,
    2.966738229946178,
    2.7913756552682845,
    4.844495633038944,
    2.8812274998356826,
    4.637749196867335,
    0.46624780530119403,
    2.8354989765128717,
    2.7928235430501425,
    4.963538662856287,
    4.704462542418046
  ],
  "et_lower": [
    0.09245738391321529,
    -0.4381821688471262,
    0.09099782839612627,
    0.12083073338636424,
    0.09782659385918749,
    0.1066968235559112,
    -0.3813362161921845,
    0.11337152553866284,
    0.1309816901605908,
    0.2917560815987196,
    -2.843831463198348,
    -0.376246169915443,
    0.1464348295609604,
    -0.40899735759050676,
    0.07863886550319611,
    0.006149179228027126,
    -0.4211465175595846,
    -0.39384889555976776,
    0.23135699470053722,
    0.04816911578054751
  ],
  "et_upper": [
    4.7953034848461575,
    2.8940132036513595,
    4.922839309520885,
    2.960100078927946,
    2.899436219959405,
    4.905336522307334,
    2.9321321726856953,
    4.838125973219398,
    4.824366932530432,
    2.953797411447576,
    2.9139835354925503,
    2.8888316041009388,
    4.826228038596552,
    2.879143715357863,
    4.776430687265177,
    0.4805607765149487,
    2.8357006217943925,
    2.8738334574304014,
    4.92091077768918,
    4.852225369336268
  ],
  "median": [
    2.4923775450082264,
    1.0918459900945527,
    2.4651385335101295,
    1.8050715089305982,
    1.3159519844859777,
    2.4897726403441975,
    1.318728674893732,
    2.520653813137102,
    1.8100829812142472,
    1.9825394828201746,
    0.5093694786746741,
    0.9818770920146707,
    2.7752294867038723,
    1.3386118284573008,
    2.1368899816096887,
    0.20839271296276585,
    0.9708853657434805,
    1.3477991885600922,
    3.1813126339011992,
    2.235751952574782
  ],
  "param_names": [
    "a11",
    "a12",
    "a22",
    "b1",
    "b2",
    "a33",
    "a34",
    "a44",
    "b3",
    "b4",
    "a13",
    "a14",
    "a23",
    "a24",
    "a55",
    "b5",
    "a15",
    "a25",
    "a35",
    "a45"
  ]
}
