{
  "MAP": {
    "n_obs": 6,
    "n_species": 5,
    "rmse_per_species": [
      0.030729422946634326,
      0.12262881677106133,
      0.3745295711658323,
      0.08340037585133901,
      0.19962796614484035
    ],
    "mae_per_species": [
      0.023610002934450213,
      0.10199760636704291,
      0.32670718020523937,
      0.06582443967240148,
      0.16561491840867
    ],
    "rmse_total": 0.201524922217693,
    "mae_total": 0.13675082951756082,
    "max_abs": 0.5968044088828424,
    "estimate_type": "MAP"
  },
  "Mean": {
    "n_obs": 6,
    "n_species": 5,
    "rmse_per_species": [
      0.030979375980715613,
      0.12112722298702652,
      0.316236638952816,
      0.09852279343509451,
      0.252880598139969
    ],
    "mae_per_species": [
      0.02460956214077864,
      0.1005124689990962,
      0.2919918968471334,
      0.08675157578330817,
      0.22411484206026447
    ],
    "rmse_total": 0.19457259593414478,
    "mae_total": 0.1455960691661162,
    "max_abs": 0.40818826137696873,
    "estimate_type": "Mean"
  },
  "species_names": [
    "S. oralis",
    "A. naeslundii",
    "V. dispar",
    "F. nucleatum",
    "P. gingivalis"
  ]
}
