{
  "elapsed_time": 5.5872344970703125,
  "converged": [
    true,
    true
  ],
  "MAP": [
    0.9078513371495024,
    1.0413593783607338,
    0.04012845264930365,
    2.8594067068212885,
    0.2720569756873248,
    3.288324179091939,
    2.615427807540054,
    0.5433360327184955,
    0.7320065304055436,
    2.6213708415945147,
    1.4508821553262763,
    -0.23398540420196312,
    1.4233958634177721,
    2.208023534852699,
    2.1855324258585402,
    0.0030315734769748026,
    0.35601199159395835,
    0.841661232528899,
    3.6832506870557133,
    0.2532923570851612
  ],
  "mean": [
    2.4079308622218782,
    1.1345610255121894,
    2.499253064841964,
    1.7220223495898483,
    1.416437739179183,
    2.517902347760593,
    1.286790705392752,
    2.4833593261341407,
    2.067541378294894,
    1.8838800510936144,
    0.29964409159436983,
    1.106391528197978,
    2.6465554062581953,
    1.3090063141410575,
    2.233415078269416,
    0.22115221621839143,
    1.101396683937415,
    1.2785035276404313,
    2.9431809518180803,
    2.2622659237881715
  ]
}
