{
  "theta_sub": [
    2.4079308622218782,
    1.1345610255121894,
    2.499253064841964,
    1.7220223495898483,
    1.416437739179183,
    2.517902347760593,
    1.286790705392752,
    2.4833593261341407,
    2.067541378294894,
    1.8838800510936144,
    0.29964409159436983,
    1.106391528197978,
    2.6465554062581953,
    1.3090063141410575,
    2.233415078269416,
    0.22115221621839143,
    1.101396683937415,
    1.2785035276404313,
    2.9431809518180803,
    2.2622659237881715
  ],
  "theta_full": [
    2.4079308622218782,
    1.1345610255121894,
    2.499253064841964,
    1.7220223495898483,
    1.416437739179183,
    2.517902347760593,
    1.286790705392752,
    2.4833593261341407,
    2.067541378294894,
    1.8838800510936144,
    0.29964409159436983,
    1.106391528197978,
    2.6465554062581953,
    1.3090063141410575,
    2.233415078269416,
    0.22115221621839143,
    1.101396683937415,
    1.2785035276404313,
    2.9431809518180803,
    2.2622659237881715
  ],
  "active_indices": [
    0,
    1,
    2,
    3,
    4,
    5,
    6,
    7,
    8,
    9,
    10,
    11,
    12,
    13,
    14,
    15,
    16,
    17,
    18,
    19
  ]
}
