{
  "theta_sub": [
    0.9078513371495024,
    1.0413593783607338,
    0.04012845264930365,
    2.8594067068212885,
    0.2720569756873248,
    3.288324179091939,
    2.615427807540054,
    0.5433360327184955,
    0.7320065304055436,
    2.6213708415945147,
    1.4508821553262763,
    -0.23398540420196312,
    1.4233958634177721,
    2.208023534852699,
    2.1855324258585402,
    0.0030315734769748026,
    0.35601199159395835,
    0.841661232528899,
    3.6832506870557133,
    0.2532923570851612
  ],
  "theta_full": [
    0.9078513371495024,
    1.0413593783607338,
    0.04012845264930365,
    2.8594067068212885,
    0.2720569756873248,
    3.288324179091939,
    2.615427807540054,
    0.5433360327184955,
    0.7320065304055436,
    2.6213708415945147,
    1.4508821553262763,
    -0.23398540420196312,
    1.4233958634177721,
    2.208023534852699,
    2.1855324258585402,
    0.0030315734769748026,
    0.35601199159395835,
    0.841661232528899,
    3.6832506870557133,
    0.2532923570851612
  ],
  "active_indices": [
    0,
    1,
    2,
    3,
    4,
    5,
    6,
    7,
    8,
    9,
    10,
    11,
    12,
    13,
    14,
    15,
    16,
    17,
    18,
    19
  ]
}
