{
  "condition": "healthy",
  "n_params": 10,
  "param_names": [
    "\u03bc_max_So",
    "\u03bc_max_An",
    "\u03bc_max_Vp",
    "\u03bc_max_Fn",
    "\u03bc_max_Pg",
    "Km_So",
    "Km_An",
    "Km_Vp",
    "Km_Fn",
    "Km_Pg"
  ],
  "theta_nominal": [
    0.5,
    0.35,
    0.4,
    0.32,
    0.2,
    0.05,
    0.08,
    0.15,
    0.12,
    0.08
  ],
  "n_obs": 6,
  "selected_cycles": [
    2779,
    349,
    4668,
    668,
    1121,
    985
  ],
  "selected_times_h": [
    27.79,
    3.49,
    46.68,
    6.68,
    11.21,
    9.85
  ],
  "logdet_F_progression": [
    -229.55996332862125,
    -87.67538965977431,
    -78.62958419801322,
    -75.04501078680258,
    -72.83044243147452,
    -70.67135670287944
  ],
  "logdet_F_final": -70.67135670287944,
  "noise_cv": 0.1
}