{
  "credibility": 0.95,
  "hdi_lower": [
    -0.9884128838124326,
    -0.8534943968086688,
    -0.9896436212545403,
    1.1003352219066245,
    0.14115358420253682,
    -0.99214926955838,
    0.0,
    -0.8861845254398952,
    0.003122544057611698,
    2.9244522340265977e-05,
    -0.985668074496513,
    -0.9177984807364812,
    0.0,
    0.0,
    -0.9435734591035487,
    0.0,
    0.0,
    0.0,
    0.0,
    -0.9185371022961633
  ],
  "hdi_upper": [
    0.8707136970278797,
    0.994006558824168,
    0.8733547045239567,
    9.547706008719178,
    2.9562404937754643,
    0.8214510395665873,
    0.0,
    0.9936632393804041,
    2.8456292180922462,
    1.838564555204112,
    0.8253981621621662,
    0.9492446781740096,
    0.0,
    0.0,
    0.9370493164013078,
    0.0,
    0.0,
    0.0,
    0.0,
    0.9671086815294694
  ],
  "et_lower": [
    -0.9474979009328481,
    -0.9155619420519627,
    -0.9456421403329176,
    1.2098533592695753,
    0.08436029205543895,
    -0.9647274147253291,
    0.0,
    -0.9478667934068463,
    0.06284649020331051,
    0.04167407607849626,
    -0.9526390231790849,
    -0.9374018244889274,
    0.0,
    0.0,
    -0.9432673749632366,
    0.0,
    0.0,
    0.0,
    0.0,
    -0.9414302534887526
  ],
  "et_upper": [
    0.930165958609474,
    0.9587009701307598,
    0.9193592230677675,
    9.732611593119348,
    2.926378399757989,
    0.8736033122117479,
    0.0,
    0.947847330236082,
    2.926751433909147,
    1.977180284478156,
    0.8997043377594592,
    0.9401079812687808,
    0.0,
    0.0,
    0.9370707811844372,
    0.0,
    0.0,
    0.0,
    0.0,
    0.9499003330159833
  ],
  "median": [
    -0.025411616012717464,
    0.20268908346939452,
    -0.022609932400696087,
    5.626324065808133,
    1.55112847539668,
    -0.2214113788283169,
    0.0,
    0.03631225570968233,
    1.377067966222476,
    0.8514670457616194,
    -0.1390588912607042,
    0.04217201916589208,
    0.0,
    0.0,
    -0.005387667773422866,
    0.0,
    0.0,
    0.0,
    0.0,
    0.06541259815964873
  ],
  "param_names": [
    "a11",
    "a12",
    "a22",
    "b1",
    "b2",
    "a33",
    "a44",
    "b3",
    "b4",
    "a13",
    "a14",
    "a55",
    "a45"
  ]
}