{
  "MAP": {
    "n_obs": 6,
    "n_species": 5,
    "rmse_per_species": [
      0.19689509741297856,
      0.048960764363967534,
      0.06905104331650633,
      0.07437665957977103,
      0.06306074097508996
    ],
    "mae_per_species": [
      0.1786992152600421,
      0.038080307763880196,
      0.058943022477592345,
      0.06445099819088575,
      0.05500081263873824
    ],
    "rmse_total": 0.10530092778132664,
    "mae_total": 0.07903487126622773,
    "max_abs": 0.3583734399370724,
    "estimate_type": "MAP"
  },
  "Mean": {
    "n_obs": 6,
    "n_species": 5,
    "rmse_per_species": [
      0.18920580533087766,
      0.03925309645130833,
      0.0649826430538903,
      0.027963132271943386,
      0.022710715970309634
    ],
    "mae_per_species": [
      0.16794121873661896,
      0.03142499652082996,
      0.05469554235164461,
      0.027274930154454213,
      0.02205974293068615
    ],
    "rmse_total": 0.09258520360892801,
    "mae_total": 0.06067928613884678,
    "max_abs": 0.35814759398013807,
    "estimate_type": "Mean"
  },
  "species_names": [
    "S. oralis",
    "A. naeslundii",
    "V. dispar",
    "F. nucleatum",
    "P. gingivalis"
  ]
}