{
  "elapsed_time": 284892.68620967865,
  "converged": [
    true,
    true
  ],
  "MAP": [
    -0.27131152938847247,
    0.9764449762234899,
    -0.9350632955003959,
    1.498017409273297,
    2.194805934298085,
    -0.6856885449924672,
    0.0,
    0.3017132801889377,
    1.845240726332593,
    1.3069541114331393,
    -0.3094079178401088,
    -0.43770125166913476,
    0.0,
    0.0,
    -0.025669751640537974,
    0.0,
    0.0,
    0.0,
    0.0,
    0.6943278141857117
  ],
  "mean": [
    -0.039155112143954424,
    0.13037768418209755,
    -0.027231350918723245,
    5.497452344643204,
    1.5372220787550757,
    -0.15146171648099405,
    0.0,
    0.022847693417786072,
    1.4266261670691511,
    0.8929003197272957,
    -0.10620696348493074,
    0.032236497232376427,
    0.0,
    0.0,
    -0.008733454623517012,
    0.0,
    0.0,
    0.0,
    0.0,
    0.03782872268588566
  ]
}