{
  "theta_sub": [
    -0.27131152938847247,
    0.9764449762234899,
    -0.9350632955003959,
    1.498017409273297,
    2.194805934298085,
    -0.6856885449924672,
    0.3017132801889377,
    1.845240726332593,
    1.3069541114331393,
    -0.3094079178401088,
    -0.43770125166913476,
    -0.025669751640537974,
    0.6943278141857117
  ],
  "theta_full": [
    -0.27131152938847247,
    0.9764449762234899,
    -0.9350632955003959,
    1.498017409273297,
    2.194805934298085,
    -0.6856885449924672,
    0.0,
    0.3017132801889377,
    1.845240726332593,
    1.3069541114331393,
    -0.3094079178401088,
    -0.43770125166913476,
    0.0,
    0.0,
    -0.025669751640537974,
    0.0,
    0.0,
    0.0,
    0.0,
    0.6943278141857117
  ],
  "active_indices": [
    0,
    1,
    2,
    3,
    4,
    5,
    7,
    8,
    9,
    10,
    11,
    14,
    19
  ]
}