{
  "theta_sub": [
    -0.039155112143954424,
    0.13037768418209755,
    -0.027231350918723245,
    5.497452344643204,
    1.5372220787550757,
    -0.15146171648099405,
    0.022847693417786072,
    1.4266261670691511,
    0.8929003197272957,
    -0.10620696348493074,
    0.032236497232376427,
    -0.008733454623517012,
    0.03782872268588566
  ],
  "theta_full": [
    -0.039155112143954424,
    0.13037768418209755,
    -0.027231350918723245,
    5.497452344643204,
    1.5372220787550757,
    -0.15146171648099405,
    0.0,
    0.022847693417786072,
    1.4266261670691511,
    0.8929003197272957,
    -0.10620696348493074,
    0.032236497232376427,
    0.0,
    0.0,
    -0.008733454623517012,
    0.0,
    0.0,
    0.0,
    0.0,
    0.03782872268588566
  ],
  "active_indices": [
    0,
    1,
    2,
    3,
    4,
    5,
    7,
    8,
    9,
    10,
    11,
    14,
    19
  ]
}