{
  "conditions": [
    "diseased",
    "healthy"
  ],
  "n_draws": 20,
  "dt": 0.01,
  "matrix_median_nrmse": [
    [
      0.05458985640096599,
      0.21437610531353374
    ],
    [
      0.2883447004599389,
      0.0665675593561959
    ]
  ],
  "matrix_mean_nrmse": [
    [
      0.05538016210283888,
      0.21410803102485088
    ],
    [
      0.30699666451441326,
      0.06360942588203372
    ]
  ],
  "raw_nrmse": {
    "diseased": {
      "diseased": [
        0.04321613935930949,
        0.04259264144907908,
        0.06303380780008049,
        0.048876137091518244,
        0.06756510842082272,
        0.037622883358496076,
        0.03174000960704439,
        0.09096890694693231,
        0.05442774324660633,
        0.07139824003948854,
        0.054751969555325644,
        0.06924344325867024,
        0.035348582052374886,
        0.0711933115552322,
        0.06638699076283403,
        0.06604963068910163,
        0.035582623139302196,
        0.045446861378706696,
        0.07332681950547716,
        0.03883139284037519
      ],
      "healthy": [
        0.2163488749652474,
        0.5832685826973334,
        0.19864547164892515,
        0.2193109605602309,
        0.22226845886739172,
        0.2099254901400756,
        0.21525576629498056,
        0.053435357807933,
        0.21346690555299408,
        0.2027488576398188,
        0.21961690547798912,
        0.21433422424488469,
        0.06150779092198111,
        0.20403661028042896,
        0.21912429148332696,
        0.25949266930566317,
        0.30538702378199656,
        0.1186769847230588,
        0.21441798638218276,
        0.13089140772057495
      ]
    },
    "healthy": {
      "diseased": [
        0.32845349079280683,
        0.3056173452241488,
        0.2272885614323939,
        0.27290483609808913,
        0.24351425145794575,
        0.2272885614323939,
        0.2272885614323939,
        0.1825109515898367,
        0.2272885614323939,
        0.5398837598963898,
        0.4083325564442231,
        0.22749685395518887,
        0.3037845648217886,
        0.3154830936219972,
        0.3154830936219972,
        0.5526159849731227,
        0.2272885614323939,
        0.4907483464369669,
        0.20117826056979699,
        0.3154830936219972
      ],
      "healthy": [
        0.045580009211430794,
        0.07071545033775264,
        0.054309011264187815,
        0.05550896254779899,
        0.07071545033775264,
        0.0930581868068427,
        0.0779228279041446,
        0.06207493887449002,
        0.06241966837463915,
        0.07237405564145587,
        0.07514373131980515,
        0.08361868896320226,
        0.039168510497966554,
        0.07071545033775264,
        0.054309011264187815,
        0.07071545033775264,
        0.05677205365010328,
        0.04347887387270587,
        0.04287273575895024,
        0.07071545033775264
      ]
    }
  }
}