{
  "theta_full": [
    1.5595547813502633,
    0.32468509954461666,
    0.9985804345222741,
    0.48475195198210874,
    2.680076305564069,
    2.1917777751746574,
    2.5024755440826474,
    1.94310035110333,
    2.352477015539854,
    2.099383363353033,
    1.4726548661623906,
    0.15867885117862723,
    0.9788605211302381,
    2.615939634439106,
    2.951557999442703,
    1.544449169406222,
    2.6992474076759474,
    2.8424497326133427,
    2.0301089216114456,
    2.164548871623156
  ],
  "theta_sub": [
    1.5595547813502633,
    0.32468509954461666,
    0.9985804345222741,
    0.48475195198210874,
    2.680076305564069,
    2.1917777751746574,
    2.5024755440826474,
    1.94310035110333,
    2.352477015539854,
    2.099383363353033,
    1.4726548661623906,
    0.15867885117862723,
    0.9788605211302381,
    2.615939634439106,
    2.951557999442703,
    1.544449169406222,
    2.6992474076759474,
    2.8424497326133427,
    2.0301089216114456,
    2.164548871623156
  ],
  "active_indices": [
    0,
    1,
    2,
    3,
    4,
    5,
    6,
    7,
    8,
    9,
    10,
    11,
    12,
    13,
    14,
    15,
    16,
    17,
    18,
    19
  ]
}
