{
  "theta_full": [
    1.5056652065934646,
    1.7542905969328197,
    1.9285209675150043,
    0.9081033065025761,
    2.4734870100070907,
    0.874843634768725,
    1.910581807797522,
    0.9183158182889031,
    0.9975507837370292,
    2.034641584116253,
    2.2596470369326314,
    0.4820223351956451,
    2.2650288291853045,
    0.2003634980279898,
    0.8860325112425053,
    1.1985803901565544,
    0.49272572524761205,
    2.6236922504865094,
    2.08725104261472,
    1.6615603976240991
  ],
  "theta_sub": [
    1.5056652065934646,
    1.7542905969328197,
    1.9285209675150043,
    0.9081033065025761,
    2.4734870100070907,
    0.874843634768725,
    1.910581807797522,
    0.9183158182889031,
    0.9975507837370292,
    2.034641584116253,
    2.2596470369326314,
    0.4820223351956451,
    2.2650288291853045,
    0.2003634980279898,
    0.8860325112425053,
    1.1985803901565544,
    0.49272572524761205,
    2.6236922504865094,
    2.08725104261472,
    1.6615603976240991
  ],
  "active_indices": [
    0,
    1,
    2,
    3,
    4,
    5,
    6,
    7,
    8,
    9,
    10,
    11,
    12,
    13,
    14,
    15,
    16,
    17,
    18,
    19
  ]
}
