{
  "valid_patients": [
    "A",
    "B",
    "C",
    "D",
    "E",
    "F",
    "G",
    "H",
    "K",
    "L"
  ],
  "n_steps_opt": 200,
  "lr": 0.01,
  "lambda_A": 0.01,
  "lambda_b": 0.01,
  "rmse_timeseries": 0.11162872616218779,
  "rmse_map_baseline": 0.11338764847145581,
  "b_hat": {
    "A": {
      "So": 246.01292681511813,
      "An": 12.025011865979863,
      "Vd": 17.00738294342577,
      "Fn": 32.296268988680616,
      "Pg": 214.35432032836832
    },
    "B": {
      "So": 24.127821129320623,
      "An": 10.474670165338095,
      "Vd": 11.416844702411252,
      "Fn": 32.68253510202252,
      "Pg": 205.33722873035325
    },
    "C": {
      "So": 287.26734925920147,
      "An": 16.706460149853484,
      "Vd": 14.972447979892035,
      "Fn": 38.6989101599367,
      "Pg": 221.65283616326695
    },
    "D": {
      "So": 18.791156002048464,
      "An": 10.683290643491949,
      "Vd": 11.765557009551658,
      "Fn": 33.179939094332845,
      "Pg": 206.10854770743748
    },
    "E": {
      "So": 15.308947123174963,
      "An": 11.424161829697757,
      "Vd": 12.487680994129297,
      "Fn": 33.53304925117428,
      "Pg": 206.65100037733475
    },
    "F": {
      "So": 332.5742270818753,
      "An": 283.5503044666501,
      "Vd": 339.0405561235072,
      "Fn": 38.901351661244355,
      "Pg": 222.68982600194
    },
    "G": {
      "So": 8.680733464963474,
      "An": 12.546145559553283,
      "Vd": 13.812735288703896,
      "Fn": 34.64450350943821,
      "Pg": 209.31185721704924
    },
    "H": {
      "So": 15.943635832650848,
      "An": 11.261711957922307,
      "Vd": 12.93655327677319,
      "Fn": 33.12190165482849,
      "Pg": 200.7397489765709
    },
    "K": {
      "So": 25.327476730380578,
      "An": 10.385754416438017,
      "Vd": 11.356560343176774,
      "Fn": 37.69823092670057,
      "Pg": 204.82616177938422
    },
    "L": {
      "So": 19.42158797033255,
      "An": 10.193103160537659,
      "Vd": 12.28351614342224,
      "Fn": 33.18968793749047,
      "Pg": 206.09876618090541
    }
  }
}