{
  "valid_patients": [
    "A",
    "B",
    "C",
    "D",
    "E",
    "F",
    "G",
    "H",
    "K",
    "L"
  ],
  "n_steps_opt": 200,
  "lr": 0.01,
  "lambda_A": 0.01,
  "lambda_b": 0.01,
  "rmse_timeseries": 0.1116287261617652,
  "rmse_map_baseline": 0.11338764847145576,
  "b_hat": {
    "A": {
      "So": 246.01292681511725,
      "An": 12.025011865979874,
      "Vd": 17.007382943425718,
      "Fn": 32.29626898868073,
      "Pg": 214.35432032836965
    },
    "B": {
      "So": 24.127821129320633,
      "An": 10.474670165338113,
      "Vd": 11.416844702411241,
      "Fn": 32.68253510202252,
      "Pg": 205.33722873035288
    },
    "C": {
      "So": 287.26734925940275,
      "An": 16.70646015073229,
      "Vd": 14.97244798004807,
      "Fn": 38.698910160277585,
      "Pg": 221.6528361596759
    },
    "D": {
      "So": 18.791156002048464,
      "An": 10.683290643491953,
      "Vd": 11.765557009551653,
      "Fn": 33.179939094332845,
      "Pg": 206.1085477074371
    },
    "E": {
      "So": 15.308947123174978,
      "An": 11.424161829697274,
      "Vd": 12.487680994128871,
      "Fn": 33.53304925117427,
      "Pg": 206.65100037733475
    },
    "F": {
      "So": 332.57422708197663,
      "An": 283.5503044667987,
      "Vd": 339.0405561235861,
      "Fn": 38.90135166124118,
      "Pg": 222.68982600240855
    },
    "G": {
      "So": 8.680733464963486,
      "An": 12.546145559553283,
      "Vd": 13.812735288703896,
      "Fn": 34.64450350943819,
      "Pg": 209.31185721704924
    },
    "H": {
      "So": 15.943635832650706,
      "An": 11.261711957922296,
      "Vd": 12.936553276773166,
      "Fn": 33.12190165482846,
      "Pg": 200.7397489765709
    },
    "K": {
      "So": 25.327476731763905,
      "An": 10.385754416465085,
      "Vd": 11.35656035296111,
      "Fn": 37.69823100541173,
      "Pg": 204.82616177761466
    },
    "L": {
      "So": 19.421587970329348,
      "An": 10.193103160537664,
      "Vd": 12.28351614342225,
      "Fn": 33.18968793749399,
      "Pg": 206.09876618090522
    }
  }
}