{
  "credibility": 0.95,
  "hdi_lower": [
    -0.9273783895225353,
    -0.5043850026858814,
    -0.6533158197287743,
    2.457892245939302,
    0.30036858881372464,
    -0.9870380044869385,
    0.0,
    -0.8175818570619314,
    0.2827911408277758,
    0.06248953685495273,
    -0.5509663962777462,
    -0.19860381230250568,
    0.0,
    0.0,
    -0.9455469064871597,
    0.0,
    0.0,
    0.0,
    0.0,
    -0.8083673273242388
  ],
  "hdi_upper": [
    0.8976318848346692,
    0.9649919034869847,
    0.9448202080237937,
    9.893813742305849,
    2.9627042843967395,
    0.4640618535035077,
    0.0,
    0.9082147518351189,
    2.9987875614924158,
    1.5523260426293373,
    0.9656979050202894,
    0.9976763502329362,
    0.0,
    0.0,
    0.9868992687689264,
    0.0,
    0.0,
    0.0,
    0.0,
    0.9808172204795538
  ],
  "et_lower": [
    -0.9273084666684582,
    -0.43258317994100703,
    -0.6460786239674845,
    2.4739897322819178,
    0.35154192480182156,
    -0.9822462596664012,
    0.0,
    -0.8059540372248729,
    0.3178999942253767,
    0.24293136384807362,
    -0.5296663469027079,
    -0.19294224864406445,
    0.0,
    0.0,
    -0.9120184217359277,
    0.0,
    0.0,
    0.0,
    0.0,
    -0.7982546674479964
  ],
  "et_upper": [
    0.8618925538312304,
    0.9144673579346273,
    0.9250392239606916,
    9.855012330642257,
    2.9590400693572936,
    0.46129613099718003,
    0.0,
    0.8993090829150429,
    2.989705759637395,
    1.538458295368929,
    0.9406399833153689,
    0.9738862756436666,
    0.0,
    0.0,
    0.9539114539409106,
    0.0,
    0.0,
    0.0,
    0.0,
    0.9791477945379289
  ],
  "median": [
    -0.35254693369198753,
    0.46805178457377916,
    0.18538384481276904,
    6.7699896846857985,
    1.70470798361203,
    -0.28452409201117507,
    0.0,
    0.01753799299873915,
    1.7885107084017409,
    0.971533648030295,
    0.41014944472763204,
    0.6022224481476792,
    0.0,
    0.0,
    0.28948203996376376,
    0.0,
    0.0,
    0.0,
    0.0,
    0.6250999488122839
  ],
  "param_names": [
    "a11",
    "a12",
    "a22",
    "b1",
    "b2",
    "a33",
    "a44",
    "b3",
    "b4",
    "a13",
    "a14",
    "a55",
    "a45"
  ]
}
