{
  "MAP": {
    "n_obs": 6,
    "n_species": 5,
    "rmse_per_species": [
      0.16740943709211195,
      0.027351675771922376,
      0.06513427437491315,
      0.08006740439006872,
      0.013368250761368838
    ],
    "mae_per_species": [
      0.13062015627694093,
      0.02369895712913848,
      0.05478797363486898,
      0.0691661355761089,
      0.013040184115101619
    ],
    "rmse_total": 0.08900113130467303,
    "mae_total": 0.058262681346431776,
    "max_abs": 0.3540914560315797,
    "estimate_type": "MAP"
  },
  "Mean": {
    "n_obs": 6,
    "n_species": 5,
    "rmse_per_species": [
      0.16800087821000617,
      0.02790900506433419,
      0.047982741140437005,
      0.07086227485744825,
      0.052844158039039295
    ],
    "mae_per_species": [
      0.132976410816542,
      0.02406081506141139,
      0.04109236381219334,
      0.06354757043187231,
      0.048127023616202524
    ],
    "rmse_total": 0.08845283277226573,
    "mae_total": 0.061960836747644306,
    "max_abs": 0.35365099396775546,
    "estimate_type": "Mean"
  },
  "species_names": [
    "S. oralis",
    "A. naeslundii",
    "V. dispar",
    "F. nucleatum",
    "P. gingivalis"
  ]
}
