{
  "elapsed_time": 7138.486224651337,
  "converged": [
    true
  ],
  "MAP": [
    0.17743031093342165,
    0.3646456610250328,
    0.16584434052556274,
    6.584108830335443,
    0.7939748197089793,
    -0.40227892984612534,
    0.0,
    0.65037082985375,
    0.7062527898249038,
    1.1252645965934969,
    0.04257534449635614,
    0.37484265909531933,
    0.0,
    0.0,
    0.2121114081095432,
    0.0,
    0.0,
    0.0,
    0.0,
    -0.20766092965572336
  ],
  "mean": [
    -0.1866995391388639,
    0.42151320586781077,
    0.15765899335202452,
    6.872587220831122,
    1.6618989305366478,
    -0.2666383851371743,
    0.0,
    0.0682291889482601,
    1.7359379496952732,
    0.9020414370527842,
    0.33037699068685905,
    0.5165190046690838,
    0.0,
    0.0,
    0.18067841448257047,
    0.0,
    0.0,
    0.0,
    0.0,
    0.4579243523666778
  ]
}
