{
  "theta_sub": [
    0.17743031093342165,
    0.3646456610250328,
    0.16584434052556274,
    6.584108830335443,
    0.7939748197089793,
    -0.40227892984612534,
    0.65037082985375,
    0.7062527898249038,
    1.1252645965934969,
    0.04257534449635614,
    0.37484265909531933,
    0.2121114081095432,
    -0.20766092965572336
  ],
  "theta_full": [
    0.17743031093342165,
    0.3646456610250328,
    0.16584434052556274,
    6.584108830335443,
    0.7939748197089793,
    -0.40227892984612534,
    0.0,
    0.65037082985375,
    0.7062527898249038,
    1.1252645965934969,
    0.04257534449635614,
    0.37484265909531933,
    0.0,
    0.0,
    0.2121114081095432,
    0.0,
    0.0,
    0.0,
    0.0,
    -0.20766092965572336
  ],
  "active_indices": [
    0,
    1,
    2,
    3,
    4,
    5,
    7,
    8,
    9,
    10,
    11,
    14,
    19
  ]
}
