{
  "theta_sub": [
    -0.1866995391388639,
    0.42151320586781077,
    0.15765899335202452,
    6.872587220831122,
    1.6618989305366478,
    -0.2666383851371743,
    0.0682291889482601,
    1.7359379496952732,
    0.9020414370527842,
    0.33037699068685905,
    0.5165190046690838,
    0.18067841448257047,
    0.4579243523666778
  ],
  "theta_full": [
    -0.1866995391388639,
    0.42151320586781077,
    0.15765899335202452,
    6.872587220831122,
    1.6618989305366478,
    -0.2666383851371743,
    0.0,
    0.0682291889482601,
    1.7359379496952732,
    0.9020414370527842,
    0.33037699068685905,
    0.5165190046690838,
    0.0,
    0.0,
    0.18067841448257047,
    0.0,
    0.0,
    0.0,
    0.0,
    0.4579243523666778
  ],
  "active_indices": [
    0,
    1,
    2,
    3,
    4,
    5,
    7,
    8,
    9,
    10,
    11,
    14,
    19
  ]
}
