{
  "credibility": 0.95,
  "hdi_lower": [
    0.07646314176862745,
    -0.47338371612636365,
    0.035354725647494534,
    0.32325415824659554,
    0.003218651197208988,
    0.33763094592589593,
    -0.33915098783958,
    0.07697216458890921,
    0.0012049520243717637,
    0.4708148765612762,
    -2.659965366763968,
    -0.4936036247251443,
    0.3651376784057012,
    -0.2660738386687296,
    0.0070601911200256495,
    0.00045219304694332774,
    -0.49548595778332505,
    -0.48562267416417093,
    0.2487794065215333,
    0.001961322414297584
  ],
  "hdi_upper": [
    4.782133347403717,
    2.8437615749182026,
    4.768068019469203,
    2.988182808825136,
    2.8409370585146405,
    4.992469032810287,
    2.967285822274366,
    4.825001443659742,
    4.585688148212791,
    2.9994490409514327,
    2.9719049314459642,
    2.8035357450096963,
    4.993245497568962,
    2.9956051074697343,
    4.640771446368788,
    0.46903576065085295,
    2.7592992415893707,
    2.7938316927300533,
    4.961246801554449,
    4.631057389268527
  ],
  "et_lower": [
    0.11164696297379774,
    -0.4157799933886464,
    0.12448956633336165,
    0.1838560638132292,
    0.05323462897808223,
    0.1756168591546542,
    -0.4372657236163873,
    0.12143723217425054,
    0.1469018054323699,
    0.2427186604787364,
    -2.810606188998374,
    -0.4171156715870113,
    0.17987125971422313,
    -0.37151734168761036,
    0.09957102412619197,
    0.004678220688030659,
    -0.4317515703910593,
    -0.41430749656803617,
    0.13665076441541796,
    0.08302455283926459
  ],
  "et_upper": [
    4.840596602072624,
    2.9169001430681356,
    4.871373060426336,
    2.924315301577609,
    2.9183473959001582,
    4.894085328898048,
    2.908853420139182,
    4.883252306061202,
    4.794003718539007,
    2.96173985683216,
    2.8372248694849795,
    2.895112655554347,
    4.890948050858678,
    2.9200327184645,
    4.841216423513792,
    0.48404612356159193,
    2.8859355411961847,
    2.89502886125478,
    4.896598921781386,
    4.823245424750539
  ],
  "median": [
    2.3586805643846005,
    1.2126284291698768,
    2.4878886658100026,
    1.7012849138885806,
    1.2859625330330944,
    2.8855830979260597,
    1.4224924714455862,
    2.4339285353835955,
    1.5722689744338125,
    1.9834144181144742,
    0.26065455223943723,
    1.045911411649505,
    2.99870922973875,
    1.3863042376986114,
    1.969764103275644,
    0.19152701411080522,
    0.9477657517624415,
    1.1389198016600481,
    2.801330846273559,
    1.9865000036403635
  ],
  "param_names": [
    "a11",
    "a12",
    "a22",
    "b1",
    "b2",
    "a33",
    "a34",
    "a44",
    "b3",
    "b4",
    "a13",
    "a14",
    "a23",
    "a24",
    "a55",
    "b5",
    "a15",
    "a25",
    "a35",
    "a45"
  ]
}