{
  "MAP": {
    "n_obs": 6,
    "n_species": 5,
    "rmse_per_species": [
      0.03174399472719919,
      0.3239486369429379,
      0.19471320077388649,
      0.08498709550676888,
      0.06762682554105734
    ],
    "mae_per_species": [
      0.024427221309234606,
      0.2777474592527034,
      0.15511515331863898,
      0.06763524078212156,
      0.05579953753531741
    ],
    "rmse_total": 0.17644252609247973,
    "mae_total": 0.11614492243960318,
    "max_abs": 0.5162855467989597,
    "estimate_type": "MAP"
  },
  "Mean": {
    "n_obs": 6,
    "n_species": 5,
    "rmse_per_species": [
      0.03106881896325906,
      0.08791524644125778,
      0.3708622608727014,
      0.09857159154536348,
      0.12184038767811595
    ],
    "mae_per_species": [
      0.024386793637848594,
      0.07075081632537257,
      0.3402229292369008,
      0.08690336550202271,
      0.09871274577126438
    ],
    "rmse_total": 0.1848213284973085,
    "mae_total": 0.12419533009468184,
    "max_abs": 0.5512295911412912,
    "estimate_type": "Mean"
  },
  "species_names": [
    "S. oralis",
    "A. naeslundii",
    "V. dispar",
    "F. nucleatum",
    "P. gingivalis"
  ]
}