{
  "elapsed_time": 38.05768346786499,
  "converged": [
    true,
    true
  ],
  "MAP": [
    0.772580087766281,
    -0.2019094759164658,
    3.7830719849669627,
    2.8691171400138273,
    0.6053630296414365,
    2.823434478028693,
    2.0959085573410814,
    1.223245199974972,
    1.0710551771656447,
    2.605338791844628,
    1.8439244386187834,
    1.2435098755162572,
    3.4519580391222164,
    1.7267480348016795,
    0.5006892356485985,
    0.023038481439645053,
    2.532350505344517,
    0.8127207605272169,
    3.9491795318346563,
    1.5420890659700837
  ],
  "mean": [
    2.4112091620537166,
    1.238780270480919,
    2.4685940930619896,
    1.666112081179863,
    1.3599591437429461,
    2.7652160801467973,
    1.3511875785111465,
    2.487015242022463,
    1.9640882109110755,
    1.8947109386361503,
    0.1400355276453153,
    1.1241801684749337,
    2.824026790606181,
    1.3274168654178666,
    2.1596779580885728,
    0.21190984112584071,
    1.0539572515531785,
    1.1709832006800414,
    2.655993390535667,
    2.1404113956681003
  ]
}