{
  "theta_sub": [
    0.772580087766281,
    -0.2019094759164658,
    3.7830719849669627,
    2.8691171400138273,
    0.6053630296414365,
    2.823434478028693,
    2.0959085573410814,
    1.223245199974972,
    1.0710551771656447,
    2.605338791844628,
    1.8439244386187834,
    1.2435098755162572,
    3.4519580391222164,
    1.7267480348016795,
    0.5006892356485985,
    0.023038481439645053,
    2.532350505344517,
    0.8127207605272169,
    3.9491795318346563,
    1.5420890659700837
  ],
  "theta_full": [
    0.772580087766281,
    -0.2019094759164658,
    3.7830719849669627,
    2.8691171400138273,
    0.6053630296414365,
    2.823434478028693,
    2.0959085573410814,
    1.223245199974972,
    1.0710551771656447,
    2.605338791844628,
    1.8439244386187834,
    1.2435098755162572,
    3.4519580391222164,
    1.7267480348016795,
    0.5006892356485985,
    0.023038481439645053,
    2.532350505344517,
    0.8127207605272169,
    3.9491795318346563,
    1.5420890659700837
  ],
  "active_indices": [
    0,
    1,
    2,
    3,
    4,
    5,
    6,
    7,
    8,
    9,
    10,
    11,
    12,
    13,
    14,
    15,
    16,
    17,
    18,
    19
  ]
}