{
  "theta_sub": [
    2.4112091620537166,
    1.238780270480919,
    2.4685940930619896,
    1.666112081179863,
    1.3599591437429461,
    2.7652160801467973,
    1.3511875785111465,
    2.487015242022463,
    1.9640882109110755,
    1.8947109386361503,
    0.1400355276453153,
    1.1241801684749337,
    2.824026790606181,
    1.3274168654178666,
    2.1596779580885728,
    0.21190984112584071,
    1.0539572515531785,
    1.1709832006800414,
    2.655993390535667,
    2.1404113956681003
  ],
  "theta_full": [
    2.4112091620537166,
    1.238780270480919,
    2.4685940930619896,
    1.666112081179863,
    1.3599591437429461,
    2.7652160801467973,
    1.3511875785111465,
    2.487015242022463,
    1.9640882109110755,
    1.8947109386361503,
    0.1400355276453153,
    1.1241801684749337,
    2.824026790606181,
    1.3274168654178666,
    2.1596779580885728,
    0.21190984112584071,
    1.0539572515531785,
    1.1709832006800414,
    2.655993390535667,
    2.1404113956681003
  ],
  "active_indices": [
    0,
    1,
    2,
    3,
    4,
    5,
    6,
    7,
    8,
    9,
    10,
    11,
    12,
    13,
    14,
    15,
    16,
    17,
    18,
    19
  ]
}